index,dataset,folder,scenario_idx,track_id,ego_id,timerange,priority_label,priority_value,n_valid_timesteps,n_invalid_timesteps,IO
1,waymo_train,waymo_0-299,32111,1272;ego,ego,"range(0, 33)",equal,0.5,20,0,0.9849126807230851
2,waymo_train,waymo_0-299,3671,794;ego,ego,"range(18, 58)",794,1.0,22,0,0.5278286105098448
3,waymo_train,waymo_0-299,46973,203;ego,ego,"range(8, 56)",203,1.0,30,0,0.8301469788263423
4,waymo_train,waymo_0-299,51490,2018;ego,ego,"range(25, 77)",ego,0.0,38,0,0.6201507672788974
5,waymo_train,waymo_0-299,5567,2184;ego,ego,"range(15, 81)",ego,0.0,40,0,0.6743510830787246
6,waymo_train,waymo_0-299,79408,1998;ego,ego,"range(16, 55)",ego,0.0,34,0,0.5586665396211333
7,waymo_train,waymo_0-299,95569,2248;ego,ego,"range(27, 79)",equal,0.5,40,0,0.9084185107456589
8,waymo_train,waymo_0-299,102587,924;ego,ego,"range(13, 74)",924,1.0,31,0,0.7681876610474331
9,waymo_train,waymo_0-299,123876,2865;ego,ego,"range(28, 67)",ego,0.0,17,0,0.3344817094305736
10,waymo_train,waymo_0-299,134006,2657;ego,ego,"range(26, 90)",ego,0.0,39,0,0.6399248431863734
11,waymo_train,waymo_0-299,14720,899;ego,ego,"range(6, 63)",899,1.0,41,0,0.7483837125806837
12,waymo_train,waymo_0-299,15227,1844;ego,ego,"range(9, 75)",ego,0.0,37,0,0.6649513281457273
13,waymo_train,waymo_0-299,16714,526;ego,ego,"range(4, 71)",equal,0.5,40,0,0.9286921410029174
14,waymo_train,waymo_0-299,19079,165;ego,ego,"range(22, 70)",ego,0.0,31,0,0.8293521503210229
15,waymo_train,waymo_0-299,20296,950;ego,ego,"range(0, 29)",ego,0.0,24,0,0.5262793341145537
16,waymo_train,waymo_0-299,20708,5;ego,ego,"range(0, 53)",equal,0.5,32,0,0.887074344071548
17,waymo_train,waymo_0-299,20895,1936;ego,ego,"range(2, 55)",ego,0.0,38,0,0.6891177825993033
18,waymo_train,waymo_0-299,24389,1952;ego,ego,"range(16, 62)",ego,0.0,32,0,0.5157025848191441
19,waymo_train,waymo_0-299,25708,1887;ego,ego,"range(23, 75)",ego,0.0,38,0,0.5491956348272133
20,waymo_train,waymo_0-299,27447,68;ego,ego,"range(0, 30)",68,1.0,3,0,0.625787347462492
21,waymo_train,waymo_0-299,27765,2421;ego,ego,"range(13, 59)",ego,0.0,34,0,0.5027190270356848
22,waymo_train,waymo_0-299,29833,798;ego,ego,"range(0, 52)",ego,0.0,32,0,0.5354368710411109
23,waymo_train,waymo_0-299,30020,1117;ego,ego,"range(19, 64)",ego,0.0,31,0,0.8324284719493156
24,waymo_train,waymo_0-299,90380,861;ego,ego,"range(0, 36)",861,1.0,22,0,0.785502769900377
25,waymo_train,waymo_0-299,91392,1093;ego,ego,"range(21, 65)",1093,1.0,30,0,0.8128596170846122
26,waymo_train,waymo_0-299,91425,1483;ego,ego,"range(0, 46)",ego,0.0,38,0,0.5218493080661927
27,waymo_train,waymo_0-299,91832,4313;ego,ego,"range(3, 43)",4313,1.0,21,0,0.5232111770255243
28,waymo_train,waymo_0-299,91933,518;ego,ego,"range(36, 81)",ego,0.0,34,0,0.5603763383920997
29,waymo_train,waymo_0-299,31651,1806;ego,ego,"range(2, 59)",ego,0.0,34,0,0.5342674516828447
30,waymo_train,waymo_0-299,93102,701;ego,ego,"range(0, 45)",701,1.0,34,0,0.7304496974382494
31,waymo_train,waymo_0-299,94336,957;ego,ego,"range(0, 38)",ego,0.0,33,0,0.47538410260478625
32,waymo_train,waymo_0-299,35451,389;391;ego,ego,"range(25, 65)",389,1.0,23,0,0.9736428300633103
33,waymo_train,waymo_0-299,96603,1803;ego,ego,"range(0, 39)",1803,1.0,23,0,0.7915828973953731
34,waymo_train,waymo_0-299,97207,2371;ego,ego,"range(24, 86)",ego,0.0,39,0,0.5347570920110916
35,waymo_train,waymo_0-299,37022,20;ego,ego,"range(16, 78)",equal,0.5,41,0,0.9193597912346467
36,waymo_train,waymo_0-299,99483,1094;ego,ego,"range(29, 76)",equal,0.5,27,0,0.8754155725557388
37,waymo_train,waymo_0-299,39058,182;ego,ego,"range(4, 54)",ego,0.0,36,0,0.6012317590936669
38,waymo_train,waymo_0-299,100679,727;ego,ego,"range(14, 84)",ego,0.0,41,0,0.7324875109332276
39,waymo_train,waymo_0-299,100967,728;741;ego,ego,"range(11, 58)",741,1.0,36,0,0.6957367830830079
40,waymo_train,waymo_0-299,100967,728;ego,ego,"range(4, 63)",ego,0.0,43,0,0.6745643049562009
41,waymo_train,waymo_0-299,40040,3006;ego,ego,"range(21, 83)",3006,1.0,34,0,0.8453410299495518
42,waymo_train,waymo_0-299,102468,1818;ego,ego,"range(0, 38)",ego,0.0,30,0,0.5407553225020677
43,waymo_train,waymo_0-299,41580,2428;ego,ego,"range(0, 43)",ego,0.0,32,0,0.3263520624885833
44,waymo_train,waymo_0-299,105812,566;ego,ego,"range(0, 56)",566,1.0,41,0,0.7233237263476833
45,waymo_train,waymo_0-299,45858,2509;2512;ego,ego,"range(17, 60)",2512,1.0,31,0,0.5670656756718011
46,waymo_train,waymo_0-299,10815,1556;ego,ego,"range(0, 50)",ego,0.0,43,0,0.771442484032163
47,waymo_train,waymo_0-299,108745,118;ego,ego,"range(5, 56)",ego,0.0,36,0,0.5606225589245646
48,waymo_train,waymo_0-299,109961,344;ego,ego,"range(11, 54)",ego,0.0,35,0,0.443403453955487
49,waymo_train,waymo_0-299,49119,324;ego,ego,"range(0, 31)",ego,0.0,17,0,0.24728598649392244
50,waymo_train,waymo_0-299,112924,97;ego,ego,"range(0, 31)",ego,0.0,26,0,0.40584299732729023
51,waymo_train,waymo_0-299,114054,1150;ego,ego,"range(8, 60)",ego,0.0,39,0,0.6182888305726301
52,waymo_train,waymo_0-299,52182,1332;ego,ego,"range(21, 64)",1332,1.0,27,0,0.7285138088026435
53,waymo_train,waymo_0-299,115062,2930;2933;ego,ego,"range(23, 73)",2933,1.0,36,0,0.6254979900175237
54,waymo_train,waymo_0-299,52926,1;ego,ego,"range(3, 72)",ego,0.0,45,0,0.7840742732863414
55,waymo_train,waymo_0-299,115640,545;ego,ego,"range(0, 32)",ego,0.0,18,0,0.26163605300269
56,waymo_train,waymo_0-299,116105,2352;ego,ego,"range(23, 82)",ego,0.0,40,0,0.6806310828433766
57,waymo_train,waymo_0-299,53713,1870;ego,ego,"range(5, 45)",equal,0.5,20,0,0.9793501831931201
58,waymo_train,waymo_0-299,116679,760;ego,ego,"range(12, 65)",ego,0.0,37,0,0.5405483609645859
59,waymo_train,waymo_0-299,118224,294;295;ego,ego,"range(25, 66)",295,1.0,10,0,0.6101223267001988
60,waymo_train,waymo_0-299,118961,1860;ego,ego,"range(16, 71)",equal,0.5,44,0,0.9277795800009317
61,waymo_train,waymo_0-299,119354,1624;1669;ego,ego,"range(21, 73)",1669,1.0,31,0,0.7197899275032075
62,waymo_train,waymo_0-299,57654,996;ego,ego,"range(27, 67)",ego,0.0,22,0,0.36902049812479254
63,waymo_train,waymo_0-299,58006,627;ego,ego,"range(27, 76)",627,1.0,24,0,0.6424102777803643
64,waymo_train,waymo_0-299,123816,1865;ego,ego,"range(19, 67)",1865,1.0,31,0,0.7516413459560412
65,waymo_train,waymo_0-299,60754,364;ego,ego,"range(0, 40)",equal,0.5,26,0,0.9161607140224327
66,waymo_train,waymo_0-299,124480,822;ego,ego,"range(4, 43)",ego,0.0,32,0,0.5147887816687049
67,waymo_train,waymo_0-299,126269,73;ego,ego,"range(6, 58)",ego,0.0,35,0,0.8594536463542388
68,waymo_train,waymo_0-299,62972,514;ego,ego,"range(0, 48)",514,1.0,42,0,0.7633328021252227
69,waymo_train,waymo_0-299,63545,1558;ego,ego,"range(28, 90)",ego,0.0,39,0,0.6519802361141552
70,waymo_train,waymo_0-299,128041,1991;ego,ego,"range(0, 54)",ego,0.0,37,0,0.5742621845574238
71,waymo_train,waymo_0-299,128046,510;ego,ego,"range(24, 63)",ego,0.0,17,0,0.8848854071931846
72,waymo_train,waymo_0-299,128061,1511;ego,ego,"range(11, 57)",ego,0.0,35,0,0.8414366255059781
73,waymo_train,waymo_0-299,128172,0;2;ego,ego,"range(0, 34)",2,1.0,29,0,0.6614491485999296
74,waymo_train,waymo_0-299,128987,851;ego,ego,"range(25, 81)",ego,0.0,37,0,0.5875775141732049
75,waymo_train,waymo_0-299,129657,1167;ego,ego,"range(31, 71)",ego,0.0,22,0,0.8142042407988769
76,waymo_train,waymo_0-299,130102,0;ego,ego,"range(0, 30)",equal,0.5,25,0,0.9090341237927576
77,waymo_train,waymo_0-299,130664,944;ego,ego,"range(3, 70)",ego,0.0,39,0,0.6170791475551778
78,waymo_train,waymo_0-299,132604,147;ego,ego,"range(21, 65)",147,1.0,29,0,0.7206758693422646
79,waymo_train,waymo_0-299,69563,1619;ego,ego,"range(0, 41)",ego,0.0,34,0,0.5771798149749352
80,waymo_train,waymo_0-299,134586,19;ego,ego,"range(28, 90)",ego,0.0,42,0,0.6999876799651612
81,waymo_train,waymo_0-299,70862,1201;ego,ego,"range(3, 43)",1201,1.0,26,0,0.6404487005479726
82,waymo_train,waymo_0-299,136334,874;ego,ego,"range(20, 80)",ego,0.0,45,0,0.5056541383718482
83,waymo_train,waymo_0-299,136545,22;ego,ego,"range(0, 54)",ego,0.0,40,0,0.7779620219879316
84,waymo_train,waymo_0-299,137674,121;ego,ego,"range(0, 43)",ego,0.0,33,0,0.45645647812015877
85,waymo_train,waymo_0-299,138672,448;ego,ego,"range(0, 52)",equal,0.5,43,0,0.9372850024569722
86,waymo_train,waymo_0-299,75730,1522;ego,ego,"range(13, 64)",ego,0.0,35,0,0.5338477192844623
87,waymo_train,waymo_0-299,7635,630;ego,ego,"range(26, 75)",630,1.0,29,0,0.668413059044832
88,waymo_train,waymo_0-299,141163,1055;ego,ego,"range(0, 51)",ego,0.0,46,0,0.6981788168533036
89,waymo_train,waymo_0-299,141367,1629;ego,ego,"range(4, 44)",1629,1.0,9,0,0.7000219303345405
90,waymo_train,waymo_0-299,77340,3023;ego,ego,"range(20, 78)",ego,0.0,36,0,0.5764255327759513
91,waymo_train,waymo_0-299,142692,10;ego,ego,"range(28, 76)",equal,0.5,41,0,0.9185228345570711
92,waymo_train,waymo_0-299,142643,834;ego,ego,"range(0, 32)",ego,0.0,18,0,0.49617946726325735
93,waymo_train,waymo_0-299,78420,1445;1449;ego,ego,"range(25, 78)",1449,1.0,37,0,0.695294788148033
94,waymo_train,waymo_0-299,144899,2082;ego,ego,"range(0, 35)",equal,0.5,28,0,0.8956735903590768
95,waymo_train,waymo_0-299,80298,1173;ego,ego,"range(29, 85)",ego,0.0,40,0,0.6027427703560893
96,waymo_train,waymo_0-299,82104,2678;2685;ego,ego,"range(27, 69)",2685,1.0,31,0,0.5939674526831147
97,waymo_train,waymo_0-299,82350,811;ego,ego,"range(0, 48)",811,1.0,36,0,0.7311607870853714
98,waymo_train,waymo_0-299,8355,2653;ego,ego,"range(0, 51)",ego,0.0,39,0,0.6508627184793131
99,waymo_train,waymo_0-299,8356,1911;1912;ego,ego,"range(25, 76)",1911,1.0,30,0,0.681847450906218
100,waymo_train,waymo_0-299,83990,1936;ego,ego,"range(24, 74)",ego,0.0,42,0,0.6994584508692618
101,waymo_train,waymo_0-299,84631,1071;ego,ego,"range(30, 73)",ego,0.0,36,0,0.8543679915258857
102,waymo_train,waymo_0-299,85224,44;ego,ego,"range(0, 32)",ego,0.0,19,0,0.7932463676880781
103,waymo_train,waymo_0-299,88794,7;ego,ego,"range(8, 52)",ego,0.0,31,0,0.37832779736272604
104,waymo_train,waymo_300-499,7312,924;ego,ego,"range(0, 34)",924,1.0,12,0,0.8643094797032393
105,waymo_train,waymo_300-499,1013,3457;ego,ego,"range(25, 73)",ego,0.0,35,0,0.5905217981357268
106,waymo_train,waymo_300-499,3052,572;ego,ego,"range(13, 75)",ego,0.0,45,0,0.763269184755205
107,waymo_train,waymo_300-499,3545,95;ego,ego,"range(40, 79)",ego,0.0,0,0,1.0
108,waymo_train,waymo_300-499,1698,3222;ego,ego,"range(18, 83)",ego,0.0,41,0,0.7160771291530867
109,waymo_train,waymo_300-499,4263,2;ego,ego,"range(15, 66)",ego,0.0,36,0,0.6261122606388306
110,waymo_train,waymo_300-499,6567,862;ego,ego,"range(0, 29)",ego,0.0,19,0,0.10392323843598404
111,waymo_train,waymo_300-499,7147,13;ego,ego,"range(12, 56)",13,1.0,25,0,0.8307180751583921
112,waymo_train,waymo_300-499,8791,458;ego,ego,"range(0, 43)",ego,0.0,34,0,0.418499547498537
113,waymo_train,waymo_300-499,10837,403;ego,ego,"range(0, 54)",ego,0.0,41,0,0.6782906792362666
114,waymo_train,waymo_300-499,11043,2566;ego,ego,"range(4, 55)",ego,0.0,37,0,0.7547620869281784
115,waymo_train,waymo_300-499,12568,630;ego,ego,"range(16, 65)",630,1.0,29,0,0.668413059044832
116,waymo_train,waymo_300-499,13381,3104;ego,ego,"range(30, 86)",equal,0.5,39,0,0.9199333252118697
117,waymo_train,waymo_300-499,14368,99;ego,ego,"range(16, 55)",ego,0.0,24,0,0.7826572219646476
118,waymo_train,waymo_300-499,15819,1233;ego,ego,"range(0, 38)",ego,0.0,0,0,1.0
119,waymo_train,waymo_300-499,17699,1355;ego,ego,"range(27, 80)",equal,0.5,41,0,0.9148973338486066
120,waymo_train,waymo_300-499,18460,1667;ego,ego,"range(5, 45)",1667,1.0,21,0,0.579123405567655
121,waymo_train,waymo_300-499,24084,1929;1937;ego,ego,"range(33, 82)",1937,1.0,43,0,0.6707942955990264
122,waymo_train,waymo_300-499,28017,1582;ego,ego,"range(0, 42)",ego,0.0,36,0,0.6282088154542476
123,waymo_train,waymo_300-499,29531,38;ego,ego,"range(27, 76)",ego,0.0,39,0,0.6696197575911912
124,waymo_train,waymo_300-499,30263,449;ego,ego,"range(0, 34)",ego,0.0,21,0,0.2506244601621672
125,waymo_train,waymo_300-499,31872,2421;ego,ego,"range(21, 70)",ego,0.0,37,0,0.5046683367372065
126,waymo_train,waymo_300-499,33029,2509;ego,ego,"range(0, 31)",equal,0.5,16,0,0.850908815203247
127,waymo_train,waymo_300-499,33167,440;ego,ego,"range(0, 39)",ego,0.0,34,0,0.5777890411123284
128,waymo_train,waymo_300-499,33208,22;ego,ego,"range(0, 34)",ego,0.0,20,0,0.8206215988136121
129,waymo_train,waymo_300-499,33632,493;ego,ego,"range(20, 75)",equal,0.5,34,0,0.8975963845082378
130,waymo_train,waymo_300-499,33825,2034;ego,ego,"range(7, 52)",ego,0.0,37,0,0.4941775745132628
131,waymo_train,waymo_300-499,36430,55;ego,ego,"range(0, 33)",ego,0.0,17,0,0.8126928544875415
132,waymo_train,waymo_300-499,36726,1673;ego,ego,"range(15, 81)",ego,0.0,40,0,0.6446547976571078
133,waymo_train,waymo_300-499,37568,819;ego,ego,"range(28, 76)",equal,0.5,37,0,0.951085145179388
134,waymo_train,waymo_300-499,39123,2072;ego,ego,"range(0, 36)",ego,0.0,31,0,0.4321371371754516
135,waymo_train,waymo_300-499,39488,816;ego,ego,"range(14, 56)",ego,0.0,37,0,0.4342503011804274
136,waymo_train,waymo_300-499,40777,776;ego,ego,"range(12, 52)",equal,0.5,21,0,0.8399439317009144
137,waymo_train,waymo_300-499,42498,874;ego,ego,"range(0, 50)",ego,0.0,45,0,0.5056541383718482
138,waymo_train,waymo_300-499,45365,2520;ego,ego,"range(0, 59)",ego,0.0,38,0,0.6582788083097508
139,waymo_train,waymo_300-499,47578,2564;ego,ego,"range(7, 56)",ego,0.0,44,0,0.6221055066055923
140,waymo_train,waymo_300-499,49968,2678;2685;ego,ego,"range(0, 39)",2685,1.0,31,0,0.5939674526831147
141,waymo_train,waymo_300-499,51732,1565;ego,ego,"range(20, 85)",ego,0.0,51,0,0.5674945907306038
142,waymo_train,waymo_300-499,52376,2;ego,ego,"range(16, 60)",equal,0.5,32,0,0.9441117605431191
143,waymo_train,waymo_300-499,52525,73;ego,ego,"range(0, 48)",ego,0.0,31,0,0.8587628005153142
144,waymo_train,waymo_300-499,52760,1344;1347;ego,ego,"range(25, 70)",equal,0.5,36,0,0.958910007679976
145,waymo_train,waymo_300-499,53170,1672;ego,ego,"range(31, 74)",1672,1.0,23,0,0.7411113717932105
146,waymo_train,waymo_300-499,53427,1658;ego,ego,"range(26, 67)",ego,0.0,12,0,0.7783225164999031
147,waymo_train,waymo_300-499,53674,426;ego,ego,"range(0, 34)",ego,0.0,22,0,0.3520868594254359
148,waymo_train,waymo_300-499,55806,989;ego,ego,"range(10, 74)",ego,0.0,38,0,0.6506297716388754
149,waymo_train,waymo_300-499,59323,1856;ego,ego,"range(0, 52)",ego,0.0,44,0,0.6780769768938675
150,waymo_train,waymo_300-499,59768,2678;ego,ego,"range(0, 41)",ego,0.0,36,0,0.4818536849507244
151,waymo_train,waymo_300-499,60782,484;ego,ego,"range(0, 43)",ego,0.0,38,0,0.5329914060529795
152,waymo_train,waymo_300-499,60921,1;ego,ego,"range(0, 57)",ego,0.0,39,0,0.547378672345006
153,waymo_train,waymo_300-499,61572,807;ego,ego,"range(10, 50)",ego,0.0,31,0,0.8536903228711598
154,waymo_train,waymo_300-499,63117,2357;ego,ego,"range(35, 85)",ego,0.0,32,0,0.5421909878459367
155,waymo_train,waymo_300-499,65037,276;ego,ego,"range(12, 58)",ego,0.0,34,0,0.5957406915111286
156,waymo_train,waymo_300-499,65447,17;ego,ego,"range(0, 41)",17,1.0,10,0,0.6314732356173295
157,waymo_train,waymo_300-499,66183,207;ego,ego,"range(15, 72)",207,1.0,36,0,0.7396824113732259
158,waymo_train,waymo_300-499,69948,2078;ego,ego,"range(21, 82)",ego,0.0,40,0,0.6784123530661909
159,waymo_train,waymo_300-499,71193,0;ego,ego,"range(3, 43)",ego,0.0,26,0,0.2586109658290194
160,waymo_train,waymo_300-499,72906,1300;ego,ego,"range(18, 62)",equal,0.5,0,0,1.0
161,waymo_train,waymo_300-499,74076,229;ego,ego,"range(30, 90)",229,1.0,44,0,0.6711648597369891
162,waymo_train,waymo_300-499,74479,430;ego,ego,"range(25, 88)",ego,0.0,32,0,0.5359990034243207
163,waymo_train,waymo_300-499,74600,2;ego,ego,"range(0, 40)",ego,0.0,25,0,0.4808446760319823
164,waymo_train,waymo_300-499,74720,1352;ego,ego,"range(0, 35)",ego,0.0,23,0,0.5060273986687321
165,waymo_train,waymo_300-499,75059,136;ego,ego,"range(0, 46)",ego,0.0,41,0,0.5894608331869927
166,waymo_train,waymo_300-499,75126,485;ego,ego,"range(15, 54)",equal,0.5,13,0,0.9241208638338235
167,waymo_train,waymo_300-499,83000,926;ego,ego,"range(0, 42)",ego,0.0,30,0,0.6286613801225737
168,waymo_train,waymo_300-499,84355,399;ego,ego,"range(11, 57)",ego,0.0,31,0,0.7748878810902726
169,waymo_train,waymo_300-499,86995,1089;1092;ego,ego,"range(0, 37)",1092,1.0,19,0,0.9025938969691698
170,waymo_train,waymo_300-499,86995,1089;1092;ego,ego,"range(0, 37)",1092,1.0,19,0,0.9025938969691698
171,waymo_train,waymo_300-499,87504,3244;ego,ego,"range(26, 82)",ego,0.0,38,0,0.6042908585594653
172,waymo_train,waymo_300-499,88500,1856;ego,ego,"range(0, 32)",ego,0.0,24,0,0.4968451870623863
173,waymo_train,waymo_300-499,91011,2448;ego,ego,"range(0, 37)",ego,0.0,17,0,0.47213299361087213
174,waymo_train,waymo_300-499,91653,796;ego,ego,"range(24, 82)",ego,0.0,36,0,0.5231814716324616
175,waymo_train,waymo_300-499,92088,2308;ego,ego,"range(11, 73)",ego,0.0,38,0,0.6421928134666717
176,waymo_train,waymo_300-499,92724,255;ego,ego,"range(44, 88)",ego,0.0,30,0,0.5979967880606202
177,waymo_train,waymo_300-499,96333,1738;ego,ego,"range(0, 41)",1738,1.0,24,0,0.88341712829531
178,waymo_train,waymo_300-499,97309,1297;ego,ego,"range(0, 46)",ego,0.0,36,0,0.5205312839757676
179,waymo_train,waymo_500-799,21494,4;ego,ego,"range(0, 53)",ego,0.0,38,0,0.6687328973510497
180,waymo_train,waymo_500-799,3596,249;ego,ego,"range(0, 32)",ego,0.0,22,0,0.41413879949964694
181,waymo_train,waymo_500-799,41283,583;ego,ego,"range(24, 87)",ego,0.0,38,0,0.6870096720314599
182,waymo_train,waymo_500-799,44011,728;ego,ego,"range(0, 43)",ego,0.0,27,0,0.5529326367053371
183,waymo_train,waymo_500-799,44011,728;741;ego,ego,"range(0, 38)",741,1.0,27,0,0.750974997766078
184,waymo_train,waymo_500-799,45391,2;ego,ego,"range(10, 68)",equal,0.5,37,0,0.9018297803718855
185,waymo_train,waymo_500-799,4842,204;ego,ego,"range(0, 30)",ego,0.0,15,0,0.0007544079688647824
186,waymo_train,waymo_500-799,61393,3512;ego,ego,"range(0, 53)",ego,0.0,40,0,0.6500026048043477
187,waymo_train,waymo_500-799,73980,1176;ego,ego,"range(30, 82)",ego,0.0,47,0,0.7454294123061157
188,waymo_train,waymo_500-799,81156,207;ego,ego,"range(36, 75)",ego,0.0,27,0,0.40747435765331796
189,waymo_train,waymo_500-799,8268,2235;ego,ego,"range(35, 84)",ego,0.0,32,0,0.5338162174552243
190,waymo_train,waymo_500-799,103660,2220;2227;ego,ego,"range(20, 65)",2227,1.0,35,0,0.5996925877379883
191,waymo_train,waymo_500-799,13675,1667;ego,ego,"range(5, 45)",1667,1.0,21,0,0.579123405567655
192,waymo_train,waymo_500-799,15617,39;ego,ego,"range(29, 90)",ego,0.0,43,0,0.7204798963220429
193,waymo_train,waymo_500-799,16609,1814;ego,ego,"range(0, 36)",ego,0.0,28,0,0.3998569173800268
194,waymo_train,waymo_500-799,18275,1279;ego,ego,"range(7, 52)",ego,0.0,35,0,0.5313923555683562
195,waymo_train,waymo_500-799,18960,1576;ego,ego,"range(0, 49)",1576,1.0,28,0,0.7730430767187281
196,waymo_train,waymo_500-799,19138,2116;ego,ego,"range(0, 32)",equal,0.5,23,0,0.8555340062516232
197,waymo_train,waymo_500-799,21827,394;ego,ego,"range(0, 35)",equal,0.5,15,0,0.8162256002835878
198,waymo_train,waymo_500-799,22409,757;ego,ego,"range(0, 30)",ego,0.0,14,0,0.12689369227816344
199,waymo_train,waymo_500-799,23447,1205;ego,ego,"range(26, 84)",ego,0.0,37,0,0.5792399586572858
200,waymo_train,waymo_500-799,25101,590;ego,ego,"range(0, 39)",ego,0.0,25,0,0.48338375780500686
201,waymo_train,waymo_500-799,25331,765;ego,ego,"range(11, 52)",ego,0.0,31,0,0.8708861333468664
202,waymo_train,waymo_500-799,81293,1201;ego,ego,"range(3, 43)",1201,1.0,26,0,0.6404487005479726
203,waymo_train,waymo_500-799,81963,1166;ego,ego,"range(8, 74)",ego,0.0,34,0,0.655085255214028
204,waymo_train,waymo_500-799,82079,603;611;ego,ego,"range(30, 71)",603,1.0,30,0,0.5209004623270916
205,waymo_train,waymo_500-799,30061,627;ego,ego,"range(7, 56)",627,1.0,24,0,0.6424102777803643
206,waymo_train,waymo_500-799,31145,514;ego,ego,"range(20, 68)",514,1.0,42,0,0.7633328021252227
207,waymo_train,waymo_500-799,85831,55;ego,ego,"range(0, 33)",ego,0.0,17,0,0.8126928544875415
208,waymo_train,waymo_500-799,32999,458;ego,ego,"range(30, 73)",equal,0.5,34,0,0.8819457509894632
209,waymo_train,waymo_500-799,33356,182;ego,ego,"range(0, 61)",182,1.0,54,0,0.768744889564533
210,waymo_train,waymo_500-799,87038,32;ego,ego,"range(0, 49)",32,1.0,37,0,0.773992154131651
211,waymo_train,waymo_500-799,34141,3864;ego,ego,"range(9, 71)",ego,0.0,37,0,0.5748419883892599
212,waymo_train,waymo_500-799,87917,1443;ego,ego,"range(10, 52)",ego,0.0,22,0,0.8618892655983675
213,waymo_train,waymo_500-799,35190,2678;ego,ego,"range(0, 42)",ego,0.0,33,0,0.8758061574501812
214,waymo_train,waymo_500-799,3625,56;ego,ego,"range(3, 46)",56,1.0,21,0,0.8306980356579753
215,waymo_train,waymo_500-799,90559,1061;ego,ego,"range(0, 34)",ego,0.0,26,0,0.45689205722352083
216,waymo_train,waymo_500-799,90736,950;ego,ego,"range(18, 74)",ego,0.0,39,0,0.6471458684984049
217,waymo_train,waymo_500-799,90874,1393;ego,ego,"range(11, 52)",ego,0.0,31,0,0.5941955923337088
218,waymo_train,waymo_500-799,39025,2139;ego,ego,"range(30, 90)",ego,0.0,47,0,0.6778898794539508
219,waymo_train,waymo_500-799,93026,813;ego,ego,"range(26, 68)",813,1.0,30,0,0.6091932003169034
220,waymo_train,waymo_500-799,93061,2308;ego,ego,"range(21, 83)",ego,0.0,38,0,0.6421928134666717
221,waymo_train,waymo_500-799,4008,3406;ego,ego,"range(2, 60)",ego,0.0,40,0,0.6833915727921058
222,waymo_train,waymo_500-799,95655,2263;ego,ego,"range(28, 76)",ego,0.0,37,0,0.6355766017712697
223,waymo_train,waymo_500-799,42218,1727;ego,ego,"range(0, 31)",ego,0.0,26,0,0.4462904781149666
224,waymo_train,waymo_500-799,96628,368;ego,ego,"range(0, 39)",ego,0.0,22,0,0.5355865424176905
225,waymo_train,waymo_500-799,42375,1696;ego,ego,"range(0, 36)",ego,0.0,21,0,0.6790870109027978
226,waymo_train,waymo_500-799,43410,44;ego,ego,"range(0, 32)",ego,0.0,19,0,0.7932463676880781
227,waymo_train,waymo_500-799,97969,1118;ego,ego,"range(12, 69)",ego,0.0,38,0,0.6310823108907949
228,waymo_train,waymo_500-799,98656,1095;ego,ego,"range(0, 53)",ego,0.0,38,0,0.6623932578115506
229,waymo_train,waymo_500-799,98967,1500;ego,ego,"range(2, 43)",ego,0.0,31,0,0.6301937858480935
230,waymo_train,waymo_500-799,99151,1849;ego,ego,"range(21, 81)",ego,0.0,38,0,0.6342937173835167
231,waymo_train,waymo_500-799,44676,944;ego,ego,"range(0, 50)",ego,0.0,31,0,0.5549511799120413
232,waymo_train,waymo_500-799,100380,2078;ego,ego,"range(0, 52)",ego,0.0,35,0,0.6483182500265906
233,waymo_train,waymo_500-799,100647,876;ego,ego,"range(7, 56)",ego,0.0,0,0,1.0
234,waymo_train,waymo_500-799,45989,160;ego,ego,"range(5, 62)",ego,0.0,44,0,0.5956993353236036
235,waymo_train,waymo_500-799,10116,1648;ego,ego,"range(0, 49)",ego,0.0,39,0,0.466543336412193
236,waymo_train,waymo_500-799,101640,167;ego,ego,"range(14, 64)",167,1.0,35,0,0.69226647361028
237,waymo_train,waymo_500-799,4681,1115;ego,ego,"range(0, 37)",ego,0.0,24,0,0.38090823639580457
238,waymo_train,waymo_500-799,47049,434;ego,ego,"range(0, 30)",ego,0.0,13,0,0.0958306195537662
239,waymo_train,waymo_500-799,47659,299;ego,ego,"range(0, 39)",ego,0.0,26,0,0.5614394007336032
240,waymo_train,waymo_500-799,103293,56;ego,ego,"range(43, 86)",56,1.0,21,0,0.8306980356579753
241,waymo_train,waymo_500-799,48880,2234;ego,ego,"range(24, 81)",ego,0.0,35,0,0.6570495606860255
242,waymo_train,waymo_500-799,48999,7;ego,ego,"range(4, 49)",ego,0.0,25,0,0.4217201367347887
243,waymo_train,waymo_500-799,49134,45;ego,ego,"range(8, 48)",ego,0.0,17,0,0.6469862298631189
244,waymo_train,waymo_500-799,105075,152;ego,ego,"range(0, 35)",ego,0.0,26,0,0.4964835097271758
245,waymo_train,waymo_500-799,50425,1865;ego,ego,"range(9, 57)",1865,1.0,31,0,0.7516413459560412
246,waymo_train,waymo_500-799,108045,575;ego,ego,"range(0, 55)",ego,0.0,40,0,0.6726826006388753
247,waymo_train,waymo_500-799,52705,2369;ego,ego,"range(0, 51)",ego,0.0,46,0,0.6697292802154236
248,waymo_train,waymo_500-799,108505,701;ego,ego,"range(0, 45)",701,1.0,34,0,0.7304496974382494
249,waymo_train,waymo_500-799,108531,985;ego,ego,"range(0, 48)",985,1.0,35,0,0.7019387968267389
250,waymo_train,waymo_500-799,53939,614;ego,ego,"range(0, 30)",614,1.0,14,0,0.996914094434066
251,waymo_train,waymo_500-799,110116,566;ego,ego,"range(19, 76)",566,1.0,41,0,0.7233237263476833
252,waymo_train,waymo_500-799,110129,13;ego,ego,"range(2, 46)",13,1.0,25,0,0.8307180751583921
253,waymo_train,waymo_500-799,55071,2657;ego,ego,"range(16, 81)",ego,0.0,39,0,0.6399248431863734
254,waymo_train,waymo_500-799,111316,2204;ego,ego,"range(0, 35)",ego,0.0,23,0,0.396351325065574
255,waymo_train,waymo_500-799,55659,1117;ego,ego,"range(0, 44)",ego,0.0,30,0,0.8345396885679864
256,waymo_train,waymo_500-799,111778,1482;ego,ego,"range(6, 51)",1482,1.0,27,0,0.8515792593045239
257,waymo_train,waymo_500-799,111877,728;741;ego,ego,"range(11, 58)",741,1.0,36,0,0.6957367830830079
258,waymo_train,waymo_500-799,111877,728;ego,ego,"range(4, 63)",ego,0.0,43,0,0.6745643049562009
259,waymo_train,waymo_500-799,56155,1870;ego,ego,"range(25, 65)",equal,0.5,20,0,0.9793501831931201
260,waymo_train,waymo_500-799,114024,924;ego,ego,"range(0, 34)",924,1.0,12,0,0.8643094797032393
261,waymo_train,waymo_500-799,58408,17;ego,ego,"range(0, 41)",17,1.0,10,0,0.6314732356173295
262,waymo_train,waymo_500-799,60002,630;ego,ego,"range(16, 65)",630,1.0,29,0,0.668413059044832
263,waymo_train,waymo_500-799,116482,207;ego,ego,"range(15, 72)",207,1.0,36,0,0.7396824113732259
264,waymo_train,waymo_500-799,116522,165;ego,ego,"range(22, 70)",ego,0.0,31,0,0.8293521503210229
265,waymo_train,waymo_500-799,117440,458;484;488;ego,ego,"range(15, 61)",484,1.0,37,0,0.5809678165221186
266,waymo_train,waymo_500-799,117669,594;ego,ego,"range(0, 55)",594,1.0,41,0,0.7199053333531306
267,waymo_train,waymo_500-799,120131,229;ego,ego,"range(0, 39)",229,1.0,30,0,0.7160319893041321
268,waymo_train,waymo_500-799,121939,3025;ego,ego,"range(7, 51)",ego,0.0,39,0,0.5019399696869526
269,waymo_train,waymo_500-799,122520,2045;ego,ego,"range(1, 59)",ego,0.0,41,0,0.6258809038400096
270,waymo_train,waymo_500-799,67484,2431;ego,ego,"range(0, 35)",ego,0.0,30,0,0.5482486606846873
271,waymo_train,waymo_500-799,67714,393;ego,ego,"range(10, 51)",ego,0.0,18,0,0.8468555400291833
272,waymo_train,waymo_500-799,125369,76;ego,ego,"range(0, 31)",ego,0.0,26,0,0.4888043758083028
273,waymo_train,waymo_500-799,125917,1209;ego,ego,"range(30, 90)",equal,0.5,41,0,0.9273747329385683
274,waymo_train,waymo_500-799,126426,2447;ego,ego,"range(15, 80)",ego,0.0,38,0,0.6236987225291878
275,waymo_train,waymo_500-799,69345,2;ego,ego,"range(31, 89)",ego,0.0,39,0,0.6396039880434995
276,waymo_train,waymo_500-799,127225,1761;ego,ego,"range(2, 42)",1761,1.0,25,0,0.7350705178387915
277,waymo_train,waymo_500-799,127876,2317;ego,ego,"range(6, 75)",ego,0.0,41,0,0.6838434678974266
278,waymo_train,waymo_500-799,128469,1090;ego,ego,"range(21, 76)",ego,0.0,36,0,0.5537299007406769
279,waymo_train,waymo_500-799,129137,2118;ego,ego,"range(0, 37)",ego,0.0,27,0,0.5917759163981958
280,waymo_train,waymo_500-799,129284,3148;ego,ego,"range(0, 42)",ego,0.0,29,0,0.6911946588990169
281,waymo_train,waymo_500-799,72683,1117;ego,ego,"range(9, 54)",ego,0.0,31,0,0.8324284719493156
282,waymo_train,waymo_500-799,74699,875;ego,ego,"range(0, 45)",ego,0.0,0,0,1.0
283,waymo_train,waymo_500-799,75378,535;ego,ego,"range(11, 52)",ego,0.0,28,0,0.41757656425969225
284,waymo_train,waymo_500-799,75992,1071;ego,ego,"range(10, 53)",ego,0.0,36,0,0.8543679915258857
285,waymo_train,waymo_500-799,77754,1865;ego,ego,"range(19, 67)",1865,1.0,31,0,0.7516413459560412
286,waymo_train,waymo_800-999,10004,1739;ego,ego,"range(0, 34)",1739,1.0,26,0,0.8155929447993893
287,waymo_train,waymo_800-999,58606,505;ego,ego,"range(31, 81)",ego,0.0,34,0,0.5302912035531666
288,waymo_train,waymo_800-999,11634,863;ego,ego,"range(18, 79)",ego,0.0,42,0,0.6467712455357809
289,waymo_train,waymo_800-999,19020,1188;ego,ego,"range(6, 48)",ego,0.0,27,0,0.8436151522338485
290,waymo_train,waymo_800-999,3090,630;ego,ego,"range(6, 55)",630,1.0,29,0,0.668413059044832
291,waymo_train,waymo_800-999,44194,1876;ego,ego,"range(22, 73)",ego,0.0,38,0,0.5792819060571041
292,waymo_train,waymo_800-999,67181,3148;ego,ego,"range(9, 52)",ego,0.0,30,0,0.6945484900200499
293,waymo_train,waymo_800-999,74431,2664;ego,ego,"range(0, 42)",ego,0.0,35,0,0.6436800288606527
294,waymo_train,waymo_800-999,14755,1964;ego,ego,"range(36, 80)",ego,0.0,39,0,0.822592654532613
295,waymo_train,waymo_800-999,15636,1854;ego,ego,"range(0, 45)",ego,0.0,32,0,0.4870938302674136
296,waymo_train,waymo_800-999,15957,539;545;ego,ego,"range(10, 56)",545,1.0,31,0,0.6915224452154034
297,waymo_train,waymo_800-999,17401,707;ego,ego,"range(48, 89)",ego,0.0,25,0,0.4615176634231385
298,waymo_train,waymo_800-999,18817,1953;ego,ego,"range(27, 87)",ego,0.0,41,0,0.6530764928469931
299,waymo_train,waymo_800-999,19193,3666;ego,ego,"range(27, 90)",ego,0.0,41,0,0.7218754035037763
300,waymo_train,waymo_800-999,19973,1739;ego,ego,"range(18, 64)",1739,1.0,38,0,0.7533721501744662
301,waymo_train,waymo_800-999,20273,675;ego,ego,"range(0, 37)",equal,0.5,27,0,0.8945874610084246
302,waymo_train,waymo_800-999,21198,13;ego,ego,"range(22, 66)",13,1.0,25,0,0.8307180751583921
303,waymo_train,waymo_800-999,21470,167;ego,ego,"range(14, 64)",167,1.0,35,0,0.69226647361028
304,waymo_train,waymo_800-999,2496,989;ego,ego,"range(0, 54)",ego,0.0,38,0,0.6506297716388754
305,waymo_train,waymo_800-999,27572,1844;ego,ego,"range(29, 90)",ego,0.0,37,0,0.6649513281457273
306,waymo_train,waymo_800-999,29090,1633;ego,ego,"range(0, 36)",ego,0.0,31,0,0.5516367663110554
307,waymo_train,waymo_800-999,29641,1865;ego,ego,"range(0, 47)",1865,1.0,30,0,0.7524477549670344
308,waymo_train,waymo_800-999,30244,1865;ego,ego,"range(9, 57)",1865,1.0,31,0,0.7516413459560412
309,waymo_train,waymo_800-999,3097,1338;ego,ego,"range(30, 73)",1338,1.0,33,0,0.7985805854764032
310,waymo_train,waymo_800-999,31256,714;ego,ego,"range(0, 54)",ego,0.0,46,0,0.5998859767359229
311,waymo_train,waymo_800-999,33263,1188;ego,ego,"range(0, 38)",ego,0.0,23,0,0.8727873415333229
312,waymo_train,waymo_800-999,35610,2074;ego,ego,"range(0, 31)",ego,0.0,26,0,0.5741291520153874
313,waymo_train,waymo_800-999,36868,167;ego,ego,"range(4, 54)",167,1.0,35,0,0.69226647361028
314,waymo_train,waymo_800-999,36957,1720;ego,ego,"range(34, 80)",equal,0.5,32,0,0.8855906558358224
315,waymo_train,waymo_800-999,37453,1267;ego,ego,"range(0, 47)",1267,1.0,30,0,0.755032781495046
316,waymo_train,waymo_800-999,37919,3074;ego,ego,"range(0, 37)",ego,0.0,28,0,0.8016940308392835
317,waymo_train,waymo_800-999,38368,924;ego,ego,"range(3, 64)",924,1.0,31,0,0.7681876610474331
318,waymo_train,waymo_800-999,39710,362;ego,ego,"range(16, 70)",ego,0.0,42,0,0.6133529444878854
319,waymo_train,waymo_800-999,39892,506;ego,ego,"range(0, 50)",506,1.0,36,0,0.7136368455769998
320,waymo_train,waymo_800-999,42800,1806;ego,ego,"range(0, 39)",ego,0.0,26,0,0.4202113349808042
321,waymo_train,waymo_800-999,44941,190;191;194;ego,ego,"range(16, 56)",equal,0.5,20,0,0.8641370247181307
322,waymo_train,waymo_800-999,45999,2;ego,ego,"range(0, 40)",ego,0.0,32,0,0.7609273308247771
323,waymo_train,waymo_800-999,46199,380;ego,ego,"range(8, 52)",380,1.0,19,0,0.5020070872552642
324,waymo_train,waymo_800-999,48968,1946;ego,ego,"range(31, 90)",ego,0.0,39,0,0.5671385097073371
325,waymo_train,waymo_800-999,50982,362;ego,ego,"range(0, 50)",ego,0.0,42,0,0.6133529444878854
326,waymo_train,waymo_800-999,52482,73;ego,ego,"range(16, 68)",ego,0.0,35,0,0.8594536463542388
327,waymo_train,waymo_800-999,52834,2317;ego,ego,"range(6, 75)",ego,0.0,41,0,0.6838434678974266
328,waymo_train,waymo_800-999,54849,123;ego,ego,"range(0, 32)",123,1.0,25,0,0.8087681786352295
329,waymo_train,waymo_800-999,55754,393;ego,ego,"range(20, 61)",ego,0.0,18,0,0.8468555400291833
330,waymo_train,waymo_800-999,55930,2566;ego,ego,"range(24, 75)",ego,0.0,37,0,0.7547620869281784
331,waymo_train,waymo_800-999,56132,336;ego,ego,"range(29, 76)",ego,0.0,37,0,0.6491950143780975
332,waymo_train,waymo_800-999,56439,2882;ego,ego,"range(0, 51)",ego,0.0,39,0,0.6067297869634132
333,waymo_train,waymo_800-999,63019,41;ego,ego,"range(0, 35)",ego,0.0,25,0,0.8304159572830798
334,waymo_train,waymo_800-999,63129,1885;ego,ego,"range(22, 84)",ego,0.0,36,0,0.6159585608352101
335,waymo_train,waymo_800-999,64788,1188;ego,ego,"range(16, 58)",ego,0.0,27,0,0.8436151522338485
336,waymo_train,waymo_800-999,64985,1488;ego,ego,"range(14, 54)",equal,0.5,28,0,0.9042699856870999
337,waymo_train,waymo_800-999,68940,1041;ego,ego,"range(0, 36)",ego,0.0,21,0,0.47736335281959197
338,waymo_train,waymo_800-999,6992,1985;ego,ego,"range(9, 62)",ego,0.0,39,0,0.6020381469546526
339,waymo_train,waymo_800-999,74752,2980;ego,ego,"range(30, 82)",equal,0.5,34,0,0.923178323111914
340,waymo_train,waymo_800-999,76519,3668;ego,ego,"range(27, 84)",equal,0.5,36,0,0.8963699424111703
341,waymo_train,waymo_800-999,77058,1998;2003;ego,ego,"range(24, 70)",2003,1.0,34,0,0.7782820829968553
342,waymo_train,waymo_800-999,78767,559;ego,ego,"range(0, 43)",ego,0.0,28,0,0.45889898701803833
343,waymo_train,waymo_800-999,80860,42;ego,ego,"range(0, 30)",42,1.0,25,0,0.7640956779491529
344,waymo_train,waymo_800-999,80860,44;ego,ego,"range(5, 52)",ego,0.0,34,0,0.8009855343420356
345,waymo_train,waymo_800-999,80956,207;ego,ego,"range(5, 62)",207,1.0,36,0,0.7396824113732259
346,waymo_train,waymo_800-999,81821,2;ego,ego,"range(5, 56)",ego,0.0,36,0,0.6261122606388306
347,waymo_train,waymo_800-999,83516,1513;ego,ego,"range(0, 32)",ego,0.0,20,0,0.3091697286132513
348,waymo_train,waymo_800-999,8356,262;ego,ego,"range(41, 80)",equal,0.5,34,0,0.92740383229288
349,waymo_train,waymo_800-999,83877,1447;ego,ego,"range(16, 78)",ego,0.0,38,0,0.6176726200866485
350,waymo_train,waymo_800-999,84559,45;ego,ego,"range(18, 58)",ego,0.0,17,0,0.6469862298631189
351,waymo_train,waymo_800-999,85208,1089;1092;ego,ego,"range(7, 57)",1092,1.0,32,0,0.7438744145799432
352,waymo_train,waymo_800-999,87562,779;ego,ego,"range(12, 65)",779,1.0,38,0,0.7417661761990326
353,waymo_train,waymo_800-999,8818,18;ego,ego,"range(0, 32)",ego,0.0,18,0,0.9039886525535299
354,waymo_train,waymo_800-999,89545,822;ego,ego,"range(24, 63)",ego,0.0,32,0,0.5147887816687049
355,waymo_train,waymo_800-999,90938,807;ego,ego,"range(30, 70)",ego,0.0,31,0,0.8536903228711598
356,waymo_train,waymo_800-999,90978,765;ego,ego,"range(21, 62)",ego,0.0,31,0,0.8708861333468664
357,waymo_train,waymo_800-999,91684,2114;2116;ego,ego,"range(0, 37)",2116,1.0,20,0,0.7825060605606622
358,waymo_train,waymo_800-999,91795,1;ego,ego,"range(16, 65)",ego,0.0,38,0,0.5342809216942829
359,waymo_train,waymo_800-999,92804,43;ego,ego,"range(14, 73)",ego,0.0,30,0,0.5472885132750391
360,waymo_train,waymo_800-999,9355,1741;ego,ego,"range(1, 60)",ego,0.0,38,0,0.6690228581861357
361,waymo_train,waymo_800-999,96225,1644;ego,ego,"range(0, 34)",ego,0.0,29,0,0.37759581861775016
362,waymo_train,waymo_800-999,96693,1741;ego,ego,"range(21, 80)",ego,0.0,38,0,0.6690228581861357
363,waymo_train,waymo_800-999,96826,926;ego,ego,"range(11, 62)",ego,0.0,39,0,0.683683060278101
364,waymo_train,waymo_0-299,17189,447;465,447,"range(3, 42)",465,1.0,19,0,0.6235739651105627
365,waymo_train,waymo_0-299,21978,1744;1750;1760,1744,"range(0, 36)",1744,0.0,8,0,0.0005576043257276148
366,waymo_train,waymo_0-299,32586,1526;1527,1526,"range(1, 44)",1526,0.0,21,0,0.14579322458191182
367,waymo_train,waymo_0-299,4369,363;365,363,"range(0, 37)",365,1.0,19,0,0.5709361342567771
368,waymo_train,waymo_0-299,43847,2281;2295,2281,"range(11, 53)",2281,0.0,28,0,0.23747569681137254
369,waymo_train,waymo_0-299,54799,1547;1551,1547,"range(0, 56)",1551,1.0,37,0,0.740313524688396
370,waymo_train,waymo_0-299,59366,14;47,14,"range(14, 66)",14,0.0,26,0,0.8210637190273443
371,waymo_train,waymo_0-299,66662,1347;1466,1347,"range(10, 49)",1466,1.0,13,0,0.953577967300412
372,waymo_train,waymo_0-299,94928,408;452,408,"range(17, 56)",408,0.0,31,0,0.37745507409445234
373,waymo_train,waymo_0-299,98721,1036;1055,1036,"range(0, 31)",1055,1.0,24,0,0.6174320516135255
374,waymo_train,waymo_0-299,99205,1412;1425,1412,"range(30, 69)",1425,1.0,16,0,0.9201006867299286
375,waymo_train,waymo_0-299,117512,593;611,593,"range(0, 38)",593,0.0,9,0,0.7988502441999997
376,waymo_train,waymo_0-299,16586,837;839;847,837,"range(0, 34)",837,0.0,7,0,0.7792606723075065
377,waymo_train,waymo_0-299,16155,12;5,12,"range(9, 48)",5,1.0,25,0,0.7130998232221123
378,waymo_train,waymo_0-299,17214,934;970,934,"range(14, 61)",equal,0.5,19,0,0.9751898868519862
379,waymo_train,waymo_0-299,17846,218;233,218,"range(27, 73)",218,0.0,29,0,0.07409054989714114
380,waymo_train,waymo_0-299,19226,133;178,133,"range(0, 43)",178,1.0,18,0,0.8741952451605405
381,waymo_train,waymo_0-299,23576,46;5,46,"range(11, 51)",5,1.0,23,0,0.8347143915554828
382,waymo_train,waymo_0-299,24037,1082;1084,1082,"range(0, 35)",1084,1.0,1,0,0.999901715641877
383,waymo_train,waymo_0-299,28202,1025;1056,1025,"range(0, 33)",1056,1.0,23,0,0.7023722616020445
384,waymo_train,waymo_0-299,29741,925;952,925,"range(15, 54)",952,1.0,26,0,0.6960925927927059
385,waymo_train,waymo_0-299,31557,1314;1323,1314,"range(28, 68)",1314,0.0,19,0,0.44377682022562925
386,waymo_train,waymo_0-299,32558,512;513,512,"range(31, 82)",512,0.0,33,0,0.3656495232081299
387,waymo_train,waymo_0-299,94289,115;129;164,115,"range(0, 49)",115,0.0,17,0,0.8681626133802762
388,waymo_train,waymo_0-299,34865,19;4,19,"range(0, 29)",4,1.0,6,0,0.8318258278148073
389,waymo_train,waymo_0-299,96292,2691;2697,2691,"range(24, 73)",2697,1.0,34,0,0.8751040447788734
390,waymo_train,waymo_0-299,36173,512;513,512,"range(0, 42)",512,0.0,24,0,0.24150120656254703
391,waymo_train,waymo_0-299,99490,26;53,26,"range(8, 52)",53,1.0,20,0,0.9835883793838184
392,waymo_train,waymo_0-299,100998,973;992,973,"range(0, 36)",992,1.0,26,0,0.9981824959243913
393,waymo_train,waymo_0-299,40441,1025;1051,1025,"range(40, 84)",1051,1.0,18,0,0.9711000866899896
394,waymo_train,waymo_0-299,40648,1165;1177,1165,"range(8, 56)",1177,1.0,23,0,0.6432420579791214
395,waymo_train,waymo_0-299,40803,2368;2415,2368,"range(0, 33)",2415,1.0,21,0,0.7442687289304157
396,waymo_train,waymo_0-299,102474,599;612,599,"range(13, 52)",612,1.0,19,0,0.6231192658235747
397,waymo_train,waymo_0-299,41328,265;267,265,"range(0, 43)",267,1.0,23,0,0.9928678269840777
398,waymo_train,waymo_0-299,102881,942;957,942,"range(0, 39)",942,0.0,27,0,0.22964229247552184
399,waymo_train,waymo_0-299,41618,973;978,973,"range(30, 73)",978,1.0,8,0,0.9995285593010403
400,waymo_train,waymo_0-299,103593,1252;1274,1252,"range(5, 44)",1274,1.0,25,0,0.6615997920154716
401,waymo_train,waymo_0-299,44369,1578;1656,1578,"range(29, 68)",1656,1.0,21,0,0.6597745053069851
402,waymo_train,waymo_0-299,106682,4;45;6,4,"range(43, 84)",4,0.0,26,0,0.43293102272914086
403,waymo_train,waymo_0-299,1092,458;480,458,"range(29, 71)",480,1.0,23,0,0.9544533995432417
404,waymo_train,waymo_0-299,109592,2281;2295,2281,"range(31, 73)",2281,0.0,28,0,0.23747569681137254
405,waymo_train,waymo_0-299,1100,209;248,209,"range(0, 49)",209,0.0,27,0,0.44154026364909904
406,waymo_train,waymo_0-299,1100,209;224;248,209,"range(2, 47)",209,0.0,26,0,0.4552931276164995
407,waymo_train,waymo_0-299,51255,541;608,541,"range(5, 57)",equal,0.5,21,0,0.9684296469592407
408,waymo_train,waymo_0-299,52810,1347;1466,1347,"range(20, 59)",equal,0.5,13,0,0.8213147687443225
409,waymo_train,waymo_0-299,115241,1196;1199,1196,"range(47, 86)",1196,0.0,9,0,0.6825662315844024
410,waymo_train,waymo_0-299,1154,3099;3139,3099,"range(32, 71)",3099,0.0,19,0,0.01061584924602451
411,waymo_train,waymo_0-299,11588,541;578,541,"range(0, 54)",541,0.0,32,0,0.20852050172070102
412,waymo_train,waymo_0-299,117048,3;58,3,"range(1, 44)",58,1.0,16,0,0.7132045461266816
413,waymo_train,waymo_0-299,54501,526;543,526,"range(0, 42)",543,1.0,28,0,0.8471891178931757
414,waymo_train,waymo_0-299,54878,973;992,973,"range(6, 46)",992,1.0,30,0,0.9973609175632004
415,waymo_train,waymo_0-299,118963,1755;1762,1755,"range(0, 55)",1762,1.0,37,0,0.9516312956153022
416,waymo_train,waymo_0-299,120183,1493;1539,1493,"range(12, 52)",1539,1.0,23,0,0.7163123653032057
417,waymo_train,waymo_0-299,123325,3200;3206,3200,"range(0, 53)",3206,1.0,26,0,0.6107579181089448
418,waymo_train,waymo_0-299,60405,1307;1318,1307,"range(3, 42)",equal,0.5,25,0,0.9848087523766165
419,waymo_train,waymo_0-299,126746,1700;1726,1700,"range(33, 74)",equal,0.5,14,0,0.9469122269896959
420,waymo_train,waymo_0-299,63553,11;8,11,"range(20, 62)",8,1.0,23,0,0.7640211502291911
421,waymo_train,waymo_0-299,63992,180;224,180,"range(1, 69)",224,1.0,35,0,0.6802905105747852
422,waymo_train,waymo_0-299,130362,403;412,403,"range(28, 69)",412,1.0,18,0,0.9999869582592505
423,waymo_train,waymo_0-299,6694,734;735,734,"range(0, 34)",734,0.0,11,0,0.7550637172339081
424,waymo_train,waymo_0-299,131432,1193;1216,1193,"range(6, 53)",1193,0.0,31,0,0.36387861061707283
425,waymo_train,waymo_0-299,132289,526;543,526,"range(0, 32)",543,1.0,18,0,0.9383579568039906
426,waymo_train,waymo_0-299,69889,21;31;33,21,"range(0, 38)",31,1.0,24,0,0.9569328063787013
427,waymo_train,waymo_0-299,135673,3116;3120;3160,3116,"range(21, 64)",3120,1.0,20,0,0.9997451447705142
428,waymo_train,waymo_0-299,136403,780;782,780,"range(0, 39)",782,1.0,21,0,0.9941842646065582
429,waymo_train,waymo_0-299,136449,180;224;310,180,"range(12, 56)",224,1.0,26,0,0.688625261249136
430,waymo_train,waymo_0-299,138131,1465;1515,1465,"range(29, 73)",1515,1.0,34,0,0.8619654305650599
431,waymo_train,waymo_0-299,138876,1679;1697;1707,1679,"range(0, 31)",equal,0.5,22,0,0.9875304359225303
432,waymo_train,waymo_0-299,74373,1578;1656,1578,"range(19, 58)",1656,1.0,21,0,0.6597745053069851
433,waymo_train,waymo_0-299,74965,840;851;867,840,"range(0, 33)",851,1.0,17,0,0.6416254568912148
434,waymo_train,waymo_0-299,141852,1034;1037,1034,"range(0, 59)",1034,0.0,38,0,0.7101348875420956
435,waymo_train,waymo_0-299,143484,1346;1443,1346,"range(30, 76)",1443,1.0,28,0,0.6250508247915724
436,waymo_train,waymo_0-299,79897,1016;977,1016,"range(0, 42)",977,1.0,21,0,0.6531688605118526
437,waymo_train,waymo_0-299,80590,780;782,780,"range(22, 79)",782,1.0,39,0,0.9425105360219934
438,waymo_train,waymo_0-299,85485,541;578,541,"range(29, 84)",541,0.0,33,0,0.2211749946648022
439,waymo_train,waymo_0-299,86303,2111;2261,2111,"range(45, 88)",2111,0.0,24,0,0.07769861205190476
440,waymo_train,waymo_0-299,87960,447;465,447,"range(23, 62)",465,1.0,19,0,0.6235739651105627
441,waymo_train,waymo_300-499,59,3116;3120;3160,3116,"range(31, 74)",3120,1.0,20,0,0.9997451447705142
442,waymo_train,waymo_300-499,6872,1;13;22,1,"range(0, 50)",1,0.0,28,0,0.8137920926024292
443,waymo_train,waymo_300-499,6872,1;22,1,"range(0, 83)",1,0.0,29,0,0.7910005815019562
444,waymo_train,waymo_300-499,9780,438;442,438,"range(17, 66)",442,1.0,31,0,0.8003011258059574
445,waymo_train,waymo_300-499,10601,481;582,481,"range(45, 86)",582,1.0,23,0,0.9989938233567826
446,waymo_train,waymo_300-499,11637,400;401,400,"range(57, 90)",400,0.0,19,0,0.12167366812235453
447,waymo_train,waymo_300-499,16574,3019;3027,3019,"range(0, 31)",3027,1.0,23,0,0.7528504817555328
448,waymo_train,waymo_300-499,20119,11;8,11,"range(10, 52)",8,1.0,23,0,0.7640211502291911
449,waymo_train,waymo_300-499,20422,77;83,77,"range(3, 48)",83,1.0,23,0,0.953992980331692
450,waymo_train,waymo_300-499,23099,14;16;29,14,"range(0, 43)",14,0.0,0,0,1.0
451,waymo_train,waymo_300-499,23949,1108;1137,1108,"range(15, 59)",1137,1.0,31,0,0.8961077488969266
452,waymo_train,waymo_300-499,29440,183;226,183,"range(23, 81)",226,1.0,29,0,0.7431986251515826
453,waymo_train,waymo_300-499,33152,843;906,843,"range(0, 44)",906,1.0,32,0,0.6856244466771022
454,waymo_train,waymo_300-499,33517,1902;1907,1902,"range(25, 67)",1902,0.0,18,0,0.7643919064651336
455,waymo_train,waymo_300-499,37470,447;463,447,"range(39, 82)",447,0.0,29,0,0.09804022284497894
456,waymo_train,waymo_300-499,41773,2123;2144,2123,"range(0, 42)",2123,0.0,24,0,0.8048651765525786
457,waymo_train,waymo_300-499,42669,1375;1408,1375,"range(10, 56)",1408,1.0,26,0,0.8948659742713214
458,waymo_train,waymo_300-499,44350,354;383,354,"range(19, 68)",383,1.0,39,0,0.870923347963332
459,waymo_train,waymo_300-499,46011,528;545,528,"range(0, 45)",528,0.0,23,0,0.7713177125604641
460,waymo_train,waymo_300-499,48698,3136;3146,3136,"range(40, 90)",3136,0.0,38,0,0.49253027160535057
461,waymo_train,waymo_300-499,49876,136;191,136,"range(0, 33)",191,1.0,25,0,0.9169483714174708
462,waymo_train,waymo_300-499,52349,0;43,0,"range(0, 32)",0,0.0,12,0,0.017341467944335127
463,waymo_train,waymo_300-499,52539,32;5,32,"range(32, 71)",32,0.0,16,0,0.6567328075313326
464,waymo_train,waymo_300-499,53112,1314;1323,1314,"range(0, 38)",1314,0.0,17,0,0.48663637575878577
465,waymo_train,waymo_300-499,53973,2267;2270,2267,"range(39, 82)",equal,0.5,20,0,0.799990414123066
466,waymo_train,waymo_300-499,59151,964;979,964,"range(21, 77)",964,0.0,36,0,0.6715515654373561
467,waymo_train,waymo_300-499,59833,658;671,658,"range(0, 40)",658,0.0,21,0,0.7812151404914744
468,waymo_train,waymo_300-499,60083,1679;1697;1707,1679,"range(31, 71)",equal,0.5,26,0,0.9892204006831028
469,waymo_train,waymo_300-499,65013,1744;1750;1760,1744,"range(14, 56)",1744,0.0,8,0,0.0005576043257276148
470,waymo_train,waymo_300-499,65179,1402;1442,1402,"range(3, 55)",1442,1.0,36,0,0.6755021010540294
471,waymo_train,waymo_300-499,65531,20;22,20,"range(24, 72)",20,0.0,23,0,0.7488341549768099
472,waymo_train,waymo_300-499,66067,780;782,780,"range(2, 59)",782,1.0,39,0,0.9425105360219934
473,waymo_train,waymo_300-499,69844,263;266,263,"range(13, 61)",263,0.0,33,0,0.3506909332788376
474,waymo_train,waymo_300-499,71482,13;33;7;8,13,"range(0, 33)",13,0.0,13,0,0.7937039954602606
475,waymo_train,waymo_300-499,72138,663;700,663,"range(14, 56)",700,1.0,36,0,0.7578832102159055
476,waymo_train,waymo_300-499,72816,3;58,3,"range(41, 85)",58,1.0,16,0,0.713784443950604
477,waymo_train,waymo_300-499,75225,175;192,175,"range(1, 57)",192,1.0,26,0,0.8890216840613333
478,waymo_train,waymo_300-499,77559,1547;1551,1547,"range(0, 36)",1551,1.0,17,0,0.7005033475183896
479,waymo_train,waymo_300-499,84031,2305;2307,2305,"range(16, 62)",2307,1.0,31,0,0.6155978402861163
480,waymo_train,waymo_300-499,88727,121;98,121,"range(38, 83)",98,1.0,18,0,0.8693616936903096
481,waymo_train,waymo_300-499,88914,471;484;485,471,"range(20, 61)",471,0.0,14,0,0.005516104313979499
482,waymo_train,waymo_300-499,90981,1489;1494,1489,"range(25, 64)",1494,1.0,26,0,0.6048417001977403
483,waymo_train,waymo_300-499,95944,681;684,681,"range(26, 72)",684,1.0,27,0,0.6888051027367916
484,waymo_train,waymo_500-799,119513,314;319,314,"range(4, 43)",314,0.0,18,0,0.01806373316444504
485,waymo_train,waymo_500-799,52425,645;651,645,"range(29, 68)",651,1.0,23,0,0.9999910985265253
486,waymo_train,waymo_500-799,79016,1430;1493,1430,"range(14, 59)",1430,0.0,28,0,0.1894815279158855
487,waymo_train,waymo_500-799,109983,2249;2252,2249,"range(36, 88)",2252,1.0,25,0,0.703162545959489
488,waymo_train,waymo_500-799,128074,354;365,354,"range(21, 67)",354,0.0,31,0,0.34687633575065563
489,waymo_train,waymo_500-799,14665,1467;1628,1467,"range(3, 42)",equal,0.5,20,0,0.9559853411741287
490,waymo_train,waymo_500-799,15513,663;669,663,"range(22, 78)",669,1.0,41,0,0.6790211040446869
491,waymo_train,waymo_500-799,15538,511;571,511,"range(0, 40)",equal,0.5,19,0,0.9752580737656578
492,waymo_train,waymo_500-799,21338,405;460,405,"range(30, 70)",460,1.0,28,0,0.9988179559164091
493,waymo_train,waymo_500-799,27135,191;194,191,"range(27, 82)",191,0.0,26,0,0.25348146985361036
494,waymo_train,waymo_500-799,82573,1578;1579;1580,1578,"range(2, 41)",1578,0.0,1,0,0.00043395659985956403
495,waymo_train,waymo_500-799,86227,2735;2775,2735,"range(8, 60)",2775,1.0,28,0,0.9369529329565192
496,waymo_train,waymo_500-799,86441,1285;1315,1285,"range(15, 54)",1315,1.0,25,0,0.661442903265439
497,waymo_train,waymo_500-799,33421,942;957,942,"range(0, 39)",942,0.0,27,0,0.22964229247552184
498,waymo_train,waymo_500-799,87109,183;226,183,"range(3, 61)",226,1.0,29,0,0.7431986251515826
499,waymo_train,waymo_500-799,35901,231;398,231,"range(11, 51)",398,1.0,1,0,1.0
500,waymo_train,waymo_500-799,36814,1231;1235,1231,"range(3, 43)",1235,1.0,7,0,0.9997378724377449
501,waymo_train,waymo_500-799,91640,512;513,512,"range(0, 42)",512,0.0,24,0,0.24150120656254703
502,waymo_train,waymo_500-799,37980,1025;1051,1025,"range(20, 64)",1051,1.0,18,0,0.9711000866899896
503,waymo_train,waymo_500-799,92237,488;505,488,"range(16, 56)",505,1.0,23,0,0.6658442176290874
504,waymo_train,waymo_500-799,3864,3136;3146,3136,"range(40, 90)",3136,0.0,38,0,0.49253027160535057
505,waymo_train,waymo_500-799,40698,1193;1216,1193,"range(16, 63)",1193,0.0,31,0,0.36387861061707283
506,waymo_train,waymo_500-799,94869,661;702,661,"range(20, 62)",702,1.0,24,0,0.5855136003649127
507,waymo_train,waymo_500-799,42054,400;401,400,"range(57, 90)",400,0.0,19,0,0.12167366812235453
508,waymo_train,waymo_500-799,42785,400;401,400,"range(14, 51)",401,1.0,19,0,0.969845949922446
509,waymo_train,waymo_500-799,43436,782;790,782,"range(0, 30)",782,0.0,25,0,0.813106599838906
510,waymo_train,waymo_500-799,43842,964;979,964,"range(31, 87)",964,0.0,36,0,0.6715515654373561
511,waymo_train,waymo_500-799,99907,1016;977,1016,"range(36, 82)",977,1.0,21,0,0.6531688605118526
512,waymo_train,waymo_500-799,102163,1891;1897,1891,"range(23, 62)",1891,0.0,24,0,0.08208600277961811
513,waymo_train,waymo_500-799,47897,658;671,658,"range(21, 70)",658,0.0,23,0,0.7362825920266055
514,waymo_train,waymo_500-799,105132,1417;1418,1417,"range(2, 44)",1418,1.0,31,0,0.7158028933447766
515,waymo_train,waymo_500-799,107906,2;7,2,"range(0, 38)",equal,0.5,32,0,0.8825381115596338
516,waymo_train,waymo_500-799,52891,231;398,231,"range(31, 71)",398,1.0,1,0,1.0
517,waymo_train,waymo_500-799,109160,2305;2307,2305,"range(26, 72)",2307,1.0,31,0,0.6155978402861163
518,waymo_train,waymo_500-799,114000,3099;3139,3099,"range(32, 71)",3099,0.0,19,0,0.01061584924602451
519,waymo_train,waymo_500-799,117398,2;7,2,"range(14, 58)",2,0.0,38,0,0.4073288056156382
520,waymo_train,waymo_500-799,117413,658;671,658,"range(1, 50)",658,0.0,23,0,0.7362825920266055
521,waymo_train,waymo_500-799,118254,541;578,541,"range(0, 54)",541,0.0,32,0,0.20852050172070102
522,waymo_train,waymo_500-799,62138,68;72,68,"range(10, 55)",68,0.0,27,0,0.05887978665699531
523,waymo_train,waymo_500-799,6226,934;970,934,"range(14, 61)",equal,0.5,19,0,0.9751898868519862
524,waymo_train,waymo_500-799,119020,16;6,16,"range(30, 81)",6,1.0,18,0,0.6069639345928167
525,waymo_train,waymo_500-799,120512,534;536,534,"range(0, 35)",536,1.0,20,0,0.9023371747808604
526,waymo_train,waymo_500-799,121940,646;648,646,"range(67, 88)",646,0.0,6,0,0.3274294965491166
527,waymo_train,waymo_500-799,122050,320;321;332,320,"range(0, 36)",320,0.0,0,0,1.0
528,waymo_train,waymo_500-799,123578,115;129;164,115,"range(0, 49)",115,0.0,17,0,0.8681626133802762
529,waymo_train,waymo_500-799,67331,458;480,458,"range(29, 71)",480,1.0,23,0,0.9544533995432417
530,waymo_train,waymo_500-799,125079,840;851,840,"range(0, 32)",equal,0.5,24,0,0.8301127435995556
531,waymo_train,waymo_500-799,70370,1196;1199,1196,"range(47, 86)",1196,0.0,9,0,0.6825662315844024
532,waymo_train,waymo_500-799,73379,1282;1283,1282,"range(11, 43)",1283,1.0,23,0,0.9836346138283413
533,waymo_train,waymo_500-799,73918,613;655,613,"range(0, 39)",655,1.0,15,0,0.6508762561286235
534,waymo_train,waymo_500-799,74419,1758;1792,1758,"range(0, 45)",1758,0.0,24,0,0.08732546364125744
535,waymo_train,waymo_500-799,7650,2276;2288,2276,"range(26, 68)",2288,1.0,20,0,0.9999777065850666
536,waymo_train,waymo_500-799,7713,2281;2295,2281,"range(11, 53)",2281,0.0,28,0,0.23747569681137254
537,waymo_train,waymo_500-799,77805,1669;1787;1803,1669,"range(16, 59)",1787,1.0,17,0,0.6611015723621662
538,waymo_train,waymo_500-799,78018,1025;1051,1025,"range(40, 84)",1051,1.0,18,0,0.9711000866899896
539,waymo_train,waymo_800-999,35634,1412;1425,1412,"range(10, 49)",1425,1.0,16,0,0.9201006867299286
540,waymo_train,waymo_800-999,45540,794;801,794,"range(0, 41)",794,0.0,34,0,0.750255395115842
541,waymo_train,waymo_800-999,45540,801;808,801,"range(11, 52)",808,1.0,36,0,0.7382069012763555
542,waymo_train,waymo_800-999,89821,1718;1722,1718,"range(0, 30)",1722,1.0,8,0,0.9999947276909615
543,waymo_train,waymo_800-999,10904,1447;1448,1447,"range(20, 54)",1448,1.0,16,0,0.9876274806896181
544,waymo_train,waymo_800-999,11567,779;789,779,"range(0, 45)",779,0.0,21,0,0.3227654809040892
545,waymo_train,waymo_800-999,2224,1314;1323,1314,"range(8, 48)",1314,0.0,19,0,0.44377682022562925
546,waymo_train,waymo_800-999,26168,491;512,491,"range(8, 49)",512,1.0,18,0,0.9823252853582962
547,waymo_train,waymo_800-999,26301,2276;2288,2276,"range(6, 48)",2288,1.0,20,0,0.9999777065850666
548,waymo_train,waymo_800-999,43498,304;317,304,"range(0, 30)",304,0.0,9,0,0.6189943500683572
549,waymo_train,waymo_800-999,4446,541;608,541,"range(25, 77)",equal,0.5,21,0,0.9684296469592407
550,waymo_train,waymo_800-999,44786,3136;3146,3136,"range(0, 41)",3136,0.0,17,0,0.6073146155375028
551,waymo_train,waymo_800-999,47705,1310;1313,1310,"range(0, 47)",1313,1.0,31,0,0.8511143373641503
552,waymo_train,waymo_800-999,49564,526;543,526,"range(5, 52)",543,1.0,33,0,0.8213050630938664
553,waymo_train,waymo_800-999,55015,258;280,258,"range(27, 74)",258,0.0,28,0,0.7937278339903563
554,waymo_train,waymo_800-999,56068,218;233,218,"range(0, 33)",218,0.0,16,0,0.01365868911269718
555,waymo_train,waymo_800-999,57920,151;152,151,"range(0, 44)",152,1.0,38,0,0.8980552323327162
556,waymo_train,waymo_800-999,59997,925;952,925,"range(0, 34)",952,1.0,24,0,0.6891797624688266
557,waymo_train,waymo_800-999,63488,787;830,787,"range(27, 72)",830,1.0,24,0,0.8361695454305275
558,waymo_train,waymo_800-999,63699,1214;1220,1214,"range(10, 52)",1220,1.0,18,0,0.6156021262519666
559,waymo_train,waymo_800-999,63921,892;961,892,"range(39, 80)",892,0.0,21,0,0.03952984174020081
560,waymo_train,waymo_800-999,64975,12;5,12,"range(0, 38)",5,1.0,24,0,0.7075973284808992
561,waymo_train,waymo_800-999,65486,1430;1493,1430,"range(14, 59)",1430,0.0,28,0,0.1894815279158855
562,waymo_train,waymo_800-999,70626,889;925,889,"range(11, 50)",equal,0.5,34,0,0.8982156827982871
563,waymo_train,waymo_800-999,74743,2106;2108,2106,"range(0, 39)",2106,0.0,26,0,0.11301116203679462
564,waymo_train,waymo_800-999,79653,681;713,681,"range(42, 81)",713,1.0,16,0,0.7362370170518701
565,waymo_train,waymo_800-999,8064,14;47,14,"range(4, 56)",14,0.0,26,0,0.8210637190273443
566,waymo_train,waymo_800-999,82258,1;22,1,"range(0, 63)",1,0.0,15,0,0.7594593025760915
567,waymo_train,waymo_800-999,82258,1;13;22,1,"range(0, 30)",1,0.0,14,0,0.8027893762823332
568,waymo_train,waymo_800-999,87468,3;58,3,"range(31, 75)",58,1.0,16,0,0.713784443950604
569,waymo_train,waymo_800-999,87652,151;152,151,"range(4, 54)",152,1.0,44,0,0.8851239482262666
570,waymo_train,waymo_800-999,88919,183;226,183,"range(3, 61)",226,1.0,29,0,0.7431986251515826
571,waymo_train,waymo_800-999,89194,919;982,919,"range(12, 51)",982,1.0,18,0,0.8968742808788812
572,waymo_train,waymo_800-999,90448,3136;3146,3136,"range(30, 90)",3136,0.0,38,0,0.4925305904272331
573,waymo_train,waymo_0-299,36865,857;869,857,"range(0, 34)",869,1.0,29,0,0.7384530481530345
574,waymo_train,waymo_0-299,43040,648;652,648,"range(0, 39)",equal,0.5,22,0,0.9993391244715295
575,waymo_train,waymo_0-299,572,1983;1987,1983,"range(0, 33)",1987,1.0,20,0,0.7735777769750947
576,waymo_train,waymo_0-299,85413,1473;1484,1473,"range(0, 50)",1484,1.0,36,0,0.6955522688493416
577,waymo_train,waymo_0-299,114790,47;49,47,"range(0, 44)",49,1.0,39,0,0.7055485066904035
578,waymo_train,waymo_0-299,17028,1451;1452;1463,1451,"range(0, 35)",1452,1.0,28,0,0.7418374045908818
579,waymo_train,waymo_0-299,3052,587;601,587,"range(14, 60)",601,1.0,30,0,0.7222844290530467
580,waymo_train,waymo_0-299,90959,483;497,483,"range(0, 51)",497,1.0,44,0,0.7908808585068023
581,waymo_train,waymo_0-299,30645,2037;2049,2037,"range(9, 57)",2049,1.0,35,0,0.6978823691035755
582,waymo_train,waymo_0-299,91488,187;201,187,"range(0, 41)",201,1.0,36,0,0.7150380052508652
583,waymo_train,waymo_0-299,31290,1236;1259,1236,"range(28, 67)",1259,1.0,27,0,0.6616324167860232
584,waymo_train,waymo_0-299,31963,1051;1055;1064,1051,"range(0, 45)",1055,1.0,39,0,0.7688809444620158
585,waymo_train,waymo_0-299,33927,157;159,157,"range(0, 35)",159,1.0,30,0,0.6946671527647114
586,waymo_train,waymo_0-299,34080,14;33,14,"range(0, 50)",33,1.0,38,0,0.7420562164795189
587,waymo_train,waymo_0-299,35696,10;12;7,10,"range(14, 57)",equal,0.5,38,0,0.9396530139996269
588,waymo_train,waymo_0-299,96647,877;890,877,"range(0, 32)",890,1.0,23,0,0.7648886310869629
589,waymo_train,waymo_0-299,37626,1243;1323,1243,"range(0, 42)",1323,1.0,30,0,0.6977873162105096
590,waymo_train,waymo_0-299,3773,2448;2449,2448,"range(0, 42)",2449,1.0,22,0,0.7032813536604112
591,waymo_train,waymo_0-299,98965,141;91,141,"range(10, 50)",91,1.0,29,0,0.8018596332620412
592,waymo_train,waymo_0-299,38875,1766;1768,1766,"range(0, 90)",equal,0.5,65,0,0.9230103222451751
593,waymo_train,waymo_0-299,137037,22;3,22,"range(8, 54)",3,1.0,0,0,1.0
594,waymo_train,waymo_0-299,7292,403;409,403,"range(0, 35)",409,1.0,30,0,0.7495836832336227
595,waymo_train,waymo_0-299,73818,1877;1885,1877,"range(25, 66)",1885,1.0,36,0,0.7016949760805926
596,waymo_train,waymo_300-499,30753,137;162,137,"range(0, 34)",162,1.0,29,0,0.7640186717992016
597,waymo_train,waymo_300-499,31058,1066;1070,1066,"range(13, 68)",equal,0.5,41,0,0.9982986491249947
598,waymo_train,waymo_300-499,36764,775;779,775,"range(26, 82)",779,1.0,41,0,0.7340351498127763
599,waymo_train,waymo_300-499,37687,46;55;62,46,"range(36, 78)",55,1.0,26,0,0.7825005799447916
600,waymo_train,waymo_300-499,37736,426;428,426,"range(11, 53)",428,1.0,37,0,0.7175531860413524
601,waymo_train,waymo_300-499,42416,607;620,607,"range(0, 35)",620,1.0,30,0,0.6274341335120523
602,waymo_train,waymo_300-499,44965,715;724,715,"range(22, 68)",724,1.0,37,0,0.7239039308501993
603,waymo_train,waymo_300-499,45843,1070;1078,1070,"range(20, 76)",1078,1.0,42,0,0.6998302390987844
604,waymo_train,waymo_300-499,47439,2;3,2,"range(0, 33)",3,1.0,26,0,0.7515161765222841
605,waymo_train,waymo_300-499,48134,1336;1356,1336,"range(0, 36)",1356,1.0,31,0,0.7221355874154467
606,waymo_train,waymo_300-499,49649,2691;2707,2691,"range(0, 30)",2707,1.0,25,0,0.532917670466884
607,waymo_train,waymo_300-499,51089,426;428,426,"range(31, 73)",428,1.0,37,0,0.7175531860413524
608,waymo_train,waymo_300-499,51793,969;970,969,"range(30, 82)",970,1.0,42,0,0.7615328151753848
609,waymo_train,waymo_300-499,52617,1562;1564,1562,"range(0, 39)",1564,1.0,34,0,0.7376979118852155
610,waymo_train,waymo_300-499,52805,551;609,551,"range(0, 29)",equal,0.5,19,0,0.9991273183420604
611,waymo_train,waymo_300-499,53455,1635;1648,1635,"range(18, 57)",1648,1.0,27,0,0.7526647111108912
612,waymo_train,waymo_300-499,55718,1888;1889,1888,"range(0, 35)",1889,1.0,30,0,0.5394039249615802
613,waymo_train,waymo_300-499,57273,1041;1042,1041,"range(0, 50)",1042,1.0,41,0,0.6999950647334185
614,waymo_train,waymo_300-499,60488,52;8,52,"range(6, 47)",equal,0.5,17,0,0.9905684368173657
615,waymo_train,waymo_300-499,63485,34;7,34,"range(0, 45)",equal,0.5,29,0,0.9158503092374781
616,waymo_train,waymo_300-499,65646,809;892,809,"range(0, 31)",892,1.0,22,0,0.6901047466718443
617,waymo_train,waymo_300-499,72525,1600;1619,1600,"range(0, 31)",equal,0.5,26,0,0.9991819456314549
618,waymo_train,waymo_300-499,73907,2195;2199,2195,"range(19, 58)",2199,1.0,34,0,0.6537514975542071
619,waymo_train,waymo_300-499,74334,2616;2630,2616,"range(16, 56)",2630,1.0,31,0,0.7082305478268924
620,waymo_train,waymo_300-499,78507,1262;1263,1262,"range(0, 38)",1263,1.0,33,0,0.7001433639303921
621,waymo_train,waymo_300-499,81317,702;727,702,"range(6, 46)",equal,0.5,22,0,0.9155363756912563
622,waymo_train,waymo_300-499,82821,426;428,426,"range(0, 33)",equal,0.5,28,0,0.9990571577390849
623,waymo_train,waymo_300-499,84523,353;382,353,"range(37, 80)",382,1.0,32,0,0.748891635709229
624,waymo_train,waymo_300-499,88364,775;776,775,"range(14, 62)",776,1.0,43,0,0.7374205428792189
625,waymo_train,waymo_300-499,89707,720;733,720,"range(21, 61)",equal,0.5,29,0,0.9957772878538184
626,waymo_train,waymo_300-499,89825,2037;2049,2037,"range(29, 77)",2049,1.0,35,0,0.6978823691035755
627,waymo_train,waymo_300-499,91402,187;201,187,"range(11, 61)",201,1.0,36,0,0.7150380052508652
628,waymo_train,waymo_300-499,93106,1473;1484,1473,"range(22, 90)",1484,1.0,38,0,0.6927202774635142
629,waymo_train,waymo_300-499,94209,1066;1070,1066,"range(0, 48)",equal,0.5,41,0,0.9982986491249947
630,waymo_train,waymo_300-499,95256,10;17;7,10,"range(0, 49)",17,1.0,29,0,0.7438270794582542
631,waymo_train,waymo_300-499,96337,197;200,197,"range(0, 47)",equal,0.5,37,0,0.997977323464663
632,waymo_train,waymo_500-799,13010,16;2;3,16,"range(0, 72)",2,1.0,24,0,0.7732622730503745
633,waymo_train,waymo_500-799,101200,1833;1844,1833,"range(0, 31)",1844,1.0,26,0,0.7751689251819704
634,waymo_train,waymo_500-799,13157,1816;1830,1816,"range(0, 55)",equal,0.5,36,0,0.9995541479054096
635,waymo_train,waymo_500-799,48427,353;382,353,"range(17, 60)",382,1.0,32,0,0.748891635709229
636,waymo_train,waymo_500-799,54760,2813;2817,2813,"range(0, 34)",2817,1.0,29,0,0.6992929487621479
637,waymo_train,waymo_500-799,64373,46;55;62,46,"range(16, 58)",55,1.0,26,0,0.7825005799447916
638,waymo_train,waymo_500-799,83323,716;721,716,"range(7, 48)",721,1.0,35,0,0.7193765031893262
639,waymo_train,waymo_500-799,105115,877;890,877,"range(31, 82)",890,1.0,32,0,0.7519058897483312
640,waymo_train,waymo_500-799,15325,453;459,453,"range(12, 63)",459,1.0,42,0,0.6677111653782339
641,waymo_train,waymo_500-799,15617,37;54,37,"range(17, 56)",54,1.0,34,0,0.7486827666913718
642,waymo_train,waymo_500-799,18084,287;381,287,"range(0, 50)",381,1.0,45,0,0.6702209421450399
643,waymo_train,waymo_500-799,23598,1001;951,1001,"range(0, 40)",equal,0.5,0,0,1.0
644,waymo_train,waymo_500-799,25406,1732;1740,1732,"range(3, 52)",1740,1.0,41,0,0.7622105494630586
645,waymo_train,waymo_500-799,25592,1093;1118,1093,"range(2, 42)",1118,1.0,35,0,0.584084223465195
646,waymo_train,waymo_500-799,80153,2616;2630,2616,"range(16, 56)",2630,1.0,31,0,0.7082305478268924
647,waymo_train,waymo_500-799,28915,969;970,969,"range(10, 62)",970,1.0,42,0,0.7615328151753848
648,waymo_train,waymo_500-799,29350,195;233,195,"range(3, 51)",233,1.0,0,0,1.0
649,waymo_train,waymo_500-799,83496,1620;1622,1620,"range(6, 47)",1622,1.0,36,0,0.6142471437527841
650,waymo_train,waymo_500-799,33613,1833;1844,1833,"range(0, 51)",1844,1.0,40,0,0.7608351839904552
651,waymo_train,waymo_500-799,87164,723;748,723,"range(3, 43)",748,1.0,19,0,0.6932411078034167
652,waymo_train,waymo_500-799,87652,2000;2004,2000,"range(21, 72)",2004,1.0,38,0,0.7696301938652281
653,waymo_train,waymo_500-799,34232,329;364,329,"range(0, 63)",equal,0.5,36,0,0.9796115238870003
654,waymo_train,waymo_500-799,34905,1161;1164;1166,1161,"range(15, 56)",1164,1.0,28,0,0.7651457766796492
655,waymo_train,waymo_500-799,35237,2280;2395,2280,"range(44, 87)",2280,0.0,36,0,0.1956375536875631
656,waymo_train,waymo_500-799,37627,1145;1155,1145,"range(28, 73)",equal,0.5,21,0,0.9973006321562311
657,waymo_train,waymo_500-799,37740,2181;2190,2181,"range(19, 58)",2190,1.0,30,0,0.7743517370269799
658,waymo_train,waymo_500-799,37740,2180;2181;2190,2180,"range(0, 53)",2181,1.0,41,0,0.7266095986200171
659,waymo_train,waymo_500-799,41319,775;779,775,"range(6, 62)",779,1.0,41,0,0.7340351498127763
660,waymo_train,waymo_500-799,42118,46;55;62,46,"range(6, 48)",55,1.0,26,0,0.7825005799447916
661,waymo_train,waymo_500-799,97452,2513;2514,2513,"range(0, 30)",2514,1.0,25,0,0.5334721409841051
662,waymo_train,waymo_500-799,44724,211;214,211,"range(3, 42)",equal,0.5,9,0,0.9936090067113472
663,waymo_train,waymo_500-799,44895,708;712,708,"range(30, 76)",equal,0.5,39,0,0.9993822163871946
664,waymo_train,waymo_500-799,98170,7;8,7,"range(24, 72)",8,1.0,39,0,0.6768533670433019
665,waymo_train,waymo_500-799,45248,392;402,392,"range(2, 42)",402,1.0,9,0,0.695874753156077
666,waymo_train,waymo_500-799,45633,1993;1996,1993,"range(0, 40)",1996,1.0,0,0,1.0
667,waymo_train,waymo_500-799,103108,1654;1660,1654,"range(37, 86)",1660,1.0,38,0,0.7955446850461548
668,waymo_train,waymo_500-799,48167,2508;2686,2508,"range(11, 58)",2686,1.0,39,0,0.6961794031821211
669,waymo_train,waymo_500-799,104779,607;620,607,"range(19, 65)",equal,0.5,36,0,0.9589482386440782
670,waymo_train,waymo_500-799,50888,197;200,197,"range(5, 57)",equal,0.5,37,0,0.997977323464663
671,waymo_train,waymo_500-799,51525,1718;1722,1718,"range(19, 70)",1722,1.0,35,0,0.703665674605764
672,waymo_train,waymo_500-799,5162,14;33,14,"range(0, 40)",33,1.0,35,0,0.7462056297451382
673,waymo_train,waymo_500-799,51669,407;429,407,"range(14, 58)",429,1.0,39,0,0.741477790257473
674,waymo_train,waymo_500-799,52080,1635;1648,1635,"range(18, 57)",1648,1.0,27,0,0.7526647111108912
675,waymo_train,waymo_500-799,108386,102;116,102,"range(0, 36)",116,1.0,31,0,0.7046094359782286
676,waymo_train,waymo_500-799,108507,216;217,216,"range(11, 66)",217,1.0,34,0,0.800455440052286
677,waymo_train,waymo_800-999,57019,869;887;903,869,"range(11, 52)",887,1.0,30,0,0.7310217465227283
678,waymo_train,waymo_800-999,62986,1197;1221,1197,"range(12, 52)",1221,1.0,0,0,1.0
679,waymo_train,waymo_800-999,64072,2280;2395,2280,"range(44, 87)",2280,0.0,36,0,0.1956375536875631
680,waymo_train,waymo_800-999,66110,260;261,260,"range(45, 90)",equal,0.5,27,0,0.869637452873643
681,waymo_train,waymo_800-999,70093,1118;1122,1118,"range(1, 44)",1122,1.0,0,0,1.0
682,waymo_train,waymo_800-999,7323,1493;1518,1493,"range(0, 30)",equal,0.5,25,0,0.9991413170136902
683,waymo_train,waymo_800-999,81067,1816;1830,1816,"range(21, 85)",1830,1.0,36,0,0.7428154157853853
684,waymo_train,waymo_800-999,81140,1394;1395,1394,"range(31, 80)",1394,0.0,0,0,1.0
685,waymo_train,waymo_800-999,83422,50;58,50,"range(0, 33)",58,1.0,0,0,1.0
686,waymo_train,waymo_800-999,84477,16;2,16,"range(0, 39)",2,1.0,29,0,0.7180233285071091
687,waymo_train,waymo_800-999,84666,37;54,37,"range(17, 56)",54,1.0,34,0,0.7486827666913718
688,waymo_train,waymo_800-999,85169,1682;1686,1682,"range(5, 55)",1686,1.0,39,0,0.7713739767477653
689,waymo_train,waymo_800-999,86865,1716;1730,1716,"range(0, 51)",1730,1.0,46,0,0.6737666520905545
690,waymo_train,waymo_800-999,88419,1816;1830,1816,"range(0, 55)",equal,0.5,36,0,0.9995541479054096
691,waymo_train,waymo_800-999,89755,1763;1774,1763,"range(24, 72)",equal,0.5,33,0,0.9961146330875652
692,waymo_train,waymo_800-999,9070,1262;1263,1262,"range(24, 78)",1263,1.0,49,0,0.6915347171830837
693,waymo_train,waymo_800-999,96286,2280;2395,2280,"range(24, 67)",2280,0.0,36,0,0.1956375536875631
694,waymo_train,waymo_800-999,96839,1;49,1,"range(30, 74)",49,1.0,31,0,0.7118810799048747
695,waymo_train,waymo_800-999,97042,2469;2470,2469,"range(14, 76)",2470,1.0,43,0,0.6827827711278384
696,waymo_train,waymo_800-999,97086,2448;2449,2448,"range(30, 82)",2449,1.0,29,0,0.7027142035035305
697,waymo_train,waymo_0-299,67796,693;701,693,"range(27, 81)",701,1.0,38,0,0.6728713334286511
698,waymo_train,waymo_0-299,22758,1447;1482;1511;1520,1447,"range(28, 70)",equal,0.5,29,0,0.879235197171425
699,waymo_train,waymo_0-299,92882,2552;2568;2571,2552,"range(11, 71)",equal,0.5,40,0,0.9983104203330866
700,waymo_train,waymo_0-299,49360,1067;1073,1067,"range(0, 44)",1067,0.0,33,0,0.48853768418825644
701,waymo_train,waymo_300-499,1918,2348;2350,2348,"range(4, 46)",equal,0.5,26,0,0.8908393378237013
702,waymo_train,waymo_300-499,12119,577;598,577,"range(2, 47)",equal,0.5,33,0,0.9862932400034272
703,waymo_train,waymo_500-799,20002,811;832,811,"range(7, 54)",832,1.0,38,0,0.7354025895047375
704,waymo_train,waymo_800-999,88316,1666;1696,1666,"range(46, 87)",1666,0.0,28,0,0.7906157115265883
705,waymo_train,waymo_800-999,88449,138;144,138,"range(13, 54)",138,0.0,27,0,0.7017325894115456
