index,dataset,folder,scenario_idx,track_id,ego_id,timerange,comfortable_threshold,uncomfortable_threshold,linear_decay_slope,n_timesteps,jerk
1,waymo_train,waymo_0-299,32111,1272;ego,ego,"range(0, 33)",0.6,1.0,0.5,33,0.7963163309408536
2,waymo_train,waymo_0-299,3671,794;ego,ego,"range(18, 58)",0.6,1.0,0.5,40,0.5331838376058878
3,waymo_train,waymo_0-299,46973,203;ego,ego,"range(8, 56)",0.6,1.0,0.5,48,0.8613478444714892
4,waymo_train,waymo_0-299,51490,2018;ego,ego,"range(25, 77)",0.6,1.0,0.5,52,0.8370021837274815
5,waymo_train,waymo_0-299,5567,2184;ego,ego,"range(15, 81)",0.6,1.0,0.5,66,0.5021632069845751
6,waymo_train,waymo_0-299,79408,1998;ego,ego,"range(16, 55)",0.6,1.0,0.5,39,0.640049495096328
7,waymo_train,waymo_0-299,95569,2248;ego,ego,"range(27, 79)",0.6,1.0,0.5,52,0.4406020025462275
8,waymo_train,waymo_0-299,102587,924;ego,ego,"range(13, 74)",0.6,1.0,0.5,61,0.7601164544537105
9,waymo_train,waymo_0-299,123876,2865;ego,ego,"range(28, 67)",0.6,1.0,0.5,39,0.3953398513935418
10,waymo_train,waymo_0-299,134006,2657;ego,ego,"range(26, 90)",0.6,1.0,0.5,64,0.7201958301836435
11,waymo_train,waymo_0-299,14720,899;ego,ego,"range(6, 63)",0.6,1.0,0.5,57,0.5574004706609706
12,waymo_train,waymo_0-299,15227,1844;ego,ego,"range(9, 75)",0.6,1.0,0.5,66,0.45199603279463124
13,waymo_train,waymo_0-299,16714,526;ego,ego,"range(4, 71)",0.6,1.0,0.5,67,0.6446466786000351
14,waymo_train,waymo_0-299,19079,165;ego,ego,"range(22, 70)",0.6,1.0,0.5,48,0.7971271261740656
15,waymo_train,waymo_0-299,20296,950;ego,ego,"range(0, 29)",0.6,1.0,0.5,29,0.6235173357127644
16,waymo_train,waymo_0-299,20708,5;ego,ego,"range(0, 53)",0.6,1.0,0.5,53,0.5626327076916594
17,waymo_train,waymo_0-299,20895,1936;ego,ego,"range(2, 55)",0.6,1.0,0.5,53,0.6899686340934226
18,waymo_train,waymo_0-299,24389,1952;ego,ego,"range(16, 62)",0.6,1.0,0.5,46,0.28032141091789686
19,waymo_train,waymo_0-299,25708,1887;ego,ego,"range(23, 75)",0.6,1.0,0.5,52,0.4520779648672247
20,waymo_train,waymo_0-299,27447,68;ego,ego,"range(0, 30)",0.6,1.0,0.5,30,0.22365605476320125
21,waymo_train,waymo_0-299,27765,2421;ego,ego,"range(13, 59)",0.6,1.0,0.5,46,0.3894518689421562
22,waymo_train,waymo_0-299,29833,798;ego,ego,"range(0, 52)",0.6,1.0,0.5,52,0.9048919674520276
23,waymo_train,waymo_0-299,30020,1117;ego,ego,"range(19, 64)",0.6,1.0,0.5,45,0.5010953573959259
24,waymo_train,waymo_0-299,90380,861;ego,ego,"range(0, 36)",0.6,1.0,0.5,36,0.6297294009524752
25,waymo_train,waymo_0-299,91392,1093;ego,ego,"range(21, 65)",0.6,1.0,0.5,44,0.9396327289175133
26,waymo_train,waymo_0-299,91425,1483;ego,ego,"range(0, 46)",0.6,1.0,0.5,46,0.5400280359173301
27,waymo_train,waymo_0-299,91832,4313;ego,ego,"range(3, 43)",0.6,1.0,0.5,40,0.48355330505248073
28,waymo_train,waymo_0-299,91933,518;ego,ego,"range(36, 81)",0.6,1.0,0.5,45,0.4875431237338549
29,waymo_train,waymo_0-299,31651,1806;ego,ego,"range(2, 59)",0.6,1.0,0.5,57,0.8120214548238577
30,waymo_train,waymo_0-299,93102,701;ego,ego,"range(0, 45)",0.6,1.0,0.5,45,0.7296654622171335
31,waymo_train,waymo_0-299,94336,957;ego,ego,"range(0, 38)",0.6,1.0,0.5,38,0.4263044771248506
32,waymo_train,waymo_0-299,35451,389;391;ego,ego,"range(25, 65)",0.6,1.0,0.5,40,0.31259437392656164
33,waymo_train,waymo_0-299,96603,1803;ego,ego,"range(0, 39)",0.6,1.0,0.5,39,0.5030728719153039
34,waymo_train,waymo_0-299,97207,2371;ego,ego,"range(24, 86)",0.6,1.0,0.5,62,0.4377627597804449
35,waymo_train,waymo_0-299,37022,20;ego,ego,"range(16, 78)",0.6,1.0,0.5,62,0.7561399154930396
36,waymo_train,waymo_0-299,99483,1094;ego,ego,"range(29, 76)",0.6,1.0,0.5,47,0.7263293312912709
37,waymo_train,waymo_0-299,39058,182;ego,ego,"range(4, 54)",0.6,1.0,0.5,50,0.6972324401978657
38,waymo_train,waymo_0-299,100679,727;ego,ego,"range(14, 84)",0.6,1.0,0.5,70,0.7112208179126321
39,waymo_train,waymo_0-299,100967,728;741;ego,ego,"range(11, 58)",0.6,1.0,0.5,47,0.3212353918963074
40,waymo_train,waymo_0-299,100967,728;ego,ego,"range(4, 63)",0.6,1.0,0.5,59,0.28748742442784075
41,waymo_train,waymo_0-299,40040,3006;ego,ego,"range(21, 83)",0.6,1.0,0.5,62,0.5338004724500433
42,waymo_train,waymo_0-299,102468,1818;ego,ego,"range(0, 38)",0.6,1.0,0.5,38,0.34387150811314593
43,waymo_train,waymo_0-299,41580,2428;ego,ego,"range(0, 43)",0.6,1.0,0.5,43,0.32724568951023947
44,waymo_train,waymo_0-299,105812,566;ego,ego,"range(0, 56)",0.6,1.0,0.5,56,0.7336447153108884
45,waymo_train,waymo_0-299,45858,2509;2512;ego,ego,"range(17, 60)",0.6,1.0,0.5,43,0.7490331327954567
46,waymo_train,waymo_0-299,10815,1556;ego,ego,"range(0, 50)",0.6,1.0,0.5,50,0.5162999195375377
47,waymo_train,waymo_0-299,108745,118;ego,ego,"range(5, 56)",0.6,1.0,0.5,51,0.8084703016947651
48,waymo_train,waymo_0-299,109961,344;ego,ego,"range(11, 54)",0.6,1.0,0.5,43,0.34794362182651956
49,waymo_train,waymo_0-299,49119,324;ego,ego,"range(0, 31)",0.6,1.0,0.5,31,0.8892828783920763
50,waymo_train,waymo_0-299,112924,97;ego,ego,"range(0, 31)",0.6,1.0,0.5,31,0.4868829912794504
51,waymo_train,waymo_0-299,114054,1150;ego,ego,"range(8, 60)",0.6,1.0,0.5,52,0.650436231849947
52,waymo_train,waymo_0-299,52182,1332;ego,ego,"range(21, 64)",0.6,1.0,0.5,43,0.7323944627506432
53,waymo_train,waymo_0-299,115062,2930;2933;ego,ego,"range(23, 73)",0.6,1.0,0.5,50,0.7689954700984224
54,waymo_train,waymo_0-299,52926,1;ego,ego,"range(3, 72)",0.6,1.0,0.5,69,0.5699203620596924
55,waymo_train,waymo_0-299,115640,545;ego,ego,"range(0, 32)",0.6,1.0,0.5,32,0.5732870894443507
56,waymo_train,waymo_0-299,116105,2352;ego,ego,"range(23, 82)",0.6,1.0,0.5,59,0.8754285383573732
57,waymo_train,waymo_0-299,53713,1870;ego,ego,"range(5, 45)",0.6,1.0,0.5,40,0.313422926997826
58,waymo_train,waymo_0-299,116679,760;ego,ego,"range(12, 65)",0.6,1.0,0.5,53,0.684145441434287
59,waymo_train,waymo_0-299,118224,294;295;ego,ego,"range(25, 66)",0.6,1.0,0.5,41,0.3760885678921088
60,waymo_train,waymo_0-299,118961,1860;ego,ego,"range(16, 71)",0.6,1.0,0.5,55,0.6834610260709205
61,waymo_train,waymo_0-299,119354,1624;1669;ego,ego,"range(21, 73)",0.6,1.0,0.5,52,0.41405358787965185
62,waymo_train,waymo_0-299,57654,996;ego,ego,"range(27, 67)",0.6,1.0,0.5,40,0.7625937597873731
63,waymo_train,waymo_0-299,58006,627;ego,ego,"range(27, 76)",0.6,1.0,0.5,49,0.6956132033379068
64,waymo_train,waymo_0-299,123816,1865;ego,ego,"range(19, 67)",0.6,1.0,0.5,48,0.7674731703514505
65,waymo_train,waymo_0-299,60754,364;ego,ego,"range(0, 40)",0.6,1.0,0.5,40,0.6514950954572031
66,waymo_train,waymo_0-299,124480,822;ego,ego,"range(4, 43)",0.6,1.0,0.5,39,0.16025693570045396
67,waymo_train,waymo_0-299,126269,73;ego,ego,"range(6, 58)",0.6,1.0,0.5,52,0.4790283289043964
68,waymo_train,waymo_0-299,62972,514;ego,ego,"range(0, 48)",0.6,1.0,0.5,48,0.6427183344976805
69,waymo_train,waymo_0-299,63545,1558;ego,ego,"range(28, 90)",0.6,1.0,0.5,62,0.5979091794855298
70,waymo_train,waymo_0-299,128041,1991;ego,ego,"range(0, 54)",0.6,1.0,0.5,54,0.7093376717615866
71,waymo_train,waymo_0-299,128046,510;ego,ego,"range(24, 63)",0.6,1.0,0.5,39,0.40680496791890075
72,waymo_train,waymo_0-299,128061,1511;ego,ego,"range(11, 57)",0.6,1.0,0.5,46,0.43364670841482894
73,waymo_train,waymo_0-299,128172,0;2;ego,ego,"range(0, 34)",0.6,1.0,0.5,34,0.684622185592066
74,waymo_train,waymo_0-299,128987,851;ego,ego,"range(25, 81)",0.6,1.0,0.5,56,0.6950382898357818
75,waymo_train,waymo_0-299,129657,1167;ego,ego,"range(31, 71)",0.6,1.0,0.5,40,0.14915321368447176
76,waymo_train,waymo_0-299,130102,0;ego,ego,"range(0, 30)",0.6,1.0,0.5,30,0.745330849285888
77,waymo_train,waymo_0-299,130664,944;ego,ego,"range(3, 70)",0.6,1.0,0.5,67,0.7303123800527667
78,waymo_train,waymo_0-299,132604,147;ego,ego,"range(21, 65)",0.6,1.0,0.5,44,0.30759571806557423
79,waymo_train,waymo_0-299,69563,1619;ego,ego,"range(0, 41)",0.6,1.0,0.5,41,0.588326807679618
80,waymo_train,waymo_0-299,134586,19;ego,ego,"range(28, 90)",0.6,1.0,0.5,62,0.8242035408502963
81,waymo_train,waymo_0-299,70862,1201;ego,ego,"range(3, 43)",0.6,1.0,0.5,40,0.23975649569276394
82,waymo_train,waymo_0-299,136334,874;ego,ego,"range(20, 80)",0.6,1.0,0.5,60,0.6646745214814761
83,waymo_train,waymo_0-299,136545,22;ego,ego,"range(0, 54)",0.6,1.0,0.5,54,0.7760364363191425
84,waymo_train,waymo_0-299,137674,121;ego,ego,"range(0, 43)",0.6,1.0,0.5,43,0.7557095388892607
85,waymo_train,waymo_0-299,138672,448;ego,ego,"range(0, 52)",0.6,1.0,0.5,52,0.54320421576577
86,waymo_train,waymo_0-299,75730,1522;ego,ego,"range(13, 64)",0.6,1.0,0.5,51,0.46757531301236505
87,waymo_train,waymo_0-299,7635,630;ego,ego,"range(26, 75)",0.6,1.0,0.5,49,0.6434974383341078
88,waymo_train,waymo_0-299,141163,1055;ego,ego,"range(0, 51)",0.6,1.0,0.5,51,0.5209622210684145
89,waymo_train,waymo_0-299,141367,1629;ego,ego,"range(4, 44)",0.6,1.0,0.5,40,0.42108617452056585
90,waymo_train,waymo_0-299,77340,3023;ego,ego,"range(20, 78)",0.6,1.0,0.5,58,0.7043091971610057
91,waymo_train,waymo_0-299,142692,10;ego,ego,"range(28, 76)",0.6,1.0,0.5,48,0.7031727837320085
92,waymo_train,waymo_0-299,142643,834;ego,ego,"range(0, 32)",0.6,1.0,0.5,32,0.7705668353899401
93,waymo_train,waymo_0-299,78420,1445;1449;ego,ego,"range(25, 78)",0.6,1.0,0.5,53,0.6663837176836708
94,waymo_train,waymo_0-299,144899,2082;ego,ego,"range(0, 35)",0.6,1.0,0.5,35,0.5629438177158091
95,waymo_train,waymo_0-299,80298,1173;ego,ego,"range(29, 85)",0.6,1.0,0.5,56,0.42071689280550045
96,waymo_train,waymo_0-299,82104,2678;2685;ego,ego,"range(27, 69)",0.6,1.0,0.5,42,0.4548247906033988
97,waymo_train,waymo_0-299,82350,811;ego,ego,"range(0, 48)",0.6,1.0,0.5,48,0.833261179149889
98,waymo_train,waymo_0-299,8355,2653;ego,ego,"range(0, 51)",0.6,1.0,0.5,51,0.8148567928955021
99,waymo_train,waymo_0-299,8356,1911;1912;ego,ego,"range(25, 76)",0.6,1.0,0.5,51,0.6897186917225306
100,waymo_train,waymo_0-299,83990,1936;ego,ego,"range(24, 74)",0.6,1.0,0.5,50,0.7801928616917937
101,waymo_train,waymo_0-299,84631,1071;ego,ego,"range(30, 73)",0.6,1.0,0.5,43,0.20891925276556952
102,waymo_train,waymo_0-299,85224,44;ego,ego,"range(0, 32)",0.6,1.0,0.5,32,0.35607913167825905
103,waymo_train,waymo_0-299,88794,7;ego,ego,"range(8, 52)",0.6,1.0,0.5,44,0.6371559893107771
104,waymo_train,waymo_300-499,7312,924;ego,ego,"range(0, 34)",0.6,1.0,0.5,34,0.7854859434060363
105,waymo_train,waymo_300-499,1013,3457;ego,ego,"range(25, 73)",0.6,1.0,0.5,48,0.5772636506167453
106,waymo_train,waymo_300-499,3052,572;ego,ego,"range(13, 75)",0.6,1.0,0.5,62,0.5593116806310687
107,waymo_train,waymo_300-499,3545,95;ego,ego,"range(40, 79)",0.6,1.0,0.5,39,0.8931843709281193
108,waymo_train,waymo_300-499,1698,3222;ego,ego,"range(18, 83)",0.6,1.0,0.5,65,0.7732305831948605
109,waymo_train,waymo_300-499,4263,2;ego,ego,"range(15, 66)",0.6,1.0,0.5,51,0.36403155948546956
110,waymo_train,waymo_300-499,6567,862;ego,ego,"range(0, 29)",0.6,1.0,0.5,29,0.5159176715827807
111,waymo_train,waymo_300-499,7147,13;ego,ego,"range(12, 56)",0.6,1.0,0.5,44,0.8945440292442762
112,waymo_train,waymo_300-499,8791,458;ego,ego,"range(0, 43)",0.6,1.0,0.5,43,0.7081466182190624
113,waymo_train,waymo_300-499,10837,403;ego,ego,"range(0, 54)",0.6,1.0,0.5,54,0.7653925624947907
114,waymo_train,waymo_300-499,11043,2566;ego,ego,"range(4, 55)",0.6,1.0,0.5,51,0.19421192434284523
115,waymo_train,waymo_300-499,12568,630;ego,ego,"range(16, 65)",0.6,1.0,0.5,49,0.6434974383341078
116,waymo_train,waymo_300-499,13381,3104;ego,ego,"range(30, 86)",0.6,1.0,0.5,56,0.7996735473425124
117,waymo_train,waymo_300-499,14368,99;ego,ego,"range(16, 55)",0.6,1.0,0.5,39,0.7451954767863166
118,waymo_train,waymo_300-499,15819,1233;ego,ego,"range(0, 38)",0.6,1.0,0.5,38,0.5083045279752765
119,waymo_train,waymo_300-499,17699,1355;ego,ego,"range(27, 80)",0.6,1.0,0.5,53,0.2709715158342175
120,waymo_train,waymo_300-499,18460,1667;ego,ego,"range(5, 45)",0.6,1.0,0.5,40,0.48681798677058047
121,waymo_train,waymo_300-499,24084,1929;1937;ego,ego,"range(33, 82)",0.6,1.0,0.5,49,0.45038923215347393
122,waymo_train,waymo_300-499,28017,1582;ego,ego,"range(0, 42)",0.6,1.0,0.5,42,0.6757100773331344
123,waymo_train,waymo_300-499,29531,38;ego,ego,"range(27, 76)",0.6,1.0,0.5,49,0.6117678132859009
124,waymo_train,waymo_300-499,30263,449;ego,ego,"range(0, 34)",0.6,1.0,0.5,34,0.3724620012840808
125,waymo_train,waymo_300-499,31872,2421;ego,ego,"range(21, 70)",0.6,1.0,0.5,49,0.7947690474131874
126,waymo_train,waymo_300-499,33029,2509;ego,ego,"range(0, 31)",0.6,1.0,0.5,31,0.6627237973558104
127,waymo_train,waymo_300-499,33167,440;ego,ego,"range(0, 39)",0.6,1.0,0.5,39,0.7407944834622889
128,waymo_train,waymo_300-499,33208,22;ego,ego,"range(0, 34)",0.6,1.0,0.5,34,0.7659571640487943
129,waymo_train,waymo_300-499,33632,493;ego,ego,"range(20, 75)",0.6,1.0,0.5,55,0.6037609784307958
130,waymo_train,waymo_300-499,33825,2034;ego,ego,"range(7, 52)",0.6,1.0,0.5,45,0.5225013937214833
131,waymo_train,waymo_300-499,36430,55;ego,ego,"range(0, 33)",0.6,1.0,0.5,33,0.9750164487266701
132,waymo_train,waymo_300-499,36726,1673;ego,ego,"range(15, 81)",0.6,1.0,0.5,66,0.45002478315553923
133,waymo_train,waymo_300-499,37568,819;ego,ego,"range(28, 76)",0.6,1.0,0.5,48,0.7325408325481356
134,waymo_train,waymo_300-499,39123,2072;ego,ego,"range(0, 36)",0.6,1.0,0.5,36,0.6341559778220682
135,waymo_train,waymo_300-499,39488,816;ego,ego,"range(14, 56)",0.6,1.0,0.5,42,0.5893808782243193
136,waymo_train,waymo_300-499,40777,776;ego,ego,"range(12, 52)",0.6,1.0,0.5,40,0.6594330980591019
137,waymo_train,waymo_300-499,42498,874;ego,ego,"range(0, 50)",0.6,1.0,0.5,50,0.6843193203706691
138,waymo_train,waymo_300-499,45365,2520;ego,ego,"range(0, 59)",0.6,1.0,0.5,59,0.6734873120226482
139,waymo_train,waymo_300-499,47578,2564;ego,ego,"range(7, 56)",0.6,1.0,0.5,49,0.7010166797989673
140,waymo_train,waymo_300-499,49968,2678;2685;ego,ego,"range(0, 39)",0.6,1.0,0.5,39,0.49256561084941947
141,waymo_train,waymo_300-499,51732,1565;ego,ego,"range(20, 85)",0.6,1.0,0.5,65,0.4193861403759844
142,waymo_train,waymo_300-499,52376,2;ego,ego,"range(16, 60)",0.6,1.0,0.5,44,0.6114603280420433
143,waymo_train,waymo_300-499,52525,73;ego,ego,"range(0, 48)",0.6,1.0,0.5,48,0.5201290438298966
144,waymo_train,waymo_300-499,52760,1344;1347;ego,ego,"range(25, 70)",0.6,1.0,0.5,45,0.41412426819521647
145,waymo_train,waymo_300-499,53170,1672;ego,ego,"range(31, 74)",0.6,1.0,0.5,43,0.769989688303519
146,waymo_train,waymo_300-499,53427,1658;ego,ego,"range(26, 67)",0.6,1.0,0.5,41,0.8666845896595471
147,waymo_train,waymo_300-499,53674,426;ego,ego,"range(0, 34)",0.6,1.0,0.5,34,0.6238526645868931
148,waymo_train,waymo_300-499,55806,989;ego,ego,"range(10, 74)",0.6,1.0,0.5,64,0.5669736861883052
149,waymo_train,waymo_300-499,59323,1856;ego,ego,"range(0, 52)",0.6,1.0,0.5,52,0.69383972492606
150,waymo_train,waymo_300-499,59768,2678;ego,ego,"range(0, 41)",0.6,1.0,0.5,41,0.6115496266697784
151,waymo_train,waymo_300-499,60782,484;ego,ego,"range(0, 43)",0.6,1.0,0.5,43,0.6459346097199666
152,waymo_train,waymo_300-499,60921,1;ego,ego,"range(0, 57)",0.6,1.0,0.5,57,0.4358290178279139
153,waymo_train,waymo_300-499,61572,807;ego,ego,"range(10, 50)",0.6,1.0,0.5,40,0.583256345867718
154,waymo_train,waymo_300-499,63117,2357;ego,ego,"range(35, 85)",0.6,1.0,0.5,50,0.7861498485104912
155,waymo_train,waymo_300-499,65037,276;ego,ego,"range(12, 58)",0.6,1.0,0.5,46,0.5571770593556882
156,waymo_train,waymo_300-499,65447,17;ego,ego,"range(0, 41)",0.6,1.0,0.5,41,0.5806965835987214
157,waymo_train,waymo_300-499,66183,207;ego,ego,"range(15, 72)",0.6,1.0,0.5,57,0.8619643413950087
158,waymo_train,waymo_300-499,69948,2078;ego,ego,"range(21, 82)",0.6,1.0,0.5,61,0.6314500673142674
159,waymo_train,waymo_300-499,71193,0;ego,ego,"range(3, 43)",0.6,1.0,0.5,40,0.4528777291875915
160,waymo_train,waymo_300-499,72906,1300;ego,ego,"range(18, 62)",0.6,1.0,0.5,44,0.2149037002963344
161,waymo_train,waymo_300-499,74076,229;ego,ego,"range(30, 90)",0.6,1.0,0.5,60,0.34768590327627363
162,waymo_train,waymo_300-499,74479,430;ego,ego,"range(25, 88)",0.6,1.0,0.5,63,0.5630542985465958
163,waymo_train,waymo_300-499,74600,2;ego,ego,"range(0, 40)",0.6,1.0,0.5,40,0.7270369103757056
164,waymo_train,waymo_300-499,74720,1352;ego,ego,"range(0, 35)",0.6,1.0,0.5,35,0.9034695843636649
165,waymo_train,waymo_300-499,75059,136;ego,ego,"range(0, 46)",0.6,1.0,0.5,46,0.3823372262748058
166,waymo_train,waymo_300-499,75126,485;ego,ego,"range(15, 54)",0.6,1.0,0.5,39,0.547689946742422
167,waymo_train,waymo_300-499,83000,926;ego,ego,"range(0, 42)",0.6,1.0,0.5,42,0.6277882380832008
168,waymo_train,waymo_300-499,84355,399;ego,ego,"range(11, 57)",0.6,1.0,0.5,46,0.8942110021004812
169,waymo_train,waymo_300-499,86995,1089;1092;ego,ego,"range(0, 37)",0.6,1.0,0.5,37,0.7376427345711591
170,waymo_train,waymo_300-499,86995,1089;1092;ego,ego,"range(0, 37)",0.6,1.0,0.5,37,0.7376427345711591
171,waymo_train,waymo_300-499,87504,3244;ego,ego,"range(26, 82)",0.6,1.0,0.5,56,0.9094911307614878
172,waymo_train,waymo_300-499,88500,1856;ego,ego,"range(0, 32)",0.6,1.0,0.5,32,0.7485198697632633
173,waymo_train,waymo_300-499,91011,2448;ego,ego,"range(0, 37)",0.6,1.0,0.5,37,0.6134935899160732
174,waymo_train,waymo_300-499,91653,796;ego,ego,"range(24, 82)",0.6,1.0,0.5,58,0.5307393050160347
175,waymo_train,waymo_300-499,92088,2308;ego,ego,"range(11, 73)",0.6,1.0,0.5,62,0.7472469116601941
176,waymo_train,waymo_300-499,92724,255;ego,ego,"range(44, 88)",0.6,1.0,0.5,44,0.6622247560277749
177,waymo_train,waymo_300-499,96333,1738;ego,ego,"range(0, 41)",0.6,1.0,0.5,41,0.560794918158178
178,waymo_train,waymo_300-499,97309,1297;ego,ego,"range(0, 46)",0.6,1.0,0.5,46,0.8373693781073774
179,waymo_train,waymo_500-799,21494,4;ego,ego,"range(0, 53)",0.6,1.0,0.5,53,0.722206585848365
180,waymo_train,waymo_500-799,3596,249;ego,ego,"range(0, 32)",0.6,1.0,0.5,32,0.6277937224312853
181,waymo_train,waymo_500-799,41283,583;ego,ego,"range(24, 87)",0.6,1.0,0.5,63,0.5609050511886622
182,waymo_train,waymo_500-799,44011,728;ego,ego,"range(0, 43)",0.6,1.0,0.5,43,0.300477678400404
183,waymo_train,waymo_500-799,44011,728;741;ego,ego,"range(0, 38)",0.6,1.0,0.5,38,0.33967233753688525
184,waymo_train,waymo_500-799,45391,2;ego,ego,"range(10, 68)",0.6,1.0,0.5,58,0.8661266239295835
185,waymo_train,waymo_500-799,4842,204;ego,ego,"range(0, 30)",0.6,1.0,0.5,30,0.547272664374246
186,waymo_train,waymo_500-799,61393,3512;ego,ego,"range(0, 53)",0.6,1.0,0.5,53,0.439461559596275
187,waymo_train,waymo_500-799,73980,1176;ego,ego,"range(30, 82)",0.6,1.0,0.5,52,0.7617932577144637
188,waymo_train,waymo_500-799,81156,207;ego,ego,"range(36, 75)",0.6,1.0,0.5,39,0.439225007013435
189,waymo_train,waymo_500-799,8268,2235;ego,ego,"range(35, 84)",0.6,1.0,0.5,49,0.5398135139920635
190,waymo_train,waymo_500-799,103660,2220;2227;ego,ego,"range(20, 65)",0.6,1.0,0.5,45,0.7836680466057605
191,waymo_train,waymo_500-799,13675,1667;ego,ego,"range(5, 45)",0.6,1.0,0.5,40,0.48681798677058047
192,waymo_train,waymo_500-799,15617,39;ego,ego,"range(29, 90)",0.6,1.0,0.5,61,0.6562454056421823
193,waymo_train,waymo_500-799,16609,1814;ego,ego,"range(0, 36)",0.6,1.0,0.5,36,0.8845396479060547
194,waymo_train,waymo_500-799,18275,1279;ego,ego,"range(7, 52)",0.6,1.0,0.5,45,0.661577412198499
195,waymo_train,waymo_500-799,18960,1576;ego,ego,"range(0, 49)",0.6,1.0,0.5,49,0.915708744430288
196,waymo_train,waymo_500-799,19138,2116;ego,ego,"range(0, 32)",0.6,1.0,0.5,32,0.6840719981177451
197,waymo_train,waymo_500-799,21827,394;ego,ego,"range(0, 35)",0.6,1.0,0.5,35,0.400259902939175
198,waymo_train,waymo_500-799,22409,757;ego,ego,"range(0, 30)",0.6,1.0,0.5,30,0.4545480534563415
199,waymo_train,waymo_500-799,23447,1205;ego,ego,"range(26, 84)",0.6,1.0,0.5,58,0.564682276700655
200,waymo_train,waymo_500-799,25101,590;ego,ego,"range(0, 39)",0.6,1.0,0.5,39,0.7666398683118282
201,waymo_train,waymo_500-799,25331,765;ego,ego,"range(11, 52)",0.6,1.0,0.5,41,0.593207935985789
202,waymo_train,waymo_500-799,81293,1201;ego,ego,"range(3, 43)",0.6,1.0,0.5,40,0.23975649569276394
203,waymo_train,waymo_500-799,81963,1166;ego,ego,"range(8, 74)",0.6,1.0,0.5,66,0.5957667098344596
204,waymo_train,waymo_500-799,82079,603;611;ego,ego,"range(30, 71)",0.6,1.0,0.5,41,0.5489036575917254
205,waymo_train,waymo_500-799,30061,627;ego,ego,"range(7, 56)",0.6,1.0,0.5,49,0.6956132033379068
206,waymo_train,waymo_500-799,31145,514;ego,ego,"range(20, 68)",0.6,1.0,0.5,48,0.6198627407483848
207,waymo_train,waymo_500-799,85831,55;ego,ego,"range(0, 33)",0.6,1.0,0.5,33,0.9750164487266701
208,waymo_train,waymo_500-799,32999,458;ego,ego,"range(30, 73)",0.6,1.0,0.5,43,0.6893185861399284
209,waymo_train,waymo_500-799,33356,182;ego,ego,"range(0, 61)",0.6,1.0,0.5,61,0.7334346307850681
210,waymo_train,waymo_500-799,87038,32;ego,ego,"range(0, 49)",0.6,1.0,0.5,49,0.5154623390794015
211,waymo_train,waymo_500-799,34141,3864;ego,ego,"range(9, 71)",0.6,1.0,0.5,62,0.6187416554371858
212,waymo_train,waymo_500-799,87917,1443;ego,ego,"range(10, 52)",0.6,1.0,0.5,42,0.5937989762801702
213,waymo_train,waymo_500-799,35190,2678;ego,ego,"range(0, 42)",0.6,1.0,0.5,42,0.8480315251688588
214,waymo_train,waymo_500-799,3625,56;ego,ego,"range(3, 46)",0.6,1.0,0.5,43,0.5683820584403432
215,waymo_train,waymo_500-799,90559,1061;ego,ego,"range(0, 34)",0.6,1.0,0.5,34,0.880569344029643
216,waymo_train,waymo_500-799,90736,950;ego,ego,"range(18, 74)",0.6,1.0,0.5,56,0.6870619503748779
217,waymo_train,waymo_500-799,90874,1393;ego,ego,"range(11, 52)",0.6,1.0,0.5,41,0.3971797275211645
218,waymo_train,waymo_500-799,39025,2139;ego,ego,"range(30, 90)",0.6,1.0,0.5,60,0.3502548070959414
219,waymo_train,waymo_500-799,93026,813;ego,ego,"range(26, 68)",0.6,1.0,0.5,42,0.13310791490585464
220,waymo_train,waymo_500-799,93061,2308;ego,ego,"range(21, 83)",0.6,1.0,0.5,62,0.7472469116601941
221,waymo_train,waymo_500-799,4008,3406;ego,ego,"range(2, 60)",0.6,1.0,0.5,58,0.6825912321885447
222,waymo_train,waymo_500-799,95655,2263;ego,ego,"range(28, 76)",0.6,1.0,0.5,48,0.6418562830760624
223,waymo_train,waymo_500-799,42218,1727;ego,ego,"range(0, 31)",0.6,1.0,0.5,31,0.6615546951307988
224,waymo_train,waymo_500-799,96628,368;ego,ego,"range(0, 39)",0.6,1.0,0.5,39,0.5278647172487837
225,waymo_train,waymo_500-799,42375,1696;ego,ego,"range(0, 36)",0.6,1.0,0.5,36,0.7616071201252381
226,waymo_train,waymo_500-799,43410,44;ego,ego,"range(0, 32)",0.6,1.0,0.5,32,0.35607913167825905
227,waymo_train,waymo_500-799,97969,1118;ego,ego,"range(12, 69)",0.6,1.0,0.5,57,0.6464650138378203
228,waymo_train,waymo_500-799,98656,1095;ego,ego,"range(0, 53)",0.6,1.0,0.5,53,0.638564943995571
229,waymo_train,waymo_500-799,98967,1500;ego,ego,"range(2, 43)",0.6,1.0,0.5,41,0.779727576657744
230,waymo_train,waymo_500-799,99151,1849;ego,ego,"range(21, 81)",0.6,1.0,0.5,60,0.6201085878213377
231,waymo_train,waymo_500-799,44676,944;ego,ego,"range(0, 50)",0.6,1.0,0.5,50,0.7145769478108462
232,waymo_train,waymo_500-799,100380,2078;ego,ego,"range(0, 52)",0.6,1.0,0.5,52,0.6483041792955321
233,waymo_train,waymo_500-799,100647,876;ego,ego,"range(7, 56)",0.6,1.0,0.5,49,0.5643124588900607
234,waymo_train,waymo_500-799,45989,160;ego,ego,"range(5, 62)",0.6,1.0,0.5,57,0.6862047341911276
235,waymo_train,waymo_500-799,10116,1648;ego,ego,"range(0, 49)",0.6,1.0,0.5,49,0.7036966403614856
236,waymo_train,waymo_500-799,101640,167;ego,ego,"range(14, 64)",0.6,1.0,0.5,50,0.8192668200376358
237,waymo_train,waymo_500-799,4681,1115;ego,ego,"range(0, 37)",0.6,1.0,0.5,37,0.879960366917645
238,waymo_train,waymo_500-799,47049,434;ego,ego,"range(0, 30)",0.6,1.0,0.5,30,0.44356025545161526
239,waymo_train,waymo_500-799,47659,299;ego,ego,"range(0, 39)",0.6,1.0,0.5,39,0.5458179978191656
240,waymo_train,waymo_500-799,103293,56;ego,ego,"range(43, 86)",0.6,1.0,0.5,43,0.5683820584403432
241,waymo_train,waymo_500-799,48880,2234;ego,ego,"range(24, 81)",0.6,1.0,0.5,57,0.7349414256394173
242,waymo_train,waymo_500-799,48999,7;ego,ego,"range(4, 49)",0.6,1.0,0.5,45,0.5140587612173836
243,waymo_train,waymo_500-799,49134,45;ego,ego,"range(8, 48)",0.6,1.0,0.5,40,0.6937429248463589
244,waymo_train,waymo_500-799,105075,152;ego,ego,"range(0, 35)",0.6,1.0,0.5,35,0.6089396924206311
245,waymo_train,waymo_500-799,50425,1865;ego,ego,"range(9, 57)",0.6,1.0,0.5,48,0.7674731703514505
246,waymo_train,waymo_500-799,108045,575;ego,ego,"range(0, 55)",0.6,1.0,0.5,55,0.7230040536487281
247,waymo_train,waymo_500-799,52705,2369;ego,ego,"range(0, 51)",0.6,1.0,0.5,51,0.6329459510637828
248,waymo_train,waymo_500-799,108505,701;ego,ego,"range(0, 45)",0.6,1.0,0.5,45,0.7296654622171335
249,waymo_train,waymo_500-799,108531,985;ego,ego,"range(0, 48)",0.6,1.0,0.5,48,0.554573384077652
250,waymo_train,waymo_500-799,53939,614;ego,ego,"range(0, 30)",0.6,1.0,0.5,30,0.8474542255772022
251,waymo_train,waymo_500-799,110116,566;ego,ego,"range(19, 76)",0.6,1.0,0.5,57,0.7378374104506826
252,waymo_train,waymo_500-799,110129,13;ego,ego,"range(2, 46)",0.6,1.0,0.5,44,0.8945440292442762
253,waymo_train,waymo_500-799,55071,2657;ego,ego,"range(16, 81)",0.6,1.0,0.5,65,0.7207383095283926
254,waymo_train,waymo_500-799,111316,2204;ego,ego,"range(0, 35)",0.6,1.0,0.5,35,0.85424063281163
255,waymo_train,waymo_500-799,55659,1117;ego,ego,"range(0, 44)",0.6,1.0,0.5,44,0.5161902323218364
256,waymo_train,waymo_500-799,111778,1482;ego,ego,"range(6, 51)",0.6,1.0,0.5,45,0.5371145453666468
257,waymo_train,waymo_500-799,111877,728;741;ego,ego,"range(11, 58)",0.6,1.0,0.5,47,0.3212353918963074
258,waymo_train,waymo_500-799,111877,728;ego,ego,"range(4, 63)",0.6,1.0,0.5,59,0.28748742442784075
259,waymo_train,waymo_500-799,56155,1870;ego,ego,"range(25, 65)",0.6,1.0,0.5,40,0.313422926997826
260,waymo_train,waymo_500-799,114024,924;ego,ego,"range(0, 34)",0.6,1.0,0.5,34,0.7854859434060363
261,waymo_train,waymo_500-799,58408,17;ego,ego,"range(0, 41)",0.6,1.0,0.5,41,0.5806965835987214
262,waymo_train,waymo_500-799,60002,630;ego,ego,"range(16, 65)",0.6,1.0,0.5,49,0.6434974383341078
263,waymo_train,waymo_500-799,116482,207;ego,ego,"range(15, 72)",0.6,1.0,0.5,57,0.8619643413950087
264,waymo_train,waymo_500-799,116522,165;ego,ego,"range(22, 70)",0.6,1.0,0.5,48,0.7971271261740656
265,waymo_train,waymo_500-799,117440,458;484;488;ego,ego,"range(15, 61)",0.6,1.0,0.5,46,0.8304149434833469
266,waymo_train,waymo_500-799,117669,594;ego,ego,"range(0, 55)",0.6,1.0,0.5,55,0.7310561914949715
267,waymo_train,waymo_500-799,120131,229;ego,ego,"range(0, 39)",0.6,1.0,0.5,39,0.360892082792362
268,waymo_train,waymo_500-799,121939,3025;ego,ego,"range(7, 51)",0.6,1.0,0.5,44,0.5311243229652701
269,waymo_train,waymo_500-799,122520,2045;ego,ego,"range(1, 59)",0.6,1.0,0.5,58,0.7580156699654084
270,waymo_train,waymo_500-799,67484,2431;ego,ego,"range(0, 35)",0.6,1.0,0.5,35,0.7097430500547893
271,waymo_train,waymo_500-799,67714,393;ego,ego,"range(10, 51)",0.6,1.0,0.5,41,0.3748527861742264
272,waymo_train,waymo_500-799,125369,76;ego,ego,"range(0, 31)",0.6,1.0,0.5,31,0.49496181925295674
273,waymo_train,waymo_500-799,125917,1209;ego,ego,"range(30, 90)",0.6,1.0,0.5,60,0.6022185510159576
274,waymo_train,waymo_500-799,126426,2447;ego,ego,"range(15, 80)",0.6,1.0,0.5,65,0.47247499553365485
275,waymo_train,waymo_500-799,69345,2;ego,ego,"range(31, 89)",0.6,1.0,0.5,58,0.662381976910687
276,waymo_train,waymo_500-799,127225,1761;ego,ego,"range(2, 42)",0.6,1.0,0.5,40,0.5547509576204963
277,waymo_train,waymo_500-799,127876,2317;ego,ego,"range(6, 75)",0.6,1.0,0.5,69,0.6590897443842173
278,waymo_train,waymo_500-799,128469,1090;ego,ego,"range(21, 76)",0.6,1.0,0.5,55,0.7410103827293782
279,waymo_train,waymo_500-799,129137,2118;ego,ego,"range(0, 37)",0.6,1.0,0.5,37,0.4682101579563987
280,waymo_train,waymo_500-799,129284,3148;ego,ego,"range(0, 42)",0.6,1.0,0.5,42,0.6278461449790297
281,waymo_train,waymo_500-799,72683,1117;ego,ego,"range(9, 54)",0.6,1.0,0.5,45,0.5010953573959259
282,waymo_train,waymo_500-799,74699,875;ego,ego,"range(0, 45)",0.6,1.0,0.5,45,0.5020450904536723
283,waymo_train,waymo_500-799,75378,535;ego,ego,"range(11, 52)",0.6,1.0,0.5,41,0.5552024426057729
284,waymo_train,waymo_500-799,75992,1071;ego,ego,"range(10, 53)",0.6,1.0,0.5,43,0.20891925276556952
285,waymo_train,waymo_500-799,77754,1865;ego,ego,"range(19, 67)",0.6,1.0,0.5,48,0.7674731703514505
286,waymo_train,waymo_800-999,10004,1739;ego,ego,"range(0, 34)",0.6,1.0,0.5,34,0.8997965084246702
287,waymo_train,waymo_800-999,58606,505;ego,ego,"range(31, 81)",0.6,1.0,0.5,50,0.6196914169817016
288,waymo_train,waymo_800-999,11634,863;ego,ego,"range(18, 79)",0.6,1.0,0.5,61,0.565735795109504
289,waymo_train,waymo_800-999,19020,1188;ego,ego,"range(6, 48)",0.6,1.0,0.5,42,0.350606587701225
290,waymo_train,waymo_800-999,3090,630;ego,ego,"range(6, 55)",0.6,1.0,0.5,49,0.6434974383341078
291,waymo_train,waymo_800-999,44194,1876;ego,ego,"range(22, 73)",0.6,1.0,0.5,51,0.5881278817732526
292,waymo_train,waymo_800-999,67181,3148;ego,ego,"range(9, 52)",0.6,1.0,0.5,43,0.622527767167209
293,waymo_train,waymo_800-999,74431,2664;ego,ego,"range(0, 42)",0.6,1.0,0.5,42,0.6576730310265271
294,waymo_train,waymo_800-999,14755,1964;ego,ego,"range(36, 80)",0.6,1.0,0.5,44,0.75319103267978
295,waymo_train,waymo_800-999,15636,1854;ego,ego,"range(0, 45)",0.6,1.0,0.5,45,0.6014552682435338
296,waymo_train,waymo_800-999,15957,539;545;ego,ego,"range(10, 56)",0.6,1.0,0.5,46,0.5666170297210761
297,waymo_train,waymo_800-999,17401,707;ego,ego,"range(48, 89)",0.6,1.0,0.5,41,0.5938337420531953
298,waymo_train,waymo_800-999,18817,1953;ego,ego,"range(27, 87)",0.6,1.0,0.5,60,0.6552081669645493
299,waymo_train,waymo_800-999,19193,3666;ego,ego,"range(27, 90)",0.6,1.0,0.5,63,0.9109857248047663
300,waymo_train,waymo_800-999,19973,1739;ego,ego,"range(18, 64)",0.6,1.0,0.5,46,0.8478144103776775
301,waymo_train,waymo_800-999,20273,675;ego,ego,"range(0, 37)",0.6,1.0,0.5,37,0.6179174660035305
302,waymo_train,waymo_800-999,21198,13;ego,ego,"range(22, 66)",0.6,1.0,0.5,44,0.8945440292442762
303,waymo_train,waymo_800-999,21470,167;ego,ego,"range(14, 64)",0.6,1.0,0.5,50,0.8192668200376358
304,waymo_train,waymo_800-999,2496,989;ego,ego,"range(0, 54)",0.6,1.0,0.5,54,0.5723116154817363
305,waymo_train,waymo_800-999,27572,1844;ego,ego,"range(29, 90)",0.6,1.0,0.5,61,0.4737829045194364
306,waymo_train,waymo_800-999,29090,1633;ego,ego,"range(0, 36)",0.6,1.0,0.5,36,0.7257618224423751
307,waymo_train,waymo_800-999,29641,1865;ego,ego,"range(0, 47)",0.6,1.0,0.5,47,0.77899358132827
308,waymo_train,waymo_800-999,30244,1865;ego,ego,"range(9, 57)",0.6,1.0,0.5,48,0.7674731703514505
309,waymo_train,waymo_800-999,3097,1338;ego,ego,"range(30, 73)",0.6,1.0,0.5,43,0.5982717424467359
310,waymo_train,waymo_800-999,31256,714;ego,ego,"range(0, 54)",0.6,1.0,0.5,54,0.6446457149879015
311,waymo_train,waymo_800-999,33263,1188;ego,ego,"range(0, 38)",0.6,1.0,0.5,38,0.38682474376323595
312,waymo_train,waymo_800-999,35610,2074;ego,ego,"range(0, 31)",0.6,1.0,0.5,31,0.6162826468309637
313,waymo_train,waymo_800-999,36868,167;ego,ego,"range(4, 54)",0.6,1.0,0.5,50,0.8192668200376358
314,waymo_train,waymo_800-999,36957,1720;ego,ego,"range(34, 80)",0.6,1.0,0.5,46,0.6541507323830951
315,waymo_train,waymo_800-999,37453,1267;ego,ego,"range(0, 47)",0.6,1.0,0.5,47,0.77899358132827
316,waymo_train,waymo_800-999,37919,3074;ego,ego,"range(0, 37)",0.6,1.0,0.5,37,0.5774660299116514
317,waymo_train,waymo_800-999,38368,924;ego,ego,"range(3, 64)",0.6,1.0,0.5,61,0.7601164544537105
318,waymo_train,waymo_800-999,39710,362;ego,ego,"range(16, 70)",0.6,1.0,0.5,54,0.4626118899190209
319,waymo_train,waymo_800-999,39892,506;ego,ego,"range(0, 50)",0.6,1.0,0.5,50,0.895573455365652
320,waymo_train,waymo_800-999,42800,1806;ego,ego,"range(0, 39)",0.6,1.0,0.5,39,0.8020210531654534
321,waymo_train,waymo_800-999,44941,190;191;194;ego,ego,"range(16, 56)",0.6,1.0,0.5,40,0.4236040463808582
322,waymo_train,waymo_800-999,45999,2;ego,ego,"range(0, 40)",0.6,1.0,0.5,40,0.6111977475994862
323,waymo_train,waymo_800-999,46199,380;ego,ego,"range(8, 52)",0.6,1.0,0.5,44,0.4868074048171089
324,waymo_train,waymo_800-999,48968,1946;ego,ego,"range(31, 90)",0.6,1.0,0.5,59,0.47103738464376
325,waymo_train,waymo_800-999,50982,362;ego,ego,"range(0, 50)",0.6,1.0,0.5,50,0.5094239396198603
326,waymo_train,waymo_800-999,52482,73;ego,ego,"range(16, 68)",0.6,1.0,0.5,52,0.4790283289043964
327,waymo_train,waymo_800-999,52834,2317;ego,ego,"range(6, 75)",0.6,1.0,0.5,69,0.6590897443842173
328,waymo_train,waymo_800-999,54849,123;ego,ego,"range(0, 32)",0.6,1.0,0.5,32,0.8538839865515597
329,waymo_train,waymo_800-999,55754,393;ego,ego,"range(20, 61)",0.6,1.0,0.5,41,0.3748527861742264
330,waymo_train,waymo_800-999,55930,2566;ego,ego,"range(24, 75)",0.6,1.0,0.5,51,0.19421192434284523
331,waymo_train,waymo_800-999,56132,336;ego,ego,"range(29, 76)",0.6,1.0,0.5,47,0.6212243751496063
332,waymo_train,waymo_800-999,56439,2882;ego,ego,"range(0, 51)",0.6,1.0,0.5,51,0.7129456413972757
333,waymo_train,waymo_800-999,63019,41;ego,ego,"range(0, 35)",0.6,1.0,0.5,35,0.5444713117666797
334,waymo_train,waymo_800-999,63129,1885;ego,ego,"range(22, 84)",0.6,1.0,0.5,62,0.44679050509160184
335,waymo_train,waymo_800-999,64788,1188;ego,ego,"range(16, 58)",0.6,1.0,0.5,42,0.350606587701225
336,waymo_train,waymo_800-999,64985,1488;ego,ego,"range(14, 54)",0.6,1.0,0.5,40,0.6582516383250953
337,waymo_train,waymo_800-999,68940,1041;ego,ego,"range(0, 36)",0.6,1.0,0.5,36,0.7157793538200093
338,waymo_train,waymo_800-999,6992,1985;ego,ego,"range(9, 62)",0.6,1.0,0.5,53,0.35792760562920384
339,waymo_train,waymo_800-999,74752,2980;ego,ego,"range(30, 82)",0.6,1.0,0.5,52,0.5711925505848316
340,waymo_train,waymo_800-999,76519,3668;ego,ego,"range(27, 84)",0.6,1.0,0.5,57,0.8876352998139379
341,waymo_train,waymo_800-999,77058,1998;2003;ego,ego,"range(24, 70)",0.6,1.0,0.5,46,0.5071733036813622
342,waymo_train,waymo_800-999,78767,559;ego,ego,"range(0, 43)",0.6,1.0,0.5,43,0.4501015657062921
343,waymo_train,waymo_800-999,80860,42;ego,ego,"range(0, 30)",0.6,1.0,0.5,30,0.45471418538532826
344,waymo_train,waymo_800-999,80860,44;ego,ego,"range(5, 52)",0.6,1.0,0.5,47,0.3140245719788455
345,waymo_train,waymo_800-999,80956,207;ego,ego,"range(5, 62)",0.6,1.0,0.5,57,0.8619643413950087
346,waymo_train,waymo_800-999,81821,2;ego,ego,"range(5, 56)",0.6,1.0,0.5,51,0.36403155948546956
347,waymo_train,waymo_800-999,83516,1513;ego,ego,"range(0, 32)",0.6,1.0,0.5,32,0.8369420880474282
348,waymo_train,waymo_800-999,8356,262;ego,ego,"range(41, 80)",0.6,1.0,0.5,39,0.5479438351521626
349,waymo_train,waymo_800-999,83877,1447;ego,ego,"range(16, 78)",0.6,1.0,0.5,62,0.6236474447689647
350,waymo_train,waymo_800-999,84559,45;ego,ego,"range(18, 58)",0.6,1.0,0.5,40,0.6937429248463589
351,waymo_train,waymo_800-999,85208,1089;1092;ego,ego,"range(7, 57)",0.6,1.0,0.5,50,0.757354201990061
352,waymo_train,waymo_800-999,87562,779;ego,ego,"range(12, 65)",0.6,1.0,0.5,53,0.890980072811827
353,waymo_train,waymo_800-999,8818,18;ego,ego,"range(0, 32)",0.6,1.0,0.5,32,0.4568634071274294
354,waymo_train,waymo_800-999,89545,822;ego,ego,"range(24, 63)",0.6,1.0,0.5,39,0.16025693570045396
355,waymo_train,waymo_800-999,90938,807;ego,ego,"range(30, 70)",0.6,1.0,0.5,40,0.583256345867718
356,waymo_train,waymo_800-999,90978,765;ego,ego,"range(21, 62)",0.6,1.0,0.5,41,0.593207935985789
357,waymo_train,waymo_800-999,91684,2114;2116;ego,ego,"range(0, 37)",0.6,1.0,0.5,37,0.8560498087516287
358,waymo_train,waymo_800-999,91795,1;ego,ego,"range(16, 65)",0.6,1.0,0.5,49,0.800057650477848
359,waymo_train,waymo_800-999,92804,43;ego,ego,"range(14, 73)",0.6,1.0,0.5,59,0.41770740818097973
360,waymo_train,waymo_800-999,9355,1741;ego,ego,"range(1, 60)",0.6,1.0,0.5,59,0.8232682668019822
361,waymo_train,waymo_800-999,96225,1644;ego,ego,"range(0, 34)",0.6,1.0,0.5,34,0.6068505003405787
362,waymo_train,waymo_800-999,96693,1741;ego,ego,"range(21, 80)",0.6,1.0,0.5,59,0.8232682668019822
363,waymo_train,waymo_800-999,96826,926;ego,ego,"range(11, 62)",0.6,1.0,0.5,51,0.6602563701313022
364,waymo_train,waymo_0-299,17189,447;465,447,"range(3, 42)",0.6,1.0,0.5,39,0.009031709856957301
365,waymo_train,waymo_0-299,21978,1744;1750;1760,1744,"range(0, 36)",0.6,1.0,0.5,36,0.025302297809737223
366,waymo_train,waymo_0-299,32586,1526;1527,1526,"range(1, 44)",0.6,1.0,0.5,43,0.027050430791123018
367,waymo_train,waymo_0-299,4369,363;365,363,"range(0, 37)",0.6,1.0,0.5,37,0.03201220755479011
368,waymo_train,waymo_0-299,43847,2281;2295,2281,"range(11, 53)",0.6,1.0,0.5,42,0.02808352861160704
369,waymo_train,waymo_0-299,54799,1547;1551,1547,"range(0, 56)",0.6,1.0,0.5,56,0.01915771557450962
370,waymo_train,waymo_0-299,59366,14;47,14,"range(14, 66)",0.6,1.0,0.5,52,0.0034499687477904458
371,waymo_train,waymo_0-299,66662,1347;1466,1347,"range(10, 49)",0.6,1.0,0.5,39,0.048971247262622954
372,waymo_train,waymo_0-299,94928,408;452,408,"range(17, 56)",0.6,1.0,0.5,39,0.0016418929263152576
373,waymo_train,waymo_0-299,98721,1036;1055,1036,"range(0, 31)",0.6,1.0,0.5,31,0.026564550854653462
374,waymo_train,waymo_0-299,99205,1412;1425,1412,"range(30, 69)",0.6,1.0,0.5,39,0.022226432603894456
375,waymo_train,waymo_0-299,117512,593;611,593,"range(0, 38)",0.6,1.0,0.5,38,3.3264987442952723e-10
376,waymo_train,waymo_0-299,16586,837;839;847,837,"range(0, 34)",0.6,1.0,0.5,34,0.058293804631132054
377,waymo_train,waymo_0-299,16155,12;5,12,"range(9, 48)",0.6,1.0,0.5,39,0.025407861509960165
378,waymo_train,waymo_0-299,17214,934;970,934,"range(14, 61)",0.6,1.0,0.5,47,0.025395506872551803
379,waymo_train,waymo_0-299,17846,218;233,218,"range(27, 73)",0.6,1.0,0.5,46,0.00021056904243998444
380,waymo_train,waymo_0-299,19226,133;178,133,"range(0, 43)",0.6,1.0,0.5,43,0.023256091888902184
381,waymo_train,waymo_0-299,23576,46;5,46,"range(11, 51)",0.6,1.0,0.5,40,0.17500588133243228
382,waymo_train,waymo_0-299,24037,1082;1084,1082,"range(0, 35)",0.6,1.0,0.5,35,0.0057772171092991854
383,waymo_train,waymo_0-299,28202,1025;1056,1025,"range(0, 33)",0.6,1.0,0.5,33,0.0010223892361088164
384,waymo_train,waymo_0-299,29741,925;952,925,"range(15, 54)",0.6,1.0,0.5,39,0.0421149794573111
385,waymo_train,waymo_0-299,31557,1314;1323,1314,"range(28, 68)",0.6,1.0,0.5,40,0.027302793230295296
386,waymo_train,waymo_0-299,32558,512;513,512,"range(31, 82)",0.6,1.0,0.5,51,0.015723406506540166
387,waymo_train,waymo_0-299,94289,115;129;164,115,"range(0, 49)",0.6,1.0,0.5,49,0.031146829024681136
388,waymo_train,waymo_0-299,34865,19;4,19,"range(0, 29)",0.6,1.0,0.5,29,0.047180922525013796
389,waymo_train,waymo_0-299,96292,2691;2697,2691,"range(24, 73)",0.6,1.0,0.5,49,0.021845589492710673
390,waymo_train,waymo_0-299,36173,512;513,512,"range(0, 42)",0.6,1.0,0.5,42,0.019092707900796917
391,waymo_train,waymo_0-299,99490,26;53,26,"range(8, 52)",0.6,1.0,0.5,44,0.0038005226496271487
392,waymo_train,waymo_0-299,100998,973;992,973,"range(0, 36)",0.6,1.0,0.5,36,0.04544365281508026
393,waymo_train,waymo_0-299,40441,1025;1051,1025,"range(40, 84)",0.6,1.0,0.5,44,0.0262509177850089
394,waymo_train,waymo_0-299,40648,1165;1177,1165,"range(8, 56)",0.6,1.0,0.5,48,0.003556615488432156
395,waymo_train,waymo_0-299,40803,2368;2415,2368,"range(0, 33)",0.6,1.0,0.5,33,0.031440950106932236
396,waymo_train,waymo_0-299,102474,599;612,599,"range(13, 52)",0.6,1.0,0.5,39,0.012196720408532325
397,waymo_train,waymo_0-299,41328,265;267,265,"range(0, 43)",0.6,1.0,0.5,43,0.0041676982162529765
398,waymo_train,waymo_0-299,102881,942;957,942,"range(0, 39)",0.6,1.0,0.5,39,0.09558376757110881
399,waymo_train,waymo_0-299,41618,973;978,973,"range(30, 73)",0.6,1.0,0.5,43,0.019676852895817044
400,waymo_train,waymo_0-299,103593,1252;1274,1252,"range(5, 44)",0.6,1.0,0.5,39,0.022656599846670445
401,waymo_train,waymo_0-299,44369,1578;1656,1578,"range(29, 68)",0.6,1.0,0.5,39,0.000645797012183677
402,waymo_train,waymo_0-299,106682,4;45;6,4,"range(43, 84)",0.6,1.0,0.5,41,0.019103635479964822
403,waymo_train,waymo_0-299,1092,458;480,458,"range(29, 71)",0.6,1.0,0.5,42,0.001771807099575562
404,waymo_train,waymo_0-299,109592,2281;2295,2281,"range(31, 73)",0.6,1.0,0.5,42,0.02807667342747891
405,waymo_train,waymo_0-299,1100,209;248,209,"range(0, 49)",0.6,1.0,0.5,49,0.04259134424990064
406,waymo_train,waymo_0-299,1100,209;224;248,209,"range(2, 47)",0.6,1.0,0.5,45,0.02415109399444739
407,waymo_train,waymo_0-299,51255,541;608,541,"range(5, 57)",0.6,1.0,0.5,52,0.04459112081696615
408,waymo_train,waymo_0-299,52810,1347;1466,1347,"range(20, 59)",0.6,1.0,0.5,39,0.04896111739751226
409,waymo_train,waymo_0-299,115241,1196;1199,1196,"range(47, 86)",0.6,1.0,0.5,39,0.1282051282051282
410,waymo_train,waymo_0-299,1154,3099;3139,3099,"range(32, 71)",0.6,1.0,0.5,39,0.02276496872078724
411,waymo_train,waymo_0-299,11588,541;578,541,"range(0, 54)",0.6,1.0,0.5,54,0.03755907985956304
412,waymo_train,waymo_0-299,117048,3;58,3,"range(1, 44)",0.6,1.0,0.5,43,0.0020479921049459827
413,waymo_train,waymo_0-299,54501,526;543,526,"range(0, 42)",0.6,1.0,0.5,42,0.03101155647669081
414,waymo_train,waymo_0-299,54878,973;992,973,"range(6, 46)",0.6,1.0,0.5,40,0.015909529506816674
415,waymo_train,waymo_0-299,118963,1755;1762,1755,"range(0, 55)",0.6,1.0,0.5,55,0.00015186787897754673
416,waymo_train,waymo_0-299,120183,1493;1539,1493,"range(12, 52)",0.6,1.0,0.5,40,0.00876734287445145
417,waymo_train,waymo_0-299,123325,3200;3206,3200,"range(0, 53)",0.6,1.0,0.5,53,0.0671783607080128
418,waymo_train,waymo_0-299,60405,1307;1318,1307,"range(3, 42)",0.6,1.0,0.5,39,0.017553381277788997
419,waymo_train,waymo_0-299,126746,1700;1726,1700,"range(33, 74)",0.6,1.0,0.5,41,0.00364701607503153
420,waymo_train,waymo_0-299,63553,11;8,11,"range(20, 62)",0.6,1.0,0.5,42,0.028011530111451403
421,waymo_train,waymo_0-299,63992,180;224,180,"range(1, 69)",0.6,1.0,0.5,68,0.044388418791367804
422,waymo_train,waymo_0-299,130362,403;412,403,"range(28, 69)",0.6,1.0,0.5,41,4.168052972494854e-09
423,waymo_train,waymo_0-299,6694,734;735,734,"range(0, 34)",0.6,1.0,0.5,34,0.029810088337385854
424,waymo_train,waymo_0-299,131432,1193;1216,1193,"range(6, 53)",0.6,1.0,0.5,47,0.00017370701442886828
425,waymo_train,waymo_0-299,132289,526;543,526,"range(0, 32)",0.6,1.0,0.5,32,0.040525385610012336
426,waymo_train,waymo_0-299,69889,21;31;33,21,"range(0, 38)",0.6,1.0,0.5,38,0.052631588380866484
427,waymo_train,waymo_0-299,135673,3116;3120;3160,3116,"range(21, 64)",0.6,1.0,0.5,43,0.008771476687493864
428,waymo_train,waymo_0-299,136403,780;782,780,"range(0, 39)",0.6,1.0,0.5,39,0.02654148133910675
429,waymo_train,waymo_0-299,136449,180;224;310,180,"range(12, 56)",0.6,1.0,0.5,44,0.0458729773042483
430,waymo_train,waymo_0-299,138131,1465;1515,1465,"range(29, 73)",0.6,1.0,0.5,44,0.00026994989336969133
431,waymo_train,waymo_0-299,138876,1679;1697;1707,1679,"range(0, 31)",0.6,1.0,0.5,31,0.060070594870253985
432,waymo_train,waymo_0-299,74373,1578;1656,1578,"range(19, 58)",0.6,1.0,0.5,39,0.000645797012184576
433,waymo_train,waymo_0-299,74965,840;851;867,840,"range(0, 33)",0.6,1.0,0.5,33,0.0351713144160724
434,waymo_train,waymo_0-299,141852,1034;1037,1034,"range(0, 59)",0.6,1.0,0.5,59,0.01791232963345349
435,waymo_train,waymo_0-299,143484,1346;1443,1346,"range(30, 76)",0.6,1.0,0.5,46,0.00724322354381329
436,waymo_train,waymo_0-299,79897,1016;977,1016,"range(0, 42)",0.6,1.0,0.5,42,0.14452687621321042
437,waymo_train,waymo_0-299,80590,780;782,780,"range(22, 79)",0.6,1.0,0.5,57,0.0008500202711646732
438,waymo_train,waymo_0-299,85485,541;578,541,"range(29, 84)",0.6,1.0,0.5,55,0.01861443569042212
439,waymo_train,waymo_0-299,86303,2111;2261,2111,"range(45, 88)",0.6,1.0,0.5,43,0.0006786976561368501
440,waymo_train,waymo_0-299,87960,447;465,447,"range(23, 62)",0.6,1.0,0.5,39,0.009031709856957301
441,waymo_train,waymo_300-499,59,3116;3120;3160,3116,"range(31, 74)",0.6,1.0,0.5,43,0.008771476687493864
442,waymo_train,waymo_300-499,6872,1;13;22,1,"range(0, 50)",0.6,1.0,0.5,50,0.026286678328743606
443,waymo_train,waymo_300-499,6872,1;22,1,"range(0, 83)",0.6,1.0,0.5,83,0.034630249372402555
444,waymo_train,waymo_300-499,9780,438;442,438,"range(17, 66)",0.6,1.0,0.5,49,0.0015353413626749606
445,waymo_train,waymo_300-499,10601,481;582,481,"range(45, 86)",0.6,1.0,0.5,41,0.019913659995085854
446,waymo_train,waymo_300-499,11637,400;401,400,"range(57, 90)",0.6,1.0,0.5,33,0.0014993073252948853
447,waymo_train,waymo_300-499,16574,3019;3027,3019,"range(0, 31)",0.6,1.0,0.5,31,0.03839715997922502
448,waymo_train,waymo_300-499,20119,11;8,11,"range(10, 52)",0.6,1.0,0.5,42,0.028011530111451403
449,waymo_train,waymo_300-499,20422,77;83,77,"range(3, 48)",0.6,1.0,0.5,45,0.07594913360192522
450,waymo_train,waymo_300-499,23099,14;16;29,14,"range(0, 43)",0.6,1.0,0.5,43,0.02852207249613025
451,waymo_train,waymo_300-499,23949,1108;1137,1108,"range(15, 59)",0.6,1.0,0.5,44,0.03843593184034931
452,waymo_train,waymo_300-499,29440,183;226,183,"range(23, 81)",0.6,1.0,0.5,58,0.5529880729783136
453,waymo_train,waymo_300-499,33152,843;906,843,"range(0, 44)",0.6,1.0,0.5,44,0.00028259090446728974
454,waymo_train,waymo_300-499,33517,1902;1907,1902,"range(25, 67)",0.6,1.0,0.5,42,0.02892474174708428
455,waymo_train,waymo_300-499,37470,447;463,447,"range(39, 82)",0.6,1.0,0.5,43,0.0017648030930745727
456,waymo_train,waymo_300-499,41773,2123;2144,2123,"range(0, 42)",0.6,1.0,0.5,42,0.023811707751056527
457,waymo_train,waymo_300-499,42669,1375;1408,1375,"range(10, 56)",0.6,1.0,0.5,46,0.000197143616121772
458,waymo_train,waymo_300-499,44350,354;383,354,"range(19, 68)",0.6,1.0,0.5,49,0.019002826949948662
459,waymo_train,waymo_300-499,46011,528;545,528,"range(0, 45)",0.6,1.0,0.5,45,0.08912917343591305
460,waymo_train,waymo_300-499,48698,3136;3146,3136,"range(40, 90)",0.6,1.0,0.5,50,0.020802216962327872
461,waymo_train,waymo_300-499,49876,136;191,136,"range(0, 33)",0.6,1.0,0.5,33,0.034246685916114246
462,waymo_train,waymo_300-499,52349,0;43,0,"range(0, 32)",0.6,1.0,0.5,32,0.03295846056648241
463,waymo_train,waymo_300-499,52539,32;5,32,"range(32, 71)",0.6,1.0,0.5,39,0.0005598929500175796
464,waymo_train,waymo_300-499,53112,1314;1323,1314,"range(0, 38)",0.6,1.0,0.5,38,0.05457697955143756
465,waymo_train,waymo_300-499,53973,2267;2270,2267,"range(39, 82)",0.6,1.0,0.5,43,0.005379920147809438
466,waymo_train,waymo_300-499,59151,964;979,964,"range(21, 77)",0.6,1.0,0.5,56,6.464650993655773e-08
467,waymo_train,waymo_300-499,59833,658;671,658,"range(0, 40)",0.6,1.0,0.5,40,0.04917338635920486
468,waymo_train,waymo_300-499,60083,1679;1697;1707,1679,"range(31, 71)",0.6,1.0,0.5,40,0.02192615185074806
469,waymo_train,waymo_300-499,65013,1744;1750;1760,1744,"range(14, 56)",0.6,1.0,0.5,42,0.002454784260116475
470,waymo_train,waymo_300-499,65179,1402;1442,1402,"range(3, 55)",0.6,1.0,0.5,52,0.007609134069464081
471,waymo_train,waymo_300-499,65531,20;22,20,"range(24, 72)",0.6,1.0,0.5,48,5.935014920355717e-05
472,waymo_train,waymo_300-499,66067,780;782,780,"range(2, 59)",0.6,1.0,0.5,57,0.0008500202711646732
473,waymo_train,waymo_300-499,69844,263;266,263,"range(13, 61)",0.6,1.0,0.5,48,0.00016490049314095366
474,waymo_train,waymo_300-499,71482,13;33;7;8,13,"range(0, 33)",0.6,1.0,0.5,33,0.08202751154273397
475,waymo_train,waymo_300-499,72138,663;700,663,"range(14, 56)",0.6,1.0,0.5,42,0.004670184757660867
476,waymo_train,waymo_300-499,72816,3;58,3,"range(41, 85)",0.6,1.0,0.5,44,0.002415485950531813
477,waymo_train,waymo_300-499,75225,175;192,175,"range(1, 57)",0.6,1.0,0.5,56,0.008183963067142376
478,waymo_train,waymo_300-499,77559,1547;1551,1547,"range(0, 36)",0.6,1.0,0.5,36,0.02779649345244374
479,waymo_train,waymo_300-499,84031,2305;2307,2305,"range(16, 62)",0.6,1.0,0.5,46,0.012815663616203307
480,waymo_train,waymo_300-499,88727,121;98,121,"range(38, 83)",0.6,1.0,0.5,45,0.24444444452002337
481,waymo_train,waymo_300-499,88914,471;484;485,471,"range(20, 61)",0.6,1.0,0.5,41,0.022823743564762602
482,waymo_train,waymo_300-499,90981,1489;1494,1489,"range(25, 64)",0.6,1.0,0.5,39,0.00036348592659575155
483,waymo_train,waymo_300-499,95944,681;684,681,"range(26, 72)",0.6,1.0,0.5,46,0.02107582145520101
484,waymo_train,waymo_500-799,119513,314;319,314,"range(4, 43)",0.6,1.0,0.5,39,0.029559073168418912
485,waymo_train,waymo_500-799,52425,645;651,645,"range(29, 68)",0.6,1.0,0.5,39,1.493201689418684e-05
486,waymo_train,waymo_500-799,79016,1430;1493,1430,"range(14, 59)",0.6,1.0,0.5,45,0.01903083114008916
487,waymo_train,waymo_500-799,109983,2249;2252,2249,"range(36, 88)",0.6,1.0,0.5,52,0.0032240552356177536
488,waymo_train,waymo_500-799,128074,354;365,354,"range(21, 67)",0.6,1.0,0.5,46,0.015708171481166263
489,waymo_train,waymo_500-799,14665,1467;1628,1467,"range(3, 42)",0.6,1.0,0.5,39,8.867285476767439e-06
490,waymo_train,waymo_500-799,15513,663;669,663,"range(22, 78)",0.6,1.0,0.5,56,0.013907283092573478
491,waymo_train,waymo_500-799,15538,511;571,511,"range(0, 40)",0.6,1.0,0.5,40,0.049243312365267786
492,waymo_train,waymo_500-799,21338,405;460,405,"range(30, 70)",0.6,1.0,0.5,40,2.5906438387914023e-05
493,waymo_train,waymo_500-799,27135,191;194,191,"range(27, 82)",0.6,1.0,0.5,55,0.05572044672864653
494,waymo_train,waymo_500-799,82573,1578;1579;1580,1578,"range(2, 41)",0.6,1.0,0.5,39,0.004222781360745313
495,waymo_train,waymo_500-799,86227,2735;2775,2735,"range(8, 60)",0.6,1.0,0.5,52,0.0014357092991299065
496,waymo_train,waymo_500-799,86441,1285;1315,1285,"range(15, 54)",0.6,1.0,0.5,39,0.029537846906221306
497,waymo_train,waymo_500-799,33421,942;957,942,"range(0, 39)",0.6,1.0,0.5,39,0.09558376757110881
498,waymo_train,waymo_500-799,87109,183;226,183,"range(3, 61)",0.6,1.0,0.5,58,0.5529880729783136
499,waymo_train,waymo_500-799,35901,231;398,231,"range(11, 51)",0.6,1.0,0.5,40,1.545804771250653e-05
500,waymo_train,waymo_500-799,36814,1231;1235,1231,"range(3, 43)",0.6,1.0,0.5,40,0.05678789375473028
501,waymo_train,waymo_500-799,91640,512;513,512,"range(0, 42)",0.6,1.0,0.5,42,0.019092707900796917
502,waymo_train,waymo_500-799,37980,1025;1051,1025,"range(20, 64)",0.6,1.0,0.5,44,0.0262509177850089
503,waymo_train,waymo_500-799,92237,488;505,488,"range(16, 56)",0.6,1.0,0.5,40,0.04927468272406111
504,waymo_train,waymo_500-799,3864,3136;3146,3136,"range(40, 90)",0.6,1.0,0.5,50,0.020802216962327872
505,waymo_train,waymo_500-799,40698,1193;1216,1193,"range(16, 63)",0.6,1.0,0.5,47,0.02130361974458765
506,waymo_train,waymo_500-799,94869,661;702,661,"range(20, 62)",0.6,1.0,0.5,42,0.005147214840323374
507,waymo_train,waymo_500-799,42054,400;401,400,"range(57, 90)",0.6,1.0,0.5,33,0.0014993073252948853
508,waymo_train,waymo_500-799,42785,400;401,400,"range(14, 51)",0.6,1.0,0.5,37,0.0014293719265081298
509,waymo_train,waymo_500-799,43436,782;790,782,"range(0, 30)",0.6,1.0,0.5,30,0.10281843441155128
510,waymo_train,waymo_500-799,43842,964;979,964,"range(31, 87)",0.6,1.0,0.5,56,0.00822772938507481
511,waymo_train,waymo_500-799,99907,1016;977,1016,"range(36, 82)",0.6,1.0,0.5,46,0.21891584622602994
512,waymo_train,waymo_500-799,102163,1891;1897,1891,"range(23, 62)",0.6,1.0,0.5,39,0.024590757503478677
513,waymo_train,waymo_500-799,47897,658;671,658,"range(21, 70)",0.6,1.0,0.5,49,0.033922716475616344
514,waymo_train,waymo_500-799,105132,1417;1418,1417,"range(2, 44)",0.6,1.0,0.5,42,0.05098832910901606
515,waymo_train,waymo_500-799,107906,2;7,2,"range(0, 38)",0.6,1.0,0.5,38,0.03008290571106356
516,waymo_train,waymo_500-799,52891,231;398,231,"range(31, 71)",0.6,1.0,0.5,40,1.545713014880283e-05
517,waymo_train,waymo_500-799,109160,2305;2307,2305,"range(26, 72)",0.6,1.0,0.5,46,0.006862979704107507
518,waymo_train,waymo_500-799,114000,3099;3139,3099,"range(32, 71)",0.6,1.0,0.5,39,0.02276496872078724
519,waymo_train,waymo_500-799,117398,2;7,2,"range(14, 58)",0.6,1.0,0.5,44,0.003254693727151489
520,waymo_train,waymo_500-799,117413,658;671,658,"range(1, 50)",0.6,1.0,0.5,49,0.033922716475616344
521,waymo_train,waymo_500-799,118254,541;578,541,"range(0, 54)",0.6,1.0,0.5,54,0.03755907985956304
522,waymo_train,waymo_500-799,62138,68;72,68,"range(10, 55)",0.6,1.0,0.5,45,0.0014199638642057196
523,waymo_train,waymo_500-799,6226,934;970,934,"range(14, 61)",0.6,1.0,0.5,47,0.025395506872551803
524,waymo_train,waymo_500-799,119020,16;6,16,"range(30, 81)",0.6,1.0,0.5,51,0.00926615211123877
525,waymo_train,waymo_500-799,120512,534;536,534,"range(0, 35)",0.6,1.0,0.5,35,0.00227478630011275
526,waymo_train,waymo_500-799,121940,646;648,646,"range(67, 88)",0.6,1.0,0.5,21,0.14285714285714285
527,waymo_train,waymo_500-799,122050,320;321;332,320,"range(0, 36)",0.6,1.0,0.5,36,0.028897017761197366
528,waymo_train,waymo_500-799,123578,115;129;164,115,"range(0, 49)",0.6,1.0,0.5,49,0.031146829024681136
529,waymo_train,waymo_500-799,67331,458;480,458,"range(29, 71)",0.6,1.0,0.5,42,0.001771807099575562
530,waymo_train,waymo_500-799,125079,840;851,840,"range(0, 32)",0.6,1.0,0.5,32,0.03125025958633312
531,waymo_train,waymo_500-799,70370,1196;1199,1196,"range(47, 86)",0.6,1.0,0.5,39,0.1282051282051282
532,waymo_train,waymo_500-799,73379,1282;1283,1282,"range(11, 43)",0.6,1.0,0.5,32,1.1803194770078143e-05
533,waymo_train,waymo_500-799,73918,613;655,613,"range(0, 39)",0.6,1.0,0.5,39,0.049351970803010646
534,waymo_train,waymo_500-799,74419,1758;1792,1758,"range(0, 45)",0.6,1.0,0.5,45,0.007564255157483417
535,waymo_train,waymo_500-799,7650,2276;2288,2276,"range(26, 68)",0.6,1.0,0.5,42,0.019344656656391283
536,waymo_train,waymo_500-799,7713,2281;2295,2281,"range(11, 53)",0.6,1.0,0.5,42,0.02808352861160704
537,waymo_train,waymo_500-799,77805,1669;1787;1803,1669,"range(16, 59)",0.6,1.0,0.5,43,0.019846536137882217
538,waymo_train,waymo_500-799,78018,1025;1051,1025,"range(40, 84)",0.6,1.0,0.5,44,0.0262509177850089
539,waymo_train,waymo_800-999,35634,1412;1425,1412,"range(10, 49)",0.6,1.0,0.5,39,0.022226432603894456
540,waymo_train,waymo_800-999,45540,794;801,794,"range(0, 41)",0.6,1.0,0.5,41,0.04211219351610454
541,waymo_train,waymo_800-999,45540,801;808,801,"range(11, 52)",0.6,1.0,0.5,41,0.00848303261922549
542,waymo_train,waymo_800-999,89821,1718;1722,1718,"range(0, 30)",0.6,1.0,0.5,30,0.0516995732819285
543,waymo_train,waymo_800-999,10904,1447;1448,1447,"range(20, 54)",0.6,1.0,0.5,34,0.030026371613589807
544,waymo_train,waymo_800-999,11567,779;789,779,"range(0, 45)",0.6,1.0,0.5,45,0.02347125692258049
545,waymo_train,waymo_800-999,2224,1314;1323,1314,"range(8, 48)",0.6,1.0,0.5,40,0.027302793230295296
546,waymo_train,waymo_800-999,26168,491;512,491,"range(8, 49)",0.6,1.0,0.5,41,0.0003962040736773721
547,waymo_train,waymo_800-999,26301,2276;2288,2276,"range(6, 48)",0.6,1.0,0.5,42,0.019343979254990235
548,waymo_train,waymo_800-999,43498,304;317,304,"range(0, 30)",0.6,1.0,0.5,30,0.2687844879885675
549,waymo_train,waymo_800-999,4446,541;608,541,"range(25, 77)",0.6,1.0,0.5,52,0.04459112081696615
550,waymo_train,waymo_800-999,44786,3136;3146,3136,"range(0, 41)",0.6,1.0,0.5,41,0.048780658954527274
551,waymo_train,waymo_800-999,47705,1310;1313,1310,"range(0, 47)",0.6,1.0,0.5,47,0.04284976797337892
552,waymo_train,waymo_800-999,49564,526;543,526,"range(5, 52)",0.6,1.0,0.5,47,0.01624596821211551
553,waymo_train,waymo_800-999,55015,258;280,258,"range(27, 74)",0.6,1.0,0.5,47,0.023393166485229325
554,waymo_train,waymo_800-999,56068,218;233,218,"range(0, 33)",0.6,1.0,0.5,33,0.03031425797493069
555,waymo_train,waymo_800-999,57920,151;152,151,"range(0, 44)",0.6,1.0,0.5,44,0.04747108119285482
556,waymo_train,waymo_800-999,59997,925;952,925,"range(0, 34)",0.6,1.0,0.5,34,0.07772012349515098
557,waymo_train,waymo_800-999,63488,787;830,787,"range(27, 72)",0.6,1.0,0.5,45,0.002077983415418288
558,waymo_train,waymo_800-999,63699,1214;1220,1214,"range(10, 52)",0.6,1.0,0.5,42,0.0016974737388102718
559,waymo_train,waymo_800-999,63921,892;961,892,"range(39, 80)",0.6,1.0,0.5,41,0.0016158035536045984
560,waymo_train,waymo_800-999,64975,12;5,12,"range(0, 38)",0.6,1.0,0.5,38,0.05239227891811702
561,waymo_train,waymo_800-999,65486,1430;1493,1430,"range(14, 59)",0.6,1.0,0.5,45,0.01903083114008916
562,waymo_train,waymo_800-999,70626,889;925,889,"range(11, 50)",0.6,1.0,0.5,39,0.0001459133647334066
563,waymo_train,waymo_800-999,74743,2106;2108,2106,"range(0, 39)",0.6,1.0,0.5,39,0.05529217188283383
564,waymo_train,waymo_800-999,79653,681;713,681,"range(42, 81)",0.6,1.0,0.5,39,0.04221352520414626
565,waymo_train,waymo_800-999,8064,14;47,14,"range(4, 56)",0.6,1.0,0.5,52,0.0034499687477904458
566,waymo_train,waymo_800-999,82258,1;22,1,"range(0, 63)",0.6,1.0,0.5,63,0.04100527917929897
567,waymo_train,waymo_800-999,82258,1;13;22,1,"range(0, 30)",0.6,1.0,0.5,30,0.03411186022745343
568,waymo_train,waymo_800-999,87468,3;58,3,"range(31, 75)",0.6,1.0,0.5,44,0.002415485950531813
569,waymo_train,waymo_800-999,87652,151;152,151,"range(4, 54)",0.6,1.0,0.5,50,0.05740902948431466
570,waymo_train,waymo_800-999,88919,183;226,183,"range(3, 61)",0.6,1.0,0.5,58,0.5529880729783136
571,waymo_train,waymo_800-999,89194,919;982,919,"range(12, 51)",0.6,1.0,0.5,39,2.866414821171892e-05
572,waymo_train,waymo_800-999,90448,3136;3146,3136,"range(30, 90)",0.6,1.0,0.5,60,0.017335180801939895
573,waymo_train,waymo_0-299,36865,857;869,857,"range(0, 34)",0.6,1.0,0.5,34,3.4052725268435775e-05
574,waymo_train,waymo_0-299,43040,648;652,648,"range(0, 39)",0.6,1.0,0.5,39,0.029146339972363672
575,waymo_train,waymo_0-299,572,1983;1987,1983,"range(0, 33)",0.6,1.0,0.5,33,0.08338779584018427
576,waymo_train,waymo_0-299,85413,1473;1484,1473,"range(0, 50)",0.6,1.0,0.5,50,0.0008664711358649234
577,waymo_train,waymo_0-299,114790,47;49,47,"range(0, 44)",0.6,1.0,0.5,44,0.04547260888522615
578,waymo_train,waymo_0-299,17028,1451;1452;1463,1451,"range(0, 35)",0.6,1.0,0.5,35,0.029306861965262845
579,waymo_train,waymo_0-299,3052,587;601,587,"range(14, 60)",0.6,1.0,0.5,46,0.018062232799000436
580,waymo_train,waymo_0-299,90959,483;497,483,"range(0, 51)",0.6,1.0,0.5,51,0.019608430827433604
581,waymo_train,waymo_0-299,30645,2037;2049,2037,"range(9, 57)",0.6,1.0,0.5,48,0.0024993551699051416
582,waymo_train,waymo_0-299,91488,187;201,187,"range(0, 41)",0.6,1.0,0.5,41,0.024515961282740882
583,waymo_train,waymo_0-299,31290,1236;1259,1236,"range(28, 67)",0.6,1.0,0.5,39,0.007313372485441932
584,waymo_train,waymo_0-299,31963,1051;1055;1064,1051,"range(0, 45)",0.6,1.0,0.5,45,0.026343076860355738
585,waymo_train,waymo_0-299,33927,157;159,157,"range(0, 35)",0.6,1.0,0.5,35,0.06391378938929108
586,waymo_train,waymo_0-299,34080,14;33,14,"range(0, 50)",0.6,1.0,0.5,50,0.03655881733083319
587,waymo_train,waymo_0-299,35696,10;12;7,10,"range(14, 57)",0.6,1.0,0.5,43,1.5257557218443882e-06
588,waymo_train,waymo_0-299,96647,877;890,877,"range(0, 32)",0.6,1.0,0.5,32,0.0002806500935126478
589,waymo_train,waymo_0-299,37626,1243;1323,1243,"range(0, 42)",0.6,1.0,0.5,42,0.002061093089669384
590,waymo_train,waymo_0-299,3773,2448;2449,2448,"range(0, 42)",0.6,1.0,0.5,42,0.1674226924794724
591,waymo_train,waymo_0-299,98965,141;91,141,"range(10, 50)",0.6,1.0,0.5,40,5.581840870042892e-09
592,waymo_train,waymo_0-299,38875,1766;1768,1766,"range(0, 90)",0.6,1.0,0.5,90,0.030651253565245156
593,waymo_train,waymo_0-299,137037,22;3,22,"range(8, 54)",0.6,1.0,0.5,46,0.018409496381992886
594,waymo_train,waymo_0-299,7292,403;409,403,"range(0, 35)",0.6,1.0,0.5,35,0.08282817728629044
595,waymo_train,waymo_0-299,73818,1877;1885,1877,"range(25, 66)",0.6,1.0,0.5,41,0.001223745902378648
596,waymo_train,waymo_300-499,30753,137;162,137,"range(0, 34)",0.6,1.0,0.5,34,0.005605855162040833
597,waymo_train,waymo_300-499,31058,1066;1070,1066,"range(13, 68)",0.6,1.0,0.5,55,5.415268547771056e-06
598,waymo_train,waymo_300-499,36764,775;779,775,"range(26, 82)",0.6,1.0,0.5,56,0.021568730195265135
599,waymo_train,waymo_300-499,37687,46;55;62,46,"range(36, 78)",0.6,1.0,0.5,42,0.0010073441252619285
600,waymo_train,waymo_300-499,37736,426;428,426,"range(11, 53)",0.6,1.0,0.5,42,0.02390666196447975
601,waymo_train,waymo_300-499,42416,607;620,607,"range(0, 35)",0.6,1.0,0.5,35,0.028631970946000753
602,waymo_train,waymo_300-499,44965,715;724,715,"range(22, 68)",0.6,1.0,0.5,46,0.01543444946634928
603,waymo_train,waymo_300-499,45843,1070;1078,1070,"range(20, 76)",0.6,1.0,0.5,56,0.0011468310508995982
604,waymo_train,waymo_300-499,47439,2;3,2,"range(0, 33)",0.6,1.0,0.5,33,0.055825364078808275
605,waymo_train,waymo_300-499,48134,1336;1356,1336,"range(0, 36)",0.6,1.0,0.5,36,0.04288758423157037
606,waymo_train,waymo_300-499,49649,2691;2707,2691,"range(0, 30)",0.6,1.0,0.5,30,0.05454593353339898
607,waymo_train,waymo_300-499,51089,426;428,426,"range(31, 73)",0.6,1.0,0.5,42,0.0002660342851452652
608,waymo_train,waymo_300-499,51793,969;970,969,"range(30, 82)",0.6,1.0,0.5,52,0.037097278808434185
609,waymo_train,waymo_300-499,52617,1562;1564,1562,"range(0, 39)",0.6,1.0,0.5,39,0.040570635861888846
610,waymo_train,waymo_300-499,52805,551;609,551,"range(0, 29)",0.6,1.0,0.5,29,0.03769448830711662
611,waymo_train,waymo_300-499,53455,1635;1648,1635,"range(18, 57)",0.6,1.0,0.5,39,0.00021474674162814635
612,waymo_train,waymo_300-499,55718,1888;1889,1888,"range(0, 35)",0.6,1.0,0.5,35,0.028872314386161765
613,waymo_train,waymo_300-499,57273,1041;1042,1041,"range(0, 50)",0.6,1.0,0.5,50,0.030302199311887157
614,waymo_train,waymo_300-499,60488,52;8,52,"range(6, 47)",0.6,1.0,0.5,41,0.0005905368781385338
615,waymo_train,waymo_300-499,63485,34;7,34,"range(0, 45)",0.6,1.0,0.5,45,0.02253845672947883
616,waymo_train,waymo_300-499,65646,809;892,809,"range(0, 31)",0.6,1.0,0.5,31,0.03696043043610071
617,waymo_train,waymo_300-499,72525,1600;1619,1600,"range(0, 31)",0.6,1.0,0.5,31,0.03302552345064999
618,waymo_train,waymo_300-499,73907,2195;2199,2195,"range(19, 58)",0.6,1.0,0.5,39,0.01672007646632938
619,waymo_train,waymo_300-499,74334,2616;2630,2616,"range(16, 56)",0.6,1.0,0.5,40,0.001330180354459273
620,waymo_train,waymo_300-499,78507,1262;1263,1262,"range(0, 38)",0.6,1.0,0.5,38,3.062478728932087e-06
621,waymo_train,waymo_300-499,81317,702;727,702,"range(6, 46)",0.6,1.0,0.5,40,2.2978152023112727e-12
622,waymo_train,waymo_300-499,82821,426;428,426,"range(0, 33)",0.6,1.0,0.5,33,0.031616693668682874
623,waymo_train,waymo_300-499,84523,353;382,353,"range(37, 80)",0.6,1.0,0.5,43,0.03324105651495244
624,waymo_train,waymo_300-499,88364,775;776,775,"range(14, 62)",0.6,1.0,0.5,48,0.00012992758275156947
625,waymo_train,waymo_300-499,89707,720;733,720,"range(21, 61)",0.6,1.0,0.5,40,0.00014835340649034453
626,waymo_train,waymo_300-499,89825,2037;2049,2037,"range(29, 77)",0.6,1.0,0.5,48,0.0024993551699051416
627,waymo_train,waymo_300-499,91402,187;201,187,"range(11, 61)",0.6,1.0,0.5,50,0.00012008096124612706
628,waymo_train,waymo_300-499,93106,1473;1484,1473,"range(22, 90)",0.6,1.0,0.5,68,0.0008814389440547217
629,waymo_train,waymo_300-499,94209,1066;1070,1066,"range(0, 48)",0.6,1.0,0.5,48,0.020839538328351365
630,waymo_train,waymo_300-499,95256,10;17;7,10,"range(0, 49)",0.6,1.0,0.5,49,0.05661176017171663
631,waymo_train,waymo_300-499,96337,197;200,197,"range(0, 47)",0.6,1.0,0.5,47,0.023967281662827643
632,waymo_train,waymo_500-799,13010,16;2;3,16,"range(0, 72)",0.6,1.0,0.5,72,0.013929288477371658
633,waymo_train,waymo_500-799,101200,1833;1844,1833,"range(0, 31)",0.6,1.0,0.5,31,0.00883550318683778
634,waymo_train,waymo_500-799,13157,1816;1830,1816,"range(0, 55)",0.6,1.0,0.5,55,0.04809988747300286
635,waymo_train,waymo_500-799,48427,353;382,353,"range(17, 60)",0.6,1.0,0.5,43,0.032837287432219336
636,waymo_train,waymo_500-799,54760,2813;2817,2813,"range(0, 34)",0.6,1.0,0.5,34,0.030058486159224997
637,waymo_train,waymo_500-799,64373,46;55;62,46,"range(16, 58)",0.6,1.0,0.5,42,0.0010073441252619285
638,waymo_train,waymo_500-799,83323,716;721,716,"range(7, 48)",0.6,1.0,0.5,41,7.497119156790348e-05
639,waymo_train,waymo_500-799,105115,877;890,877,"range(31, 82)",0.6,1.0,0.5,51,0.04587398875990518
640,waymo_train,waymo_500-799,15325,453;459,453,"range(12, 63)",0.6,1.0,0.5,51,0.007163524123624998
641,waymo_train,waymo_500-799,15617,37;54,37,"range(17, 56)",0.6,1.0,0.5,39,0.026704141920654203
642,waymo_train,waymo_500-799,18084,287;381,287,"range(0, 50)",0.6,1.0,0.5,50,0.03702708029704023
643,waymo_train,waymo_500-799,23598,1001;951,1001,"range(0, 40)",0.6,1.0,0.5,40,0.021306721097338853
644,waymo_train,waymo_500-799,25406,1732;1740,1732,"range(3, 52)",0.6,1.0,0.5,49,0.017762642057529057
645,waymo_train,waymo_500-799,25592,1093;1118,1093,"range(2, 42)",0.6,1.0,0.5,40,0.028842119943764528
646,waymo_train,waymo_500-799,80153,2616;2630,2616,"range(16, 56)",0.6,1.0,0.5,40,0.001330180354459273
647,waymo_train,waymo_500-799,28915,969;970,969,"range(10, 62)",0.6,1.0,0.5,52,0.03709730890287498
648,waymo_train,waymo_500-799,29350,195;233,195,"range(3, 51)",0.6,1.0,0.5,48,0.025750098604558676
649,waymo_train,waymo_500-799,83496,1620;1622,1620,"range(6, 47)",0.6,1.0,0.5,41,0.00047205299793367226
650,waymo_train,waymo_500-799,33613,1833;1844,1833,"range(0, 51)",0.6,1.0,0.5,51,0.022438178315897665
651,waymo_train,waymo_500-799,87164,723;748,723,"range(3, 43)",0.6,1.0,0.5,40,0.011193196959973919
652,waymo_train,waymo_500-799,87652,2000;2004,2000,"range(21, 72)",0.6,1.0,0.5,51,0.016728788237507276
653,waymo_train,waymo_500-799,34232,329;364,329,"range(0, 63)",0.6,1.0,0.5,63,0.04761904902467583
654,waymo_train,waymo_500-799,34905,1161;1164;1166,1161,"range(15, 56)",0.6,1.0,0.5,41,0.008993806339185059
655,waymo_train,waymo_500-799,35237,2280;2395,2280,"range(44, 87)",0.6,1.0,0.5,43,1.204949161138122e-06
656,waymo_train,waymo_500-799,37627,1145;1155,1145,"range(28, 73)",0.6,1.0,0.5,45,0.02538143437631921
657,waymo_train,waymo_500-799,37740,2181;2190,2181,"range(19, 58)",0.6,1.0,0.5,39,0.025683769752741926
658,waymo_train,waymo_500-799,37740,2180;2181;2190,2180,"range(0, 53)",0.6,1.0,0.5,53,0.10618448773815559
659,waymo_train,waymo_500-799,41319,775;779,775,"range(6, 62)",0.6,1.0,0.5,56,0.021568730195265135
660,waymo_train,waymo_500-799,42118,46;55;62,46,"range(6, 48)",0.6,1.0,0.5,42,0.0010073441252619285
661,waymo_train,waymo_500-799,97452,2513;2514,2513,"range(0, 30)",0.6,1.0,0.5,30,0.008265758493609167
662,waymo_train,waymo_500-799,44724,211;214,211,"range(3, 42)",0.6,1.0,0.5,39,0.016573449885567266
663,waymo_train,waymo_500-799,44895,708;712,708,"range(30, 76)",0.6,1.0,0.5,46,0.0030992446137294927
664,waymo_train,waymo_500-799,98170,7;8,7,"range(24, 72)",0.6,1.0,0.5,48,1.2914961029887613e-05
665,waymo_train,waymo_500-799,45248,392;402,392,"range(2, 42)",0.6,1.0,0.5,40,0.00020306732757097737
666,waymo_train,waymo_500-799,45633,1993;1996,1993,"range(0, 40)",0.6,1.0,0.5,40,0.03410974090700562
667,waymo_train,waymo_500-799,103108,1654;1660,1654,"range(37, 86)",0.6,1.0,0.5,49,0.018788903313295243
668,waymo_train,waymo_500-799,48167,2508;2686,2508,"range(11, 58)",0.6,1.0,0.5,47,0.03621359692872915
669,waymo_train,waymo_500-799,104779,607;620,607,"range(19, 65)",0.6,1.0,0.5,46,0.0025263550380723067
670,waymo_train,waymo_500-799,50888,197;200,197,"range(5, 57)",0.6,1.0,0.5,52,0.002619842423614064
671,waymo_train,waymo_500-799,51525,1718;1722,1718,"range(19, 70)",0.6,1.0,0.5,51,0.045056572578611294
672,waymo_train,waymo_500-799,5162,14;33,14,"range(0, 40)",0.6,1.0,0.5,40,0.045698510340376364
673,waymo_train,waymo_500-799,51669,407;429,407,"range(14, 58)",0.6,1.0,0.5,44,0.006826806746730823
674,waymo_train,waymo_500-799,52080,1635;1648,1635,"range(18, 57)",0.6,1.0,0.5,39,0.00021474674162814635
675,waymo_train,waymo_500-799,108386,102;116,102,"range(0, 36)",0.6,1.0,0.5,36,0.027778273313362627
676,waymo_train,waymo_500-799,108507,216;217,216,"range(11, 66)",0.6,1.0,0.5,55,0.001147961822609245
677,waymo_train,waymo_800-999,57019,869;887;903,869,"range(11, 52)",0.6,1.0,0.5,41,0.0019781751839236905
678,waymo_train,waymo_800-999,62986,1197;1221,1197,"range(12, 52)",0.6,1.0,0.5,40,0.005303187343773138
679,waymo_train,waymo_800-999,64072,2280;2395,2280,"range(44, 87)",0.6,1.0,0.5,43,1.204949161138122e-06
680,waymo_train,waymo_800-999,66110,260;261,260,"range(45, 90)",0.6,1.0,0.5,45,0.023740017103821273
681,waymo_train,waymo_800-999,70093,1118;1122,1118,"range(1, 44)",0.6,1.0,0.5,43,0.0027979065833713154
682,waymo_train,waymo_800-999,7323,1493;1518,1493,"range(0, 30)",0.6,1.0,0.5,30,0.06676742284227725
683,waymo_train,waymo_800-999,81067,1816;1830,1816,"range(21, 85)",0.6,1.0,0.5,64,0.029035608010817247
684,waymo_train,waymo_800-999,81140,1394;1395,1394,"range(31, 80)",0.6,1.0,0.5,49,0.03620923528699109
685,waymo_train,waymo_800-999,83422,50;58,50,"range(0, 33)",0.6,1.0,0.5,33,0.1269024066560113
686,waymo_train,waymo_800-999,84477,16;2,16,"range(0, 39)",0.6,1.0,0.5,39,0.04768974247461711
687,waymo_train,waymo_800-999,84666,37;54,37,"range(17, 56)",0.6,1.0,0.5,39,0.026704141920654203
688,waymo_train,waymo_800-999,85169,1682;1686,1682,"range(5, 55)",0.6,1.0,0.5,50,0.005572042321873696
689,waymo_train,waymo_800-999,86865,1716;1730,1716,"range(0, 51)",0.6,1.0,0.5,51,0.0004360948890493406
690,waymo_train,waymo_800-999,88419,1816;1830,1816,"range(0, 55)",0.6,1.0,0.5,55,0.04809988747300286
691,waymo_train,waymo_800-999,89755,1763;1774,1763,"range(24, 72)",0.6,1.0,0.5,48,0.02143831329590754
692,waymo_train,waymo_800-999,9070,1262;1263,1262,"range(24, 78)",0.6,1.0,0.5,54,0.000484180624524089
693,waymo_train,waymo_800-999,96286,2280;2395,2280,"range(24, 67)",0.6,1.0,0.5,43,1.204949161138122e-06
694,waymo_train,waymo_800-999,96839,1;49,1,"range(30, 74)",0.6,1.0,0.5,44,2.8942521602373356e-05
695,waymo_train,waymo_800-999,97042,2469;2470,2469,"range(14, 76)",0.6,1.0,0.5,62,0.08088483554818225
696,waymo_train,waymo_800-999,97086,2448;2449,2448,"range(30, 82)",0.6,1.0,0.5,52,0.1352260767108377
697,waymo_train,waymo_0-299,67796,693;701,693,"range(27, 81)",0.6,1.0,0.5,54,0.024000782679811688
698,waymo_train,waymo_0-299,22758,1447;1482;1511;1520,1447,"range(28, 70)",0.6,1.0,0.5,42,4.1758388952021635e-05
699,waymo_train,waymo_0-299,92882,2552;2568;2571,2552,"range(11, 71)",0.6,1.0,0.5,60,0.0019326196207788908
700,waymo_train,waymo_0-299,49360,1067;1073,1067,"range(0, 44)",0.6,1.0,0.5,44,0.045457022185517997
701,waymo_train,waymo_300-499,1918,2348;2350,2348,"range(4, 46)",0.6,1.0,0.5,42,0.000495036206452632
702,waymo_train,waymo_300-499,12119,577;598,577,"range(2, 47)",0.6,1.0,0.5,45,0.003997209851739853
703,waymo_train,waymo_500-799,20002,811;832,811,"range(7, 54)",0.6,1.0,0.5,47,0.0016032671063244582
704,waymo_train,waymo_800-999,88316,1666;1696,1666,"range(46, 87)",0.6,1.0,0.5,41,0.0016159999924363572
705,waymo_train,waymo_800-999,88449,138;144,138,"range(13, 54)",0.6,1.0,0.5,41,2.022507247353288e-07
