index,dataset,folder,scenario_idx,track_id,ego_id,timerange,comfortable_threshold,uncomfortable_threshold,linear_decay_slope,n_timesteps,a_p
1,waymo_train,waymo_0-299,32111,1272;ego,ego,"range(0, 33)",0.89,2.12,0.5,33,0.860847060671928
2,waymo_train,waymo_0-299,3671,794;ego,ego,"range(18, 58)",0.89,2.12,0.5,40,0.9914121899983682
3,waymo_train,waymo_0-299,46973,203;ego,ego,"range(8, 56)",0.89,2.12,0.5,48,0.6093745774471867
4,waymo_train,waymo_0-299,51490,2018;ego,ego,"range(25, 77)",0.89,2.12,0.5,52,0.9985098436041595
5,waymo_train,waymo_0-299,5567,2184;ego,ego,"range(15, 81)",0.89,2.12,0.5,66,0.9939664047870802
6,waymo_train,waymo_0-299,79408,1998;ego,ego,"range(16, 55)",0.89,2.12,0.5,39,0.9602723695170684
7,waymo_train,waymo_0-299,95569,2248;ego,ego,"range(27, 79)",0.89,2.12,0.5,52,0.9992660498611892
8,waymo_train,waymo_0-299,102587,924;ego,ego,"range(13, 74)",0.89,2.12,0.5,61,0.8227014097028827
9,waymo_train,waymo_0-299,123876,2865;ego,ego,"range(28, 67)",0.89,2.12,0.5,39,0.7817421410924047
10,waymo_train,waymo_0-299,134006,2657;ego,ego,"range(26, 90)",0.89,2.12,0.5,64,0.9998675658165096
11,waymo_train,waymo_0-299,14720,899;ego,ego,"range(6, 63)",0.89,2.12,0.5,57,0.9853014493152223
12,waymo_train,waymo_0-299,15227,1844;ego,ego,"range(9, 75)",0.89,2.12,0.5,66,0.9663015016061417
13,waymo_train,waymo_0-299,16714,526;ego,ego,"range(4, 71)",0.89,2.12,0.5,67,0.9898904404239611
14,waymo_train,waymo_0-299,19079,165;ego,ego,"range(22, 70)",0.89,2.12,0.5,48,0.9475721273223051
15,waymo_train,waymo_0-299,20296,950;ego,ego,"range(0, 29)",0.89,2.12,0.5,29,0.9998549982997862
16,waymo_train,waymo_0-299,20708,5;ego,ego,"range(0, 53)",0.89,2.12,0.5,53,0.909318670422623
17,waymo_train,waymo_0-299,20895,1936;ego,ego,"range(2, 55)",0.89,2.12,0.5,53,1.0
18,waymo_train,waymo_0-299,24389,1952;ego,ego,"range(16, 62)",0.89,2.12,0.5,46,0.8424030231755171
19,waymo_train,waymo_0-299,25708,1887;ego,ego,"range(23, 75)",0.89,2.12,0.5,52,0.9870829139722223
20,waymo_train,waymo_0-299,27447,68;ego,ego,"range(0, 30)",0.89,2.12,0.5,30,0.9326570206026416
21,waymo_train,waymo_0-299,27765,2421;ego,ego,"range(13, 59)",0.89,2.12,0.5,46,1.0
22,waymo_train,waymo_0-299,29833,798;ego,ego,"range(0, 52)",0.89,2.12,0.5,52,0.9188091676444388
23,waymo_train,waymo_0-299,30020,1117;ego,ego,"range(19, 64)",0.89,2.12,0.5,45,0.9853574214709269
24,waymo_train,waymo_0-299,90380,861;ego,ego,"range(0, 36)",0.89,2.12,0.5,36,0.8557359352548771
25,waymo_train,waymo_0-299,91392,1093;ego,ego,"range(21, 65)",0.89,2.12,0.5,44,0.9902535107471216
26,waymo_train,waymo_0-299,91425,1483;ego,ego,"range(0, 46)",0.89,2.12,0.5,46,0.8241846591136729
27,waymo_train,waymo_0-299,91832,4313;ego,ego,"range(3, 43)",0.89,2.12,0.5,40,0.9853884436744181
28,waymo_train,waymo_0-299,91933,518;ego,ego,"range(36, 81)",0.89,2.12,0.5,45,0.9731949751179798
29,waymo_train,waymo_0-299,31651,1806;ego,ego,"range(2, 59)",0.89,2.12,0.5,57,0.923419815070201
30,waymo_train,waymo_0-299,93102,701;ego,ego,"range(0, 45)",0.89,2.12,0.5,45,0.9201028086408656
31,waymo_train,waymo_0-299,94336,957;ego,ego,"range(0, 38)",0.89,2.12,0.5,38,0.8986403902328436
32,waymo_train,waymo_0-299,35451,389;391;ego,ego,"range(25, 65)",0.89,2.12,0.5,40,0.9627098209859835
33,waymo_train,waymo_0-299,96603,1803;ego,ego,"range(0, 39)",0.89,2.12,0.5,39,0.9793347776839199
34,waymo_train,waymo_0-299,97207,2371;ego,ego,"range(24, 86)",0.89,2.12,0.5,62,0.9282451211218877
35,waymo_train,waymo_0-299,37022,20;ego,ego,"range(16, 78)",0.89,2.12,0.5,62,1.0
36,waymo_train,waymo_0-299,99483,1094;ego,ego,"range(29, 76)",0.89,2.12,0.5,47,0.9579631437815062
37,waymo_train,waymo_0-299,39058,182;ego,ego,"range(4, 54)",0.89,2.12,0.5,50,1.0
38,waymo_train,waymo_0-299,100679,727;ego,ego,"range(14, 84)",0.89,2.12,0.5,70,0.8651388442879759
39,waymo_train,waymo_0-299,100967,728;741;ego,ego,"range(11, 58)",0.89,2.12,0.5,47,0.6359582187617746
40,waymo_train,waymo_0-299,100967,728;ego,ego,"range(4, 63)",0.89,2.12,0.5,59,0.6753060957496954
41,waymo_train,waymo_0-299,40040,3006;ego,ego,"range(21, 83)",0.89,2.12,0.5,62,0.9726608795646045
42,waymo_train,waymo_0-299,102468,1818;ego,ego,"range(0, 38)",0.89,2.12,0.5,38,0.9650682366177898
43,waymo_train,waymo_0-299,41580,2428;ego,ego,"range(0, 43)",0.89,2.12,0.5,43,0.8013338072113775
44,waymo_train,waymo_0-299,105812,566;ego,ego,"range(0, 56)",0.89,2.12,0.5,56,0.9937270065546502
45,waymo_train,waymo_0-299,45858,2509;2512;ego,ego,"range(17, 60)",0.89,2.12,0.5,43,1.0
46,waymo_train,waymo_0-299,10815,1556;ego,ego,"range(0, 50)",0.89,2.12,0.5,50,0.8777787867200179
47,waymo_train,waymo_0-299,108745,118;ego,ego,"range(5, 56)",0.89,2.12,0.5,51,1.0
48,waymo_train,waymo_0-299,109961,344;ego,ego,"range(11, 54)",0.89,2.12,0.5,43,0.4540242661530363
49,waymo_train,waymo_0-299,49119,324;ego,ego,"range(0, 31)",0.89,2.12,0.5,31,0.5608635907520106
50,waymo_train,waymo_0-299,112924,97;ego,ego,"range(0, 31)",0.89,2.12,0.5,31,0.9016105528159822
51,waymo_train,waymo_0-299,114054,1150;ego,ego,"range(8, 60)",0.89,2.12,0.5,52,0.9617859183256823
52,waymo_train,waymo_0-299,52182,1332;ego,ego,"range(21, 64)",0.89,2.12,0.5,43,1.0
53,waymo_train,waymo_0-299,115062,2930;2933;ego,ego,"range(23, 73)",0.89,2.12,0.5,50,0.9988058227974228
54,waymo_train,waymo_0-299,52926,1;ego,ego,"range(3, 72)",0.89,2.12,0.5,69,0.9701300679553122
55,waymo_train,waymo_0-299,115640,545;ego,ego,"range(0, 32)",0.89,2.12,0.5,32,0.9872382275613978
56,waymo_train,waymo_0-299,116105,2352;ego,ego,"range(23, 82)",0.89,2.12,0.5,59,1.0
57,waymo_train,waymo_0-299,53713,1870;ego,ego,"range(5, 45)",0.89,2.12,0.5,40,0.8495192314207822
58,waymo_train,waymo_0-299,116679,760;ego,ego,"range(12, 65)",0.89,2.12,0.5,53,0.8919510413839108
59,waymo_train,waymo_0-299,118224,294;295;ego,ego,"range(25, 66)",0.89,2.12,0.5,41,0.6536968504661591
60,waymo_train,waymo_0-299,118961,1860;ego,ego,"range(16, 71)",0.89,2.12,0.5,55,0.9345942247544491
61,waymo_train,waymo_0-299,119354,1624;1669;ego,ego,"range(21, 73)",0.89,2.12,0.5,52,0.7985551411861036
62,waymo_train,waymo_0-299,57654,996;ego,ego,"range(27, 67)",0.89,2.12,0.5,40,0.955661602485959
63,waymo_train,waymo_0-299,58006,627;ego,ego,"range(27, 76)",0.89,2.12,0.5,49,0.914146808564244
64,waymo_train,waymo_0-299,123816,1865;ego,ego,"range(19, 67)",0.89,2.12,0.5,48,1.0
65,waymo_train,waymo_0-299,60754,364;ego,ego,"range(0, 40)",0.89,2.12,0.5,40,0.9949955194036555
66,waymo_train,waymo_0-299,124480,822;ego,ego,"range(4, 43)",0.89,2.12,0.5,39,0.6055896189145334
67,waymo_train,waymo_0-299,126269,73;ego,ego,"range(6, 58)",0.89,2.12,0.5,52,0.9410126180816172
68,waymo_train,waymo_0-299,62972,514;ego,ego,"range(0, 48)",0.89,2.12,0.5,48,0.9123929911882601
69,waymo_train,waymo_0-299,63545,1558;ego,ego,"range(28, 90)",0.89,2.12,0.5,62,0.9725143525950911
70,waymo_train,waymo_0-299,128041,1991;ego,ego,"range(0, 54)",0.89,2.12,0.5,54,1.0
71,waymo_train,waymo_0-299,128046,510;ego,ego,"range(24, 63)",0.89,2.12,0.5,39,0.9497550827473727
72,waymo_train,waymo_0-299,128061,1511;ego,ego,"range(11, 57)",0.89,2.12,0.5,46,0.8702278548640928
73,waymo_train,waymo_0-299,128172,0;2;ego,ego,"range(0, 34)",0.89,2.12,0.5,34,0.946205839536322
74,waymo_train,waymo_0-299,128987,851;ego,ego,"range(25, 81)",0.89,2.12,0.5,56,0.9920944176182882
75,waymo_train,waymo_0-299,129657,1167;ego,ego,"range(31, 71)",0.89,2.12,0.5,40,0.7076654297039846
76,waymo_train,waymo_0-299,130102,0;ego,ego,"range(0, 30)",0.89,2.12,0.5,30,1.0
77,waymo_train,waymo_0-299,130664,944;ego,ego,"range(3, 70)",0.89,2.12,0.5,67,1.0
78,waymo_train,waymo_0-299,132604,147;ego,ego,"range(21, 65)",0.89,2.12,0.5,44,0.9531255028198659
79,waymo_train,waymo_0-299,69563,1619;ego,ego,"range(0, 41)",0.89,2.12,0.5,41,0.916438537985035
80,waymo_train,waymo_0-299,134586,19;ego,ego,"range(28, 90)",0.89,2.12,0.5,62,1.0
81,waymo_train,waymo_0-299,70862,1201;ego,ego,"range(3, 43)",0.89,2.12,0.5,40,0.9048652086649345
82,waymo_train,waymo_0-299,136334,874;ego,ego,"range(20, 80)",0.89,2.12,0.5,60,1.0
83,waymo_train,waymo_0-299,136545,22;ego,ego,"range(0, 54)",0.89,2.12,0.5,54,1.0
84,waymo_train,waymo_0-299,137674,121;ego,ego,"range(0, 43)",0.89,2.12,0.5,43,0.9816221472316079
85,waymo_train,waymo_0-299,138672,448;ego,ego,"range(0, 52)",0.89,2.12,0.5,52,0.9049258307242855
86,waymo_train,waymo_0-299,75730,1522;ego,ego,"range(13, 64)",0.89,2.12,0.5,51,0.9091420503457014
87,waymo_train,waymo_0-299,7635,630;ego,ego,"range(26, 75)",0.89,2.12,0.5,49,1.0
88,waymo_train,waymo_0-299,141163,1055;ego,ego,"range(0, 51)",0.89,2.12,0.5,51,0.9737067011762541
89,waymo_train,waymo_0-299,141367,1629;ego,ego,"range(4, 44)",0.89,2.12,0.5,40,0.8665175409974246
90,waymo_train,waymo_0-299,77340,3023;ego,ego,"range(20, 78)",0.89,2.12,0.5,58,0.9708429614101679
91,waymo_train,waymo_0-299,142692,10;ego,ego,"range(28, 76)",0.89,2.12,0.5,48,1.0
92,waymo_train,waymo_0-299,142643,834;ego,ego,"range(0, 32)",0.89,2.12,0.5,32,1.0
93,waymo_train,waymo_0-299,78420,1445;1449;ego,ego,"range(25, 78)",0.89,2.12,0.5,53,0.9392654481348333
94,waymo_train,waymo_0-299,144899,2082;ego,ego,"range(0, 35)",0.89,2.12,0.5,35,0.9952383031889046
95,waymo_train,waymo_0-299,80298,1173;ego,ego,"range(29, 85)",0.89,2.12,0.5,56,0.9981715072157648
96,waymo_train,waymo_0-299,82104,2678;2685;ego,ego,"range(27, 69)",0.89,2.12,0.5,42,0.929282284971357
97,waymo_train,waymo_0-299,82350,811;ego,ego,"range(0, 48)",0.89,2.12,0.5,48,1.0
98,waymo_train,waymo_0-299,8355,2653;ego,ego,"range(0, 51)",0.89,2.12,0.5,51,1.0
99,waymo_train,waymo_0-299,8356,1911;1912;ego,ego,"range(25, 76)",0.89,2.12,0.5,51,0.9609747407071473
100,waymo_train,waymo_0-299,83990,1936;ego,ego,"range(24, 74)",0.89,2.12,0.5,50,0.9846054673184708
101,waymo_train,waymo_0-299,84631,1071;ego,ego,"range(30, 73)",0.89,2.12,0.5,43,0.951697049467215
102,waymo_train,waymo_0-299,85224,44;ego,ego,"range(0, 32)",0.89,2.12,0.5,32,0.6535881844414009
103,waymo_train,waymo_0-299,88794,7;ego,ego,"range(8, 52)",0.89,2.12,0.5,44,0.8837934127689852
104,waymo_train,waymo_300-499,7312,924;ego,ego,"range(0, 34)",0.89,2.12,0.5,34,0.9946719641861484
105,waymo_train,waymo_300-499,1013,3457;ego,ego,"range(25, 73)",0.89,2.12,0.5,48,0.9906152553572287
106,waymo_train,waymo_300-499,3052,572;ego,ego,"range(13, 75)",0.89,2.12,0.5,62,0.9946572961920246
107,waymo_train,waymo_300-499,3545,95;ego,ego,"range(40, 79)",0.89,2.12,0.5,39,0.9841806342206982
108,waymo_train,waymo_300-499,1698,3222;ego,ego,"range(18, 83)",0.89,2.12,0.5,65,1.0
109,waymo_train,waymo_300-499,4263,2;ego,ego,"range(15, 66)",0.89,2.12,0.5,51,0.6117416094946709
110,waymo_train,waymo_300-499,6567,862;ego,ego,"range(0, 29)",0.89,2.12,0.5,29,0.9231005652139951
111,waymo_train,waymo_300-499,7147,13;ego,ego,"range(12, 56)",0.89,2.12,0.5,44,0.8055829508053335
112,waymo_train,waymo_300-499,8791,458;ego,ego,"range(0, 43)",0.89,2.12,0.5,43,0.9083906254511726
113,waymo_train,waymo_300-499,10837,403;ego,ego,"range(0, 54)",0.89,2.12,0.5,54,1.0
114,waymo_train,waymo_300-499,11043,2566;ego,ego,"range(4, 55)",0.89,2.12,0.5,51,0.8443312801950235
115,waymo_train,waymo_300-499,12568,630;ego,ego,"range(16, 65)",0.89,2.12,0.5,49,1.0
116,waymo_train,waymo_300-499,13381,3104;ego,ego,"range(30, 86)",0.89,2.12,0.5,56,0.9998799463830584
117,waymo_train,waymo_300-499,14368,99;ego,ego,"range(16, 55)",0.89,2.12,0.5,39,1.0
118,waymo_train,waymo_300-499,15819,1233;ego,ego,"range(0, 38)",0.89,2.12,0.5,38,0.9431109724285683
119,waymo_train,waymo_300-499,17699,1355;ego,ego,"range(27, 80)",0.89,2.12,0.5,53,0.9648676202438969
120,waymo_train,waymo_300-499,18460,1667;ego,ego,"range(5, 45)",0.89,2.12,0.5,40,0.8670271455878954
121,waymo_train,waymo_300-499,24084,1929;1937;ego,ego,"range(33, 82)",0.89,2.12,0.5,49,0.8854023029432
122,waymo_train,waymo_300-499,28017,1582;ego,ego,"range(0, 42)",0.89,2.12,0.5,42,0.9824964142785779
123,waymo_train,waymo_300-499,29531,38;ego,ego,"range(27, 76)",0.89,2.12,0.5,49,0.998892970573977
124,waymo_train,waymo_300-499,30263,449;ego,ego,"range(0, 34)",0.89,2.12,0.5,34,0.863591188260054
125,waymo_train,waymo_300-499,31872,2421;ego,ego,"range(21, 70)",0.89,2.12,0.5,49,0.9997929230754418
126,waymo_train,waymo_300-499,33029,2509;ego,ego,"range(0, 31)",0.89,2.12,0.5,31,1.0
127,waymo_train,waymo_300-499,33167,440;ego,ego,"range(0, 39)",0.89,2.12,0.5,39,1.0
128,waymo_train,waymo_300-499,33208,22;ego,ego,"range(0, 34)",0.89,2.12,0.5,34,1.0
129,waymo_train,waymo_300-499,33632,493;ego,ego,"range(20, 75)",0.89,2.12,0.5,55,0.9205008012665583
130,waymo_train,waymo_300-499,33825,2034;ego,ego,"range(7, 52)",0.89,2.12,0.5,45,0.7052767201696462
131,waymo_train,waymo_300-499,36430,55;ego,ego,"range(0, 33)",0.89,2.12,0.5,33,1.0
132,waymo_train,waymo_300-499,36726,1673;ego,ego,"range(15, 81)",0.89,2.12,0.5,66,0.9938883583550103
133,waymo_train,waymo_300-499,37568,819;ego,ego,"range(28, 76)",0.89,2.12,0.5,48,1.0
134,waymo_train,waymo_300-499,39123,2072;ego,ego,"range(0, 36)",0.89,2.12,0.5,36,1.0
135,waymo_train,waymo_300-499,39488,816;ego,ego,"range(14, 56)",0.89,2.12,0.5,42,0.9806603403276103
136,waymo_train,waymo_300-499,40777,776;ego,ego,"range(12, 52)",0.89,2.12,0.5,40,0.9978230590532998
137,waymo_train,waymo_300-499,42498,874;ego,ego,"range(0, 50)",0.89,2.12,0.5,50,1.0
138,waymo_train,waymo_300-499,45365,2520;ego,ego,"range(0, 59)",0.89,2.12,0.5,59,0.864576235818033
139,waymo_train,waymo_300-499,47578,2564;ego,ego,"range(7, 56)",0.89,2.12,0.5,49,0.9207050554529129
140,waymo_train,waymo_300-499,49968,2678;2685;ego,ego,"range(0, 39)",0.89,2.12,0.5,39,0.9263113279686207
141,waymo_train,waymo_300-499,51732,1565;ego,ego,"range(20, 85)",0.89,2.12,0.5,65,1.0
142,waymo_train,waymo_300-499,52376,2;ego,ego,"range(16, 60)",0.89,2.12,0.5,44,0.9794757247730174
143,waymo_train,waymo_300-499,52525,73;ego,ego,"range(0, 48)",0.89,2.12,0.5,48,0.9360970029217519
144,waymo_train,waymo_300-499,52760,1344;1347;ego,ego,"range(25, 70)",0.89,2.12,0.5,45,0.9439928601185683
145,waymo_train,waymo_300-499,53170,1672;ego,ego,"range(31, 74)",0.89,2.12,0.5,43,0.8925703721852075
146,waymo_train,waymo_300-499,53427,1658;ego,ego,"range(26, 67)",0.89,2.12,0.5,41,0.5826547979121426
147,waymo_train,waymo_300-499,53674,426;ego,ego,"range(0, 34)",0.89,2.12,0.5,34,0.6466797145333508
148,waymo_train,waymo_300-499,55806,989;ego,ego,"range(10, 74)",0.89,2.12,0.5,64,0.8507981169623776
149,waymo_train,waymo_300-499,59323,1856;ego,ego,"range(0, 52)",0.89,2.12,0.5,52,0.9199955119747801
150,waymo_train,waymo_300-499,59768,2678;ego,ego,"range(0, 41)",0.89,2.12,0.5,41,0.9098456809248597
151,waymo_train,waymo_300-499,60782,484;ego,ego,"range(0, 43)",0.89,2.12,0.5,43,0.9663752846183797
152,waymo_train,waymo_300-499,60921,1;ego,ego,"range(0, 57)",0.89,2.12,0.5,57,0.8548661764764357
153,waymo_train,waymo_300-499,61572,807;ego,ego,"range(10, 50)",0.89,2.12,0.5,40,0.6370862602138787
154,waymo_train,waymo_300-499,63117,2357;ego,ego,"range(35, 85)",0.89,2.12,0.5,50,0.9617093372828591
155,waymo_train,waymo_300-499,65037,276;ego,ego,"range(12, 58)",0.89,2.12,0.5,46,0.9596772521436155
156,waymo_train,waymo_300-499,65447,17;ego,ego,"range(0, 41)",0.89,2.12,0.5,41,0.8453773765610566
157,waymo_train,waymo_300-499,66183,207;ego,ego,"range(15, 72)",0.89,2.12,0.5,57,1.0
158,waymo_train,waymo_300-499,69948,2078;ego,ego,"range(21, 82)",0.89,2.12,0.5,61,0.9017151121336564
159,waymo_train,waymo_300-499,71193,0;ego,ego,"range(3, 43)",0.89,2.12,0.5,40,0.9841208204753693
160,waymo_train,waymo_300-499,72906,1300;ego,ego,"range(18, 62)",0.89,2.12,0.5,44,0.5158683717430965
161,waymo_train,waymo_300-499,74076,229;ego,ego,"range(30, 90)",0.89,2.12,0.5,60,0.7579339242004577
162,waymo_train,waymo_300-499,74479,430;ego,ego,"range(25, 88)",0.89,2.12,0.5,63,0.6990383304237786
163,waymo_train,waymo_300-499,74600,2;ego,ego,"range(0, 40)",0.89,2.12,0.5,40,0.988780595430342
164,waymo_train,waymo_300-499,74720,1352;ego,ego,"range(0, 35)",0.89,2.12,0.5,35,1.0
165,waymo_train,waymo_300-499,75059,136;ego,ego,"range(0, 46)",0.89,2.12,0.5,46,0.7232487372620524
166,waymo_train,waymo_300-499,75126,485;ego,ego,"range(15, 54)",0.89,2.12,0.5,39,0.9051496735006259
167,waymo_train,waymo_300-499,83000,926;ego,ego,"range(0, 42)",0.89,2.12,0.5,42,0.989924567936919
168,waymo_train,waymo_300-499,84355,399;ego,ego,"range(11, 57)",0.89,2.12,0.5,46,1.0
169,waymo_train,waymo_300-499,86995,1089;1092;ego,ego,"range(0, 37)",0.89,2.12,0.5,37,1.0
170,waymo_train,waymo_300-499,86995,1089;1092;ego,ego,"range(0, 37)",0.89,2.12,0.5,37,1.0
171,waymo_train,waymo_300-499,87504,3244;ego,ego,"range(26, 82)",0.89,2.12,0.5,56,1.0
172,waymo_train,waymo_300-499,88500,1856;ego,ego,"range(0, 32)",0.89,2.12,0.5,32,0.874777760899004
173,waymo_train,waymo_300-499,91011,2448;ego,ego,"range(0, 37)",0.89,2.12,0.5,37,1.0
174,waymo_train,waymo_300-499,91653,796;ego,ego,"range(24, 82)",0.89,2.12,0.5,58,0.9726285639893256
175,waymo_train,waymo_300-499,92088,2308;ego,ego,"range(11, 73)",0.89,2.12,0.5,62,0.9377022171245452
176,waymo_train,waymo_300-499,92724,255;ego,ego,"range(44, 88)",0.89,2.12,0.5,44,0.9240329144435695
177,waymo_train,waymo_300-499,96333,1738;ego,ego,"range(0, 41)",0.89,2.12,0.5,41,0.8337887798158321
178,waymo_train,waymo_300-499,97309,1297;ego,ego,"range(0, 46)",0.89,2.12,0.5,46,0.9992362639693877
179,waymo_train,waymo_500-799,21494,4;ego,ego,"range(0, 53)",0.89,2.12,0.5,53,0.9998474885116978
180,waymo_train,waymo_500-799,3596,249;ego,ego,"range(0, 32)",0.89,2.12,0.5,32,0.7311388125129151
181,waymo_train,waymo_500-799,41283,583;ego,ego,"range(24, 87)",0.89,2.12,0.5,63,0.9995850305048011
182,waymo_train,waymo_500-799,44011,728;ego,ego,"range(0, 43)",0.89,2.12,0.5,43,0.5748202045659424
183,waymo_train,waymo_500-799,44011,728;741;ego,ego,"range(0, 38)",0.89,2.12,0.5,38,0.5706154796534197
184,waymo_train,waymo_500-799,45391,2;ego,ego,"range(10, 68)",0.89,2.12,0.5,58,1.0
185,waymo_train,waymo_500-799,4842,204;ego,ego,"range(0, 30)",0.89,2.12,0.5,30,0.8615323654327521
186,waymo_train,waymo_500-799,61393,3512;ego,ego,"range(0, 53)",0.89,2.12,0.5,53,0.9686815318648971
187,waymo_train,waymo_500-799,73980,1176;ego,ego,"range(30, 82)",0.89,2.12,0.5,52,0.9461907739880728
188,waymo_train,waymo_500-799,81156,207;ego,ego,"range(36, 75)",0.89,2.12,0.5,39,0.9371088850769814
189,waymo_train,waymo_500-799,8268,2235;ego,ego,"range(35, 84)",0.89,2.12,0.5,49,0.8795615773626535
190,waymo_train,waymo_500-799,103660,2220;2227;ego,ego,"range(20, 65)",0.89,2.12,0.5,45,0.9772835126273842
191,waymo_train,waymo_500-799,13675,1667;ego,ego,"range(5, 45)",0.89,2.12,0.5,40,0.8670271455878954
192,waymo_train,waymo_500-799,15617,39;ego,ego,"range(29, 90)",0.89,2.12,0.5,61,0.9661408644161537
193,waymo_train,waymo_500-799,16609,1814;ego,ego,"range(0, 36)",0.89,2.12,0.5,36,0.7496015501639455
194,waymo_train,waymo_500-799,18275,1279;ego,ego,"range(7, 52)",0.89,2.12,0.5,45,0.9355102504837641
195,waymo_train,waymo_500-799,18960,1576;ego,ego,"range(0, 49)",0.89,2.12,0.5,49,0.607424348953876
196,waymo_train,waymo_500-799,19138,2116;ego,ego,"range(0, 32)",0.89,2.12,0.5,32,1.0
197,waymo_train,waymo_500-799,21827,394;ego,ego,"range(0, 35)",0.89,2.12,0.5,35,0.9412239012427368
198,waymo_train,waymo_500-799,22409,757;ego,ego,"range(0, 30)",0.89,2.12,0.5,30,0.9335747417494213
199,waymo_train,waymo_500-799,23447,1205;ego,ego,"range(26, 84)",0.89,2.12,0.5,58,1.0
200,waymo_train,waymo_500-799,25101,590;ego,ego,"range(0, 39)",0.89,2.12,0.5,39,0.9723442061135944
201,waymo_train,waymo_500-799,25331,765;ego,ego,"range(11, 52)",0.89,2.12,0.5,41,0.92316151036066
202,waymo_train,waymo_500-799,81293,1201;ego,ego,"range(3, 43)",0.89,2.12,0.5,40,0.9048652086649345
203,waymo_train,waymo_500-799,81963,1166;ego,ego,"range(8, 74)",0.89,2.12,0.5,66,0.8850581152033923
204,waymo_train,waymo_500-799,82079,603;611;ego,ego,"range(30, 71)",0.89,2.12,0.5,41,0.9808033447672225
205,waymo_train,waymo_500-799,30061,627;ego,ego,"range(7, 56)",0.89,2.12,0.5,49,0.914146808564244
206,waymo_train,waymo_500-799,31145,514;ego,ego,"range(20, 68)",0.89,2.12,0.5,48,0.9123929911882601
207,waymo_train,waymo_500-799,85831,55;ego,ego,"range(0, 33)",0.89,2.12,0.5,33,1.0
208,waymo_train,waymo_500-799,32999,458;ego,ego,"range(30, 73)",0.89,2.12,0.5,43,0.9080343831664349
209,waymo_train,waymo_500-799,33356,182;ego,ego,"range(0, 61)",0.89,2.12,0.5,61,1.0
210,waymo_train,waymo_500-799,87038,32;ego,ego,"range(0, 49)",0.89,2.12,0.5,49,0.9750839797686236
211,waymo_train,waymo_500-799,34141,3864;ego,ego,"range(9, 71)",0.89,2.12,0.5,62,1.0
212,waymo_train,waymo_500-799,87917,1443;ego,ego,"range(10, 52)",0.89,2.12,0.5,42,0.9995026603946376
213,waymo_train,waymo_500-799,35190,2678;ego,ego,"range(0, 42)",0.89,2.12,0.5,42,1.0
214,waymo_train,waymo_500-799,3625,56;ego,ego,"range(3, 46)",0.89,2.12,0.5,43,0.7770455020823486
215,waymo_train,waymo_500-799,90559,1061;ego,ego,"range(0, 34)",0.89,2.12,0.5,34,1.0
216,waymo_train,waymo_500-799,90736,950;ego,ego,"range(18, 74)",0.89,2.12,0.5,56,0.9999249098338179
217,waymo_train,waymo_500-799,90874,1393;ego,ego,"range(11, 52)",0.89,2.12,0.5,41,0.9784191003952439
218,waymo_train,waymo_500-799,39025,2139;ego,ego,"range(30, 90)",0.89,2.12,0.5,60,0.7943117673421217
219,waymo_train,waymo_500-799,93026,813;ego,ego,"range(26, 68)",0.89,2.12,0.5,42,0.897719869431743
220,waymo_train,waymo_500-799,93061,2308;ego,ego,"range(21, 83)",0.89,2.12,0.5,62,0.9377022171245452
221,waymo_train,waymo_500-799,4008,3406;ego,ego,"range(2, 60)",0.89,2.12,0.5,58,0.9655389736667506
222,waymo_train,waymo_500-799,95655,2263;ego,ego,"range(28, 76)",0.89,2.12,0.5,48,0.9531853169083907
223,waymo_train,waymo_500-799,42218,1727;ego,ego,"range(0, 31)",0.89,2.12,0.5,31,0.994505556118977
224,waymo_train,waymo_500-799,96628,368;ego,ego,"range(0, 39)",0.89,2.12,0.5,39,0.9736771980157118
225,waymo_train,waymo_500-799,42375,1696;ego,ego,"range(0, 36)",0.89,2.12,0.5,36,0.9955653699725286
226,waymo_train,waymo_500-799,43410,44;ego,ego,"range(0, 32)",0.89,2.12,0.5,32,0.6535881844414009
227,waymo_train,waymo_500-799,97969,1118;ego,ego,"range(12, 69)",0.89,2.12,0.5,57,1.0
228,waymo_train,waymo_500-799,98656,1095;ego,ego,"range(0, 53)",0.89,2.12,0.5,53,0.9936519096112801
229,waymo_train,waymo_500-799,98967,1500;ego,ego,"range(2, 43)",0.89,2.12,0.5,41,1.0
230,waymo_train,waymo_500-799,99151,1849;ego,ego,"range(21, 81)",0.89,2.12,0.5,60,0.9016338349958609
231,waymo_train,waymo_500-799,44676,944;ego,ego,"range(0, 50)",0.89,2.12,0.5,50,1.0
232,waymo_train,waymo_500-799,100380,2078;ego,ego,"range(0, 52)",0.89,2.12,0.5,52,0.9231452447977797
233,waymo_train,waymo_500-799,100647,876;ego,ego,"range(7, 56)",0.89,2.12,0.5,49,0.9482674979675499
234,waymo_train,waymo_500-799,45989,160;ego,ego,"range(5, 62)",0.89,2.12,0.5,57,1.0
235,waymo_train,waymo_500-799,10116,1648;ego,ego,"range(0, 49)",0.89,2.12,0.5,49,0.8949779637172208
236,waymo_train,waymo_500-799,101640,167;ego,ego,"range(14, 64)",0.89,2.12,0.5,50,0.9705188259482788
237,waymo_train,waymo_500-799,4681,1115;ego,ego,"range(0, 37)",0.89,2.12,0.5,37,0.9195055079485699
238,waymo_train,waymo_500-799,47049,434;ego,ego,"range(0, 30)",0.89,2.12,0.5,30,0.932012756407489
239,waymo_train,waymo_500-799,47659,299;ego,ego,"range(0, 39)",0.89,2.12,0.5,39,0.988250056519366
240,waymo_train,waymo_500-799,103293,56;ego,ego,"range(43, 86)",0.89,2.12,0.5,43,0.7770455020823486
241,waymo_train,waymo_500-799,48880,2234;ego,ego,"range(24, 81)",0.89,2.12,0.5,57,0.8706011392266589
242,waymo_train,waymo_500-799,48999,7;ego,ego,"range(4, 49)",0.89,2.12,0.5,45,0.8200249571929729
243,waymo_train,waymo_500-799,49134,45;ego,ego,"range(8, 48)",0.89,2.12,0.5,40,0.9730442922046135
244,waymo_train,waymo_500-799,105075,152;ego,ego,"range(0, 35)",0.89,2.12,0.5,35,1.0
245,waymo_train,waymo_500-799,50425,1865;ego,ego,"range(9, 57)",0.89,2.12,0.5,48,1.0
246,waymo_train,waymo_500-799,108045,575;ego,ego,"range(0, 55)",0.89,2.12,0.5,55,1.0
247,waymo_train,waymo_500-799,52705,2369;ego,ego,"range(0, 51)",0.89,2.12,0.5,51,1.0
248,waymo_train,waymo_500-799,108505,701;ego,ego,"range(0, 45)",0.89,2.12,0.5,45,0.9201028086408656
249,waymo_train,waymo_500-799,108531,985;ego,ego,"range(0, 48)",0.89,2.12,0.5,48,0.9984024384971731
250,waymo_train,waymo_500-799,53939,614;ego,ego,"range(0, 30)",0.89,2.12,0.5,30,0.580293453078817
251,waymo_train,waymo_500-799,110116,566;ego,ego,"range(19, 76)",0.89,2.12,0.5,57,0.9938370590712353
252,waymo_train,waymo_500-799,110129,13;ego,ego,"range(2, 46)",0.89,2.12,0.5,44,0.8055829508053335
253,waymo_train,waymo_500-799,55071,2657;ego,ego,"range(16, 81)",0.89,2.12,0.5,65,0.9998696032654865
254,waymo_train,waymo_500-799,111316,2204;ego,ego,"range(0, 35)",0.89,2.12,0.5,35,1.0
255,waymo_train,waymo_500-799,55659,1117;ego,ego,"range(0, 44)",0.89,2.12,0.5,44,0.9850246355952663
256,waymo_train,waymo_500-799,111778,1482;ego,ego,"range(6, 51)",0.89,2.12,0.5,45,0.972321746417303
257,waymo_train,waymo_500-799,111877,728;741;ego,ego,"range(11, 58)",0.89,2.12,0.5,47,0.6359582187617746
258,waymo_train,waymo_500-799,111877,728;ego,ego,"range(4, 63)",0.89,2.12,0.5,59,0.6753060957496954
259,waymo_train,waymo_500-799,56155,1870;ego,ego,"range(25, 65)",0.89,2.12,0.5,40,0.8495192314207822
260,waymo_train,waymo_500-799,114024,924;ego,ego,"range(0, 34)",0.89,2.12,0.5,34,0.9946719641861484
261,waymo_train,waymo_500-799,58408,17;ego,ego,"range(0, 41)",0.89,2.12,0.5,41,0.8453773765610566
262,waymo_train,waymo_500-799,60002,630;ego,ego,"range(16, 65)",0.89,2.12,0.5,49,1.0
263,waymo_train,waymo_500-799,116482,207;ego,ego,"range(15, 72)",0.89,2.12,0.5,57,1.0
264,waymo_train,waymo_500-799,116522,165;ego,ego,"range(22, 70)",0.89,2.12,0.5,48,0.9475721273223051
265,waymo_train,waymo_500-799,117440,458;484;488;ego,ego,"range(15, 61)",0.89,2.12,0.5,46,1.0
266,waymo_train,waymo_500-799,117669,594;ego,ego,"range(0, 55)",0.89,2.12,0.5,55,0.9984720238348302
267,waymo_train,waymo_500-799,120131,229;ego,ego,"range(0, 39)",0.89,2.12,0.5,39,0.869492372656712
268,waymo_train,waymo_500-799,121939,3025;ego,ego,"range(7, 51)",0.89,2.12,0.5,44,0.7210559059664209
269,waymo_train,waymo_500-799,122520,2045;ego,ego,"range(1, 59)",0.89,2.12,0.5,58,0.9821169685928339
270,waymo_train,waymo_500-799,67484,2431;ego,ego,"range(0, 35)",0.89,2.12,0.5,35,0.9869333947277115
271,waymo_train,waymo_500-799,67714,393;ego,ego,"range(10, 51)",0.89,2.12,0.5,41,0.7920687001681078
272,waymo_train,waymo_500-799,125369,76;ego,ego,"range(0, 31)",0.89,2.12,0.5,31,0.9804683025458679
273,waymo_train,waymo_500-799,125917,1209;ego,ego,"range(30, 90)",0.89,2.12,0.5,60,0.9997663622348327
274,waymo_train,waymo_500-799,126426,2447;ego,ego,"range(15, 80)",0.89,2.12,0.5,65,0.5089338774670262
275,waymo_train,waymo_500-799,69345,2;ego,ego,"range(31, 89)",0.89,2.12,0.5,58,0.9784893083934173
276,waymo_train,waymo_500-799,127225,1761;ego,ego,"range(2, 42)",0.89,2.12,0.5,40,1.0
277,waymo_train,waymo_500-799,127876,2317;ego,ego,"range(6, 75)",0.89,2.12,0.5,69,0.9711107473149113
278,waymo_train,waymo_500-799,128469,1090;ego,ego,"range(21, 76)",0.89,2.12,0.5,55,0.9273173099632973
279,waymo_train,waymo_500-799,129137,2118;ego,ego,"range(0, 37)",0.89,2.12,0.5,37,0.7657856648919616
280,waymo_train,waymo_500-799,129284,3148;ego,ego,"range(0, 42)",0.89,2.12,0.5,42,0.8460542818470197
281,waymo_train,waymo_500-799,72683,1117;ego,ego,"range(9, 54)",0.89,2.12,0.5,45,0.9853574214709269
282,waymo_train,waymo_500-799,74699,875;ego,ego,"range(0, 45)",0.89,2.12,0.5,45,0.8393924980995392
283,waymo_train,waymo_500-799,75378,535;ego,ego,"range(11, 52)",0.89,2.12,0.5,41,0.8902528269054516
284,waymo_train,waymo_500-799,75992,1071;ego,ego,"range(10, 53)",0.89,2.12,0.5,43,0.951697049467215
285,waymo_train,waymo_500-799,77754,1865;ego,ego,"range(19, 67)",0.89,2.12,0.5,48,1.0
286,waymo_train,waymo_800-999,10004,1739;ego,ego,"range(0, 34)",0.89,2.12,0.5,34,1.0
287,waymo_train,waymo_800-999,58606,505;ego,ego,"range(31, 81)",0.89,2.12,0.5,50,0.9755910003876243
288,waymo_train,waymo_800-999,11634,863;ego,ego,"range(18, 79)",0.89,2.12,0.5,61,0.9361993918371885
289,waymo_train,waymo_800-999,19020,1188;ego,ego,"range(6, 48)",0.89,2.12,0.5,42,0.9659892360350805
290,waymo_train,waymo_800-999,3090,630;ego,ego,"range(6, 55)",0.89,2.12,0.5,49,1.0
291,waymo_train,waymo_800-999,44194,1876;ego,ego,"range(22, 73)",0.89,2.12,0.5,51,1.0
292,waymo_train,waymo_800-999,67181,3148;ego,ego,"range(9, 52)",0.89,2.12,0.5,43,0.8506970547952859
293,waymo_train,waymo_800-999,74431,2664;ego,ego,"range(0, 42)",0.89,2.12,0.5,42,0.9753460505003458
294,waymo_train,waymo_800-999,14755,1964;ego,ego,"range(36, 80)",0.89,2.12,0.5,44,0.9708296473276619
295,waymo_train,waymo_800-999,15636,1854;ego,ego,"range(0, 45)",0.89,2.12,0.5,45,1.0
296,waymo_train,waymo_800-999,15957,539;545;ego,ego,"range(10, 56)",0.89,2.12,0.5,46,0.9194770241265545
297,waymo_train,waymo_800-999,17401,707;ego,ego,"range(48, 89)",0.89,2.12,0.5,41,0.9699212425537029
298,waymo_train,waymo_800-999,18817,1953;ego,ego,"range(27, 87)",0.89,2.12,0.5,60,0.887858660348903
299,waymo_train,waymo_800-999,19193,3666;ego,ego,"range(27, 90)",0.89,2.12,0.5,63,1.0
300,waymo_train,waymo_800-999,19973,1739;ego,ego,"range(18, 64)",0.89,2.12,0.5,46,1.0
301,waymo_train,waymo_800-999,20273,675;ego,ego,"range(0, 37)",0.89,2.12,0.5,37,0.9980920397847463
302,waymo_train,waymo_800-999,21198,13;ego,ego,"range(22, 66)",0.89,2.12,0.5,44,0.8055829508053335
303,waymo_train,waymo_800-999,21470,167;ego,ego,"range(14, 64)",0.89,2.12,0.5,50,0.9705188259482788
304,waymo_train,waymo_800-999,2496,989;ego,ego,"range(0, 54)",0.89,2.12,0.5,54,0.8877071023136179
305,waymo_train,waymo_800-999,27572,1844;ego,ego,"range(29, 90)",0.89,2.12,0.5,61,0.9799167360990867
306,waymo_train,waymo_800-999,29090,1633;ego,ego,"range(0, 36)",0.89,2.12,0.5,36,0.9923817893536655
307,waymo_train,waymo_800-999,29641,1865;ego,ego,"range(0, 47)",0.89,2.12,0.5,47,1.0
308,waymo_train,waymo_800-999,30244,1865;ego,ego,"range(9, 57)",0.89,2.12,0.5,48,1.0
309,waymo_train,waymo_800-999,3097,1338;ego,ego,"range(30, 73)",0.89,2.12,0.5,43,0.9031036438174487
310,waymo_train,waymo_800-999,31256,714;ego,ego,"range(0, 54)",0.89,2.12,0.5,54,0.9877563693132495
311,waymo_train,waymo_800-999,33263,1188;ego,ego,"range(0, 38)",0.89,2.12,0.5,38,0.9623895474120898
312,waymo_train,waymo_800-999,35610,2074;ego,ego,"range(0, 31)",0.89,2.12,0.5,31,0.864684742819403
313,waymo_train,waymo_800-999,36868,167;ego,ego,"range(4, 54)",0.89,2.12,0.5,50,0.9705188259482788
314,waymo_train,waymo_800-999,36957,1720;ego,ego,"range(34, 80)",0.89,2.12,0.5,46,0.9858247335179243
315,waymo_train,waymo_800-999,37453,1267;ego,ego,"range(0, 47)",0.89,2.12,0.5,47,1.0
316,waymo_train,waymo_800-999,37919,3074;ego,ego,"range(0, 37)",0.89,2.12,0.5,37,0.9865541930837628
317,waymo_train,waymo_800-999,38368,924;ego,ego,"range(3, 64)",0.89,2.12,0.5,61,0.8227014097028827
318,waymo_train,waymo_800-999,39710,362;ego,ego,"range(16, 70)",0.89,2.12,0.5,54,0.792216539449903
319,waymo_train,waymo_800-999,39892,506;ego,ego,"range(0, 50)",0.89,2.12,0.5,50,1.0
320,waymo_train,waymo_800-999,42800,1806;ego,ego,"range(0, 39)",0.89,2.12,0.5,39,0.8719991803058688
321,waymo_train,waymo_800-999,44941,190;191;194;ego,ego,"range(16, 56)",0.89,2.12,0.5,40,0.8412708026806488
322,waymo_train,waymo_800-999,45999,2;ego,ego,"range(0, 40)",0.89,2.12,0.5,40,0.9774232972503191
323,waymo_train,waymo_800-999,46199,380;ego,ego,"range(8, 52)",0.89,2.12,0.5,44,1.0
324,waymo_train,waymo_800-999,48968,1946;ego,ego,"range(31, 90)",0.89,2.12,0.5,59,0.857586297864832
325,waymo_train,waymo_800-999,50982,362;ego,ego,"range(0, 50)",0.89,2.12,0.5,50,0.775593862605895
326,waymo_train,waymo_800-999,52482,73;ego,ego,"range(16, 68)",0.89,2.12,0.5,52,0.9410126180816172
327,waymo_train,waymo_800-999,52834,2317;ego,ego,"range(6, 75)",0.89,2.12,0.5,69,0.9711107473149113
328,waymo_train,waymo_800-999,54849,123;ego,ego,"range(0, 32)",0.89,2.12,0.5,32,1.0
329,waymo_train,waymo_800-999,55754,393;ego,ego,"range(20, 61)",0.89,2.12,0.5,41,0.7920687001681078
330,waymo_train,waymo_800-999,55930,2566;ego,ego,"range(24, 75)",0.89,2.12,0.5,51,0.8443312801950235
331,waymo_train,waymo_800-999,56132,336;ego,ego,"range(29, 76)",0.89,2.12,0.5,47,0.8742512664227075
332,waymo_train,waymo_800-999,56439,2882;ego,ego,"range(0, 51)",0.89,2.12,0.5,51,0.998696502399634
333,waymo_train,waymo_800-999,63019,41;ego,ego,"range(0, 35)",0.89,2.12,0.5,35,0.9984818588371321
334,waymo_train,waymo_800-999,63129,1885;ego,ego,"range(22, 84)",0.89,2.12,0.5,62,0.8532413991685179
335,waymo_train,waymo_800-999,64788,1188;ego,ego,"range(16, 58)",0.89,2.12,0.5,42,0.9659892360350805
336,waymo_train,waymo_800-999,64985,1488;ego,ego,"range(14, 54)",0.89,2.12,0.5,40,0.9403204150620035
337,waymo_train,waymo_800-999,68940,1041;ego,ego,"range(0, 36)",0.89,2.12,0.5,36,0.9994990910635768
338,waymo_train,waymo_800-999,6992,1985;ego,ego,"range(9, 62)",0.89,2.12,0.5,53,0.9460206164559808
339,waymo_train,waymo_800-999,74752,2980;ego,ego,"range(30, 82)",0.89,2.12,0.5,52,0.8572944625673736
340,waymo_train,waymo_800-999,76519,3668;ego,ego,"range(27, 84)",0.89,2.12,0.5,57,1.0
341,waymo_train,waymo_800-999,77058,1998;2003;ego,ego,"range(24, 70)",0.89,2.12,0.5,46,0.936439139037283
342,waymo_train,waymo_800-999,78767,559;ego,ego,"range(0, 43)",0.89,2.12,0.5,43,0.9990426565925477
343,waymo_train,waymo_800-999,80860,42;ego,ego,"range(0, 30)",0.89,2.12,0.5,30,0.9806082167232578
344,waymo_train,waymo_800-999,80860,44;ego,ego,"range(5, 52)",0.89,2.12,0.5,47,0.7607199358103989
345,waymo_train,waymo_800-999,80956,207;ego,ego,"range(5, 62)",0.89,2.12,0.5,57,1.0
346,waymo_train,waymo_800-999,81821,2;ego,ego,"range(5, 56)",0.89,2.12,0.5,51,0.6117416094946709
347,waymo_train,waymo_800-999,83516,1513;ego,ego,"range(0, 32)",0.89,2.12,0.5,32,1.0
348,waymo_train,waymo_800-999,8356,262;ego,ego,"range(41, 80)",0.89,2.12,0.5,39,0.9546866158852355
349,waymo_train,waymo_800-999,83877,1447;ego,ego,"range(16, 78)",0.89,2.12,0.5,62,0.9998146513106628
350,waymo_train,waymo_800-999,84559,45;ego,ego,"range(18, 58)",0.89,2.12,0.5,40,0.9730442922046135
351,waymo_train,waymo_800-999,85208,1089;1092;ego,ego,"range(7, 57)",0.89,2.12,0.5,50,1.0
352,waymo_train,waymo_800-999,87562,779;ego,ego,"range(12, 65)",0.89,2.12,0.5,53,0.872346331501439
353,waymo_train,waymo_800-999,8818,18;ego,ego,"range(0, 32)",0.89,2.12,0.5,32,0.9413661017695836
354,waymo_train,waymo_800-999,89545,822;ego,ego,"range(24, 63)",0.89,2.12,0.5,39,0.6055896189145334
355,waymo_train,waymo_800-999,90938,807;ego,ego,"range(30, 70)",0.89,2.12,0.5,40,0.6370862602138787
356,waymo_train,waymo_800-999,90978,765;ego,ego,"range(21, 62)",0.89,2.12,0.5,41,0.92316151036066
357,waymo_train,waymo_800-999,91684,2114;2116;ego,ego,"range(0, 37)",0.89,2.12,0.5,37,1.0
358,waymo_train,waymo_800-999,91795,1;ego,ego,"range(16, 65)",0.89,2.12,0.5,49,0.9609278951865912
359,waymo_train,waymo_800-999,92804,43;ego,ego,"range(14, 73)",0.89,2.12,0.5,59,0.8212237638970256
360,waymo_train,waymo_800-999,9355,1741;ego,ego,"range(1, 60)",0.89,2.12,0.5,59,0.9686565457225972
361,waymo_train,waymo_800-999,96225,1644;ego,ego,"range(0, 34)",0.89,2.12,0.5,34,0.9875261643175728
362,waymo_train,waymo_800-999,96693,1741;ego,ego,"range(21, 80)",0.89,2.12,0.5,59,0.9686565457225972
363,waymo_train,waymo_800-999,96826,926;ego,ego,"range(11, 62)",0.89,2.12,0.5,51,0.9917025853598156
364,waymo_train,waymo_0-299,17189,447;465,447,"range(3, 42)",0.89,2.12,0.5,39,0.5695363272862876
365,waymo_train,waymo_0-299,21978,1744;1750;1760,1744,"range(0, 36)",0.89,2.12,0.5,36,0.44270754322824757
366,waymo_train,waymo_0-299,32586,1526;1527,1526,"range(1, 44)",0.89,2.12,0.5,43,0.698142888965496
367,waymo_train,waymo_0-299,4369,363;365,363,"range(0, 37)",0.89,2.12,0.5,37,0.6810572055327965
368,waymo_train,waymo_0-299,43847,2281;2295,2281,"range(11, 53)",0.89,2.12,0.5,42,0.6159410819737864
369,waymo_train,waymo_0-299,54799,1547;1551,1547,"range(0, 56)",0.89,2.12,0.5,56,0.3872819084858227
370,waymo_train,waymo_0-299,59366,14;47,14,"range(14, 66)",0.89,2.12,0.5,52,0.4643779726643602
371,waymo_train,waymo_0-299,66662,1347;1466,1347,"range(10, 49)",0.89,2.12,0.5,39,0.9098628301548995
372,waymo_train,waymo_0-299,94928,408;452,408,"range(17, 56)",0.89,2.12,0.5,39,0.5311301770174345
373,waymo_train,waymo_0-299,98721,1036;1055,1036,"range(0, 31)",0.89,2.12,0.5,31,0.6368843625748333
374,waymo_train,waymo_0-299,99205,1412;1425,1412,"range(30, 69)",0.89,2.12,0.5,39,0.6819589998209841
375,waymo_train,waymo_0-299,117512,593;611,593,"range(0, 38)",0.89,2.12,0.5,38,0.11771718015649317
376,waymo_train,waymo_0-299,16586,837;839;847,837,"range(0, 34)",0.89,2.12,0.5,34,0.48643613720509793
377,waymo_train,waymo_0-299,16155,12;5,12,"range(9, 48)",0.89,2.12,0.5,39,0.4958820560813031
378,waymo_train,waymo_0-299,17214,934;970,934,"range(14, 61)",0.89,2.12,0.5,47,0.662151312009731
379,waymo_train,waymo_0-299,17846,218;233,218,"range(27, 73)",0.89,2.12,0.5,46,0.479229688898565
380,waymo_train,waymo_0-299,19226,133;178,133,"range(0, 43)",0.89,2.12,0.5,43,0.264290404312473
381,waymo_train,waymo_0-299,23576,46;5,46,"range(11, 51)",0.89,2.12,0.5,40,0.4846408093553822
382,waymo_train,waymo_0-299,24037,1082;1084,1082,"range(0, 35)",0.89,2.12,0.5,35,0.3119855307418333
383,waymo_train,waymo_0-299,28202,1025;1056,1025,"range(0, 33)",0.89,2.12,0.5,33,0.5423868969084428
384,waymo_train,waymo_0-299,29741,925;952,925,"range(15, 54)",0.89,2.12,0.5,39,0.6699819680935405
385,waymo_train,waymo_0-299,31557,1314;1323,1314,"range(28, 68)",0.89,2.12,0.5,40,0.5230235587515908
386,waymo_train,waymo_0-299,32558,512;513,512,"range(31, 82)",0.89,2.12,0.5,51,0.4237727641155355
387,waymo_train,waymo_0-299,94289,115;129;164,115,"range(0, 49)",0.89,2.12,0.5,49,0.7196611485905932
388,waymo_train,waymo_0-299,34865,19;4,19,"range(0, 29)",0.89,2.12,0.5,29,0.6230045734489329
389,waymo_train,waymo_0-299,96292,2691;2697,2691,"range(24, 73)",0.89,2.12,0.5,49,0.559202419674143
390,waymo_train,waymo_0-299,36173,512;513,512,"range(0, 42)",0.89,2.12,0.5,42,0.4415162707009416
391,waymo_train,waymo_0-299,99490,26;53,26,"range(8, 52)",0.89,2.12,0.5,44,0.5993504342530553
392,waymo_train,waymo_0-299,100998,973;992,973,"range(0, 36)",0.89,2.12,0.5,36,0.5278221651760666
393,waymo_train,waymo_0-299,40441,1025;1051,1025,"range(40, 84)",0.89,2.12,0.5,44,0.36047361151976376
394,waymo_train,waymo_0-299,40648,1165;1177,1165,"range(8, 56)",0.89,2.12,0.5,48,0.6075356982620665
395,waymo_train,waymo_0-299,40803,2368;2415,2368,"range(0, 33)",0.89,2.12,0.5,33,0.6849200164950937
396,waymo_train,waymo_0-299,102474,599;612,599,"range(13, 52)",0.89,2.12,0.5,39,0.5663403609961044
397,waymo_train,waymo_0-299,41328,265;267,265,"range(0, 43)",0.89,2.12,0.5,43,0.5648519389253293
398,waymo_train,waymo_0-299,102881,942;957,942,"range(0, 39)",0.89,2.12,0.5,39,0.7074375306207671
399,waymo_train,waymo_0-299,41618,973;978,973,"range(30, 73)",0.89,2.12,0.5,43,0.43933441441059373
400,waymo_train,waymo_0-299,103593,1252;1274,1252,"range(5, 44)",0.89,2.12,0.5,39,0.5698041150299369
401,waymo_train,waymo_0-299,44369,1578;1656,1578,"range(29, 68)",0.89,2.12,0.5,39,0.42983202834265183
402,waymo_train,waymo_0-299,106682,4;45;6,4,"range(43, 84)",0.89,2.12,0.5,41,0.6765003627359157
403,waymo_train,waymo_0-299,1092,458;480,458,"range(29, 71)",0.89,2.12,0.5,42,0.7077909514308023
404,waymo_train,waymo_0-299,109592,2281;2295,2281,"range(31, 73)",0.89,2.12,0.5,42,0.601503765318064
405,waymo_train,waymo_0-299,1100,209;248,209,"range(0, 49)",0.89,2.12,0.5,49,0.43118399118329614
406,waymo_train,waymo_0-299,1100,209;224;248,209,"range(2, 47)",0.89,2.12,0.5,45,0.42342526493455085
407,waymo_train,waymo_0-299,51255,541;608,541,"range(5, 57)",0.89,2.12,0.5,52,0.3363830621514606
408,waymo_train,waymo_0-299,52810,1347;1466,1347,"range(20, 59)",0.89,2.12,0.5,39,0.9257611905576802
409,waymo_train,waymo_0-299,115241,1196;1199,1196,"range(47, 86)",0.89,2.12,0.5,39,0.21973207161128408
410,waymo_train,waymo_0-299,1154,3099;3139,3099,"range(32, 71)",0.89,2.12,0.5,39,0.6321001002417234
411,waymo_train,waymo_0-299,11588,541;578,541,"range(0, 54)",0.89,2.12,0.5,54,0.6721914011858581
412,waymo_train,waymo_0-299,117048,3;58,3,"range(1, 44)",0.89,2.12,0.5,43,0.37347611818873855
413,waymo_train,waymo_0-299,54501,526;543,526,"range(0, 42)",0.89,2.12,0.5,42,0.4570251284032921
414,waymo_train,waymo_0-299,54878,973;992,973,"range(6, 46)",0.89,2.12,0.5,40,0.5463116260548532
415,waymo_train,waymo_0-299,118963,1755;1762,1755,"range(0, 55)",0.89,2.12,0.5,55,0.49388203598526953
416,waymo_train,waymo_0-299,120183,1493;1539,1493,"range(12, 52)",0.89,2.12,0.5,40,0.6311391418722038
417,waymo_train,waymo_0-299,123325,3200;3206,3200,"range(0, 53)",0.89,2.12,0.5,53,0.711389202494517
418,waymo_train,waymo_0-299,60405,1307;1318,1307,"range(3, 42)",0.89,2.12,0.5,39,0.760923198603692
419,waymo_train,waymo_0-299,126746,1700;1726,1700,"range(33, 74)",0.89,2.12,0.5,41,0.5166837476217183
420,waymo_train,waymo_0-299,63553,11;8,11,"range(20, 62)",0.89,2.12,0.5,42,0.560126388851126
421,waymo_train,waymo_0-299,63992,180;224,180,"range(1, 69)",0.89,2.12,0.5,68,0.3599860146170981
422,waymo_train,waymo_0-299,130362,403;412,403,"range(28, 69)",0.89,2.12,0.5,41,0.3031598601320674
423,waymo_train,waymo_0-299,6694,734;735,734,"range(0, 34)",0.89,2.12,0.5,34,0.7244910599683507
424,waymo_train,waymo_0-299,131432,1193;1216,1193,"range(6, 53)",0.89,2.12,0.5,47,0.5242563570203406
425,waymo_train,waymo_0-299,132289,526;543,526,"range(0, 32)",0.89,2.12,0.5,32,0.511008083949394
426,waymo_train,waymo_0-299,69889,21;31;33,21,"range(0, 38)",0.89,2.12,0.5,38,0.5168554571986835
427,waymo_train,waymo_0-299,135673,3116;3120;3160,3116,"range(21, 64)",0.89,2.12,0.5,43,0.7015603805649776
428,waymo_train,waymo_0-299,136403,780;782,780,"range(0, 39)",0.89,2.12,0.5,39,0.4510337466692331
429,waymo_train,waymo_0-299,136449,180;224;310,180,"range(12, 56)",0.89,2.12,0.5,44,0.37551090949989585
430,waymo_train,waymo_0-299,138131,1465;1515,1465,"range(29, 73)",0.89,2.12,0.5,44,0.5238139580598941
431,waymo_train,waymo_0-299,138876,1679;1697;1707,1679,"range(0, 31)",0.89,2.12,0.5,31,0.5377001304433416
432,waymo_train,waymo_0-299,74373,1578;1656,1578,"range(19, 58)",0.89,2.12,0.5,39,0.4421269669323728
433,waymo_train,waymo_0-299,74965,840;851;867,840,"range(0, 33)",0.89,2.12,0.5,33,0.40512221026788175
434,waymo_train,waymo_0-299,141852,1034;1037,1034,"range(0, 59)",0.89,2.12,0.5,59,0.5376185746125837
435,waymo_train,waymo_0-299,143484,1346;1443,1346,"range(30, 76)",0.89,2.12,0.5,46,0.5325795747068905
436,waymo_train,waymo_0-299,79897,1016;977,1016,"range(0, 42)",0.89,2.12,0.5,42,0.5488539285860929
437,waymo_train,waymo_0-299,80590,780;782,780,"range(22, 79)",0.89,2.12,0.5,57,0.4515454404061937
438,waymo_train,waymo_0-299,85485,541;578,541,"range(29, 84)",0.89,2.12,0.5,55,0.6530458122055699
439,waymo_train,waymo_0-299,86303,2111;2261,2111,"range(45, 88)",0.89,2.12,0.5,43,0.5280421004081606
440,waymo_train,waymo_0-299,87960,447;465,447,"range(23, 62)",0.89,2.12,0.5,39,0.5695363272862876
441,waymo_train,waymo_300-499,59,3116;3120;3160,3116,"range(31, 74)",0.89,2.12,0.5,43,0.7015603805649776
442,waymo_train,waymo_300-499,6872,1;13;22,1,"range(0, 50)",0.89,2.12,0.5,50,0.6024306629904083
443,waymo_train,waymo_300-499,6872,1;22,1,"range(0, 83)",0.89,2.12,0.5,83,0.5889565234390693
444,waymo_train,waymo_300-499,9780,438;442,438,"range(17, 66)",0.89,2.12,0.5,49,0.4481613672383259
445,waymo_train,waymo_300-499,10601,481;582,481,"range(45, 86)",0.89,2.12,0.5,41,0.5528333093659277
446,waymo_train,waymo_300-499,11637,400;401,400,"range(57, 90)",0.89,2.12,0.5,33,0.40416396114152175
447,waymo_train,waymo_300-499,16574,3019;3027,3019,"range(0, 31)",0.89,2.12,0.5,31,0.7713031620508661
448,waymo_train,waymo_300-499,20119,11;8,11,"range(10, 52)",0.89,2.12,0.5,42,0.560126388851126
449,waymo_train,waymo_300-499,20422,77;83,77,"range(3, 48)",0.89,2.12,0.5,45,0.6652881431774067
450,waymo_train,waymo_300-499,23099,14;16;29,14,"range(0, 43)",0.89,2.12,0.5,43,0.3936306582632199
451,waymo_train,waymo_300-499,23949,1108;1137,1108,"range(15, 59)",0.89,2.12,0.5,44,0.676974701987756
452,waymo_train,waymo_300-499,29440,183;226,183,"range(23, 81)",0.89,2.12,0.5,58,0.4763662991919098
453,waymo_train,waymo_300-499,33152,843;906,843,"range(0, 44)",0.89,2.12,0.5,44,0.6281290662578402
454,waymo_train,waymo_300-499,33517,1902;1907,1902,"range(25, 67)",0.89,2.12,0.5,42,0.5392536631448951
455,waymo_train,waymo_300-499,37470,447;463,447,"range(39, 82)",0.89,2.12,0.5,43,0.6949156119423887
456,waymo_train,waymo_300-499,41773,2123;2144,2123,"range(0, 42)",0.89,2.12,0.5,42,0.2464750921362369
457,waymo_train,waymo_300-499,42669,1375;1408,1375,"range(10, 56)",0.89,2.12,0.5,46,0.5237858653714682
458,waymo_train,waymo_300-499,44350,354;383,354,"range(19, 68)",0.89,2.12,0.5,49,0.6210096737885196
459,waymo_train,waymo_300-499,46011,528;545,528,"range(0, 45)",0.89,2.12,0.5,45,0.4903163454483242
460,waymo_train,waymo_300-499,48698,3136;3146,3136,"range(40, 90)",0.89,2.12,0.5,50,0.35468589406469264
461,waymo_train,waymo_300-499,49876,136;191,136,"range(0, 33)",0.89,2.12,0.5,33,0.5287700068820423
462,waymo_train,waymo_300-499,52349,0;43,0,"range(0, 32)",0.89,2.12,0.5,32,0.4953404978098744
463,waymo_train,waymo_300-499,52539,32;5,32,"range(32, 71)",0.89,2.12,0.5,39,0.4802344868777335
464,waymo_train,waymo_300-499,53112,1314;1323,1314,"range(0, 38)",0.89,2.12,0.5,38,0.5312169815058375
465,waymo_train,waymo_300-499,53973,2267;2270,2267,"range(39, 82)",0.89,2.12,0.5,43,0.18421077325894408
466,waymo_train,waymo_300-499,59151,964;979,964,"range(21, 77)",0.89,2.12,0.5,56,0.25756331299298546
467,waymo_train,waymo_300-499,59833,658;671,658,"range(0, 40)",0.89,2.12,0.5,40,0.5616199909736673
468,waymo_train,waymo_300-499,60083,1679;1697;1707,1679,"range(31, 71)",0.89,2.12,0.5,40,0.4977581421783908
469,waymo_train,waymo_300-499,65013,1744;1750;1760,1744,"range(14, 56)",0.89,2.12,0.5,42,0.47700275606302966
470,waymo_train,waymo_300-499,65179,1402;1442,1402,"range(3, 55)",0.89,2.12,0.5,52,0.4456766026738333
471,waymo_train,waymo_300-499,65531,20;22,20,"range(24, 72)",0.89,2.12,0.5,48,0.38770387831712205
472,waymo_train,waymo_300-499,66067,780;782,780,"range(2, 59)",0.89,2.12,0.5,57,0.4515454404061937
473,waymo_train,waymo_300-499,69844,263;266,263,"range(13, 61)",0.89,2.12,0.5,48,0.39572729254947064
474,waymo_train,waymo_300-499,71482,13;33;7;8,13,"range(0, 33)",0.89,2.12,0.5,33,0.3637146206348403
475,waymo_train,waymo_300-499,72138,663;700,663,"range(14, 56)",0.89,2.12,0.5,42,0.3622678146579742
476,waymo_train,waymo_300-499,72816,3;58,3,"range(41, 85)",0.89,2.12,0.5,44,0.36945968009128494
477,waymo_train,waymo_300-499,75225,175;192,175,"range(1, 57)",0.89,2.12,0.5,56,0.5418580958051108
478,waymo_train,waymo_300-499,77559,1547;1551,1547,"range(0, 36)",0.89,2.12,0.5,36,0.27294855477935
479,waymo_train,waymo_300-499,84031,2305;2307,2305,"range(16, 62)",0.89,2.12,0.5,46,0.5823793577546017
480,waymo_train,waymo_300-499,88727,121;98,121,"range(38, 83)",0.89,2.12,0.5,45,0.34623642202206056
481,waymo_train,waymo_300-499,88914,471;484;485,471,"range(20, 61)",0.89,2.12,0.5,41,0.39153268310462586
482,waymo_train,waymo_300-499,90981,1489;1494,1489,"range(25, 64)",0.89,2.12,0.5,39,0.5699007749948527
483,waymo_train,waymo_300-499,95944,681;684,681,"range(26, 72)",0.89,2.12,0.5,46,0.4290722810099095
484,waymo_train,waymo_500-799,119513,314;319,314,"range(4, 43)",0.89,2.12,0.5,39,0.5163388204487093
485,waymo_train,waymo_500-799,52425,645;651,645,"range(29, 68)",0.89,2.12,0.5,39,0.3488635207252765
486,waymo_train,waymo_500-799,79016,1430;1493,1430,"range(14, 59)",0.89,2.12,0.5,45,0.7769780341481771
487,waymo_train,waymo_500-799,109983,2249;2252,2249,"range(36, 88)",0.89,2.12,0.5,52,0.48200590617392614
488,waymo_train,waymo_500-799,128074,354;365,354,"range(21, 67)",0.89,2.12,0.5,46,0.6212773420027983
489,waymo_train,waymo_500-799,14665,1467;1628,1467,"range(3, 42)",0.89,2.12,0.5,39,0.39040664115624935
490,waymo_train,waymo_500-799,15513,663;669,663,"range(22, 78)",0.89,2.12,0.5,56,0.7619805592425963
491,waymo_train,waymo_500-799,15538,511;571,511,"range(0, 40)",0.89,2.12,0.5,40,0.5940458522244852
492,waymo_train,waymo_500-799,21338,405;460,405,"range(30, 70)",0.89,2.12,0.5,40,0.457895482265619
493,waymo_train,waymo_500-799,27135,191;194,191,"range(27, 82)",0.89,2.12,0.5,55,0.3827975789868908
494,waymo_train,waymo_500-799,82573,1578;1579;1580,1578,"range(2, 41)",0.89,2.12,0.5,39,0.4135258148267492
495,waymo_train,waymo_500-799,86227,2735;2775,2735,"range(8, 60)",0.89,2.12,0.5,52,0.45570036597741276
496,waymo_train,waymo_500-799,86441,1285;1315,1285,"range(15, 54)",0.89,2.12,0.5,39,0.5695936263588673
497,waymo_train,waymo_500-799,33421,942;957,942,"range(0, 39)",0.89,2.12,0.5,39,0.7074375306207671
498,waymo_train,waymo_500-799,87109,183;226,183,"range(3, 61)",0.89,2.12,0.5,58,0.4763662991919098
499,waymo_train,waymo_500-799,35901,231;398,231,"range(11, 51)",0.89,2.12,0.5,40,0.15914133886294982
500,waymo_train,waymo_500-799,36814,1231;1235,1231,"range(3, 43)",0.89,2.12,0.5,40,0.7008282514381277
501,waymo_train,waymo_500-799,91640,512;513,512,"range(0, 42)",0.89,2.12,0.5,42,0.4415162707009416
502,waymo_train,waymo_500-799,37980,1025;1051,1025,"range(20, 64)",0.89,2.12,0.5,44,0.3604736125636706
503,waymo_train,waymo_500-799,92237,488;505,488,"range(16, 56)",0.89,2.12,0.5,40,0.5861307940586183
504,waymo_train,waymo_500-799,3864,3136;3146,3136,"range(40, 90)",0.89,2.12,0.5,50,0.35468589406469264
505,waymo_train,waymo_500-799,40698,1193;1216,1193,"range(16, 63)",0.89,2.12,0.5,47,0.5094215512473277
506,waymo_train,waymo_500-799,94869,661;702,661,"range(20, 62)",0.89,2.12,0.5,42,0.7059758328227824
507,waymo_train,waymo_500-799,42054,400;401,400,"range(57, 90)",0.89,2.12,0.5,33,0.40416396114152175
508,waymo_train,waymo_500-799,42785,400;401,400,"range(14, 51)",0.89,2.12,0.5,37,0.38057760910893973
509,waymo_train,waymo_500-799,43436,782;790,782,"range(0, 30)",0.89,2.12,0.5,30,0.8091363386167799
510,waymo_train,waymo_500-799,43842,964;979,964,"range(31, 87)",0.89,2.12,0.5,56,0.24857605112444778
511,waymo_train,waymo_500-799,99907,1016;977,1016,"range(36, 82)",0.89,2.12,0.5,46,0.5718082100811344
512,waymo_train,waymo_500-799,102163,1891;1897,1891,"range(23, 62)",0.89,2.12,0.5,39,0.5434085873768986
513,waymo_train,waymo_500-799,47897,658;671,658,"range(21, 70)",0.89,2.12,0.5,49,0.6086609681061198
514,waymo_train,waymo_500-799,105132,1417;1418,1417,"range(2, 44)",0.89,2.12,0.5,42,0.5480110219918441
515,waymo_train,waymo_500-799,107906,2;7,2,"range(0, 38)",0.89,2.12,0.5,38,0.7225961077470067
516,waymo_train,waymo_500-799,52891,231;398,231,"range(31, 71)",0.89,2.12,0.5,40,0.16310538123795482
517,waymo_train,waymo_500-799,109160,2305;2307,2305,"range(26, 72)",0.89,2.12,0.5,46,0.5861699991502537
518,waymo_train,waymo_500-799,114000,3099;3139,3099,"range(32, 71)",0.89,2.12,0.5,39,0.6321001002417234
519,waymo_train,waymo_500-799,117398,2;7,2,"range(14, 58)",0.89,2.12,0.5,44,0.7129505338689712
520,waymo_train,waymo_500-799,117413,658;671,658,"range(1, 50)",0.89,2.12,0.5,49,0.6086609681061198
521,waymo_train,waymo_500-799,118254,541;578,541,"range(0, 54)",0.89,2.12,0.5,54,0.6721914011858581
522,waymo_train,waymo_500-799,62138,68;72,68,"range(10, 55)",0.89,2.12,0.5,45,0.5409878459714471
523,waymo_train,waymo_500-799,6226,934;970,934,"range(14, 61)",0.89,2.12,0.5,47,0.662151312009731
524,waymo_train,waymo_500-799,119020,16;6,16,"range(30, 81)",0.89,2.12,0.5,51,0.48581641985075974
525,waymo_train,waymo_500-799,120512,534;536,534,"range(0, 35)",0.89,2.12,0.5,35,0.6119295502261075
526,waymo_train,waymo_500-799,121940,646;648,646,"range(67, 88)",0.89,2.12,0.5,21,0.10144828993258019
527,waymo_train,waymo_500-799,122050,320;321;332,320,"range(0, 36)",0.89,2.12,0.5,36,0.5394517394559392
528,waymo_train,waymo_500-799,123578,115;129;164,115,"range(0, 49)",0.89,2.12,0.5,49,0.7196611485905932
529,waymo_train,waymo_500-799,67331,458;480,458,"range(29, 71)",0.89,2.12,0.5,42,0.7077909514308023
530,waymo_train,waymo_500-799,125079,840;851,840,"range(0, 32)",0.89,2.12,0.5,32,0.3316465971623178
531,waymo_train,waymo_500-799,70370,1196;1199,1196,"range(47, 86)",0.89,2.12,0.5,39,0.21973207161128408
532,waymo_train,waymo_500-799,73379,1282;1283,1282,"range(11, 43)",0.89,2.12,0.5,32,0.4642030192430897
533,waymo_train,waymo_500-799,73918,613;655,613,"range(0, 39)",0.89,2.12,0.5,39,0.47327117098067634
534,waymo_train,waymo_500-799,74419,1758;1792,1758,"range(0, 45)",0.89,2.12,0.5,45,0.34892518713752346
535,waymo_train,waymo_500-799,7650,2276;2288,2276,"range(26, 68)",0.89,2.12,0.5,42,0.6386272930292085
536,waymo_train,waymo_500-799,7713,2281;2295,2281,"range(11, 53)",0.89,2.12,0.5,42,0.6159410819737864
537,waymo_train,waymo_500-799,77805,1669;1787;1803,1669,"range(16, 59)",0.89,2.12,0.5,43,0.46429746205584
538,waymo_train,waymo_500-799,78018,1025;1051,1025,"range(40, 84)",0.89,2.12,0.5,44,0.36047361151976376
539,waymo_train,waymo_800-999,35634,1412;1425,1412,"range(10, 49)",0.89,2.12,0.5,39,0.6819589998209841
540,waymo_train,waymo_800-999,45540,794;801,794,"range(0, 41)",0.89,2.12,0.5,41,0.5926467161977541
541,waymo_train,waymo_800-999,45540,801;808,801,"range(11, 52)",0.89,2.12,0.5,41,0.49683444083926426
542,waymo_train,waymo_800-999,89821,1718;1722,1718,"range(0, 30)",0.89,2.12,0.5,30,0.2756655832384357
543,waymo_train,waymo_800-999,10904,1447;1448,1447,"range(20, 54)",0.89,2.12,0.5,34,0.44689144421385046
544,waymo_train,waymo_800-999,11567,779;789,779,"range(0, 45)",0.89,2.12,0.5,45,0.42916686855901304
545,waymo_train,waymo_800-999,2224,1314;1323,1314,"range(8, 48)",0.89,2.12,0.5,40,0.5230235587515908
546,waymo_train,waymo_800-999,26168,491;512,491,"range(8, 49)",0.89,2.12,0.5,41,0.43998947440372976
547,waymo_train,waymo_800-999,26301,2276;2288,2276,"range(6, 48)",0.89,2.12,0.5,42,0.6535337955933659
548,waymo_train,waymo_800-999,43498,304;317,304,"range(0, 30)",0.89,2.12,0.5,30,0.6568683266018297
549,waymo_train,waymo_800-999,4446,541;608,541,"range(25, 77)",0.89,2.12,0.5,52,0.3363830621514606
550,waymo_train,waymo_800-999,44786,3136;3146,3136,"range(0, 41)",0.89,2.12,0.5,41,0.3493667046312352
551,waymo_train,waymo_800-999,47705,1310;1313,1310,"range(0, 47)",0.89,2.12,0.5,47,0.4128585790461608
552,waymo_train,waymo_800-999,49564,526;543,526,"range(5, 52)",0.89,2.12,0.5,47,0.47698599309932804
553,waymo_train,waymo_800-999,55015,258;280,258,"range(27, 74)",0.89,2.12,0.5,47,0.6048725479079784
554,waymo_train,waymo_800-999,56068,218;233,218,"range(0, 33)",0.89,2.12,0.5,33,0.4809166855542215
555,waymo_train,waymo_800-999,57920,151;152,151,"range(0, 44)",0.89,2.12,0.5,44,0.6330006809554661
556,waymo_train,waymo_800-999,59997,925;952,925,"range(0, 34)",0.89,2.12,0.5,34,0.6882000991968286
557,waymo_train,waymo_800-999,63488,787;830,787,"range(27, 72)",0.89,2.12,0.5,45,0.6848746180107609
558,waymo_train,waymo_800-999,63699,1214;1220,1214,"range(10, 52)",0.89,2.12,0.5,42,0.6369739876488345
559,waymo_train,waymo_800-999,63921,892;961,892,"range(39, 80)",0.89,2.12,0.5,41,0.47703703940938913
560,waymo_train,waymo_800-999,64975,12;5,12,"range(0, 38)",0.89,2.12,0.5,38,0.4920292742458081
561,waymo_train,waymo_800-999,65486,1430;1493,1430,"range(14, 59)",0.89,2.12,0.5,45,0.7769780341481771
562,waymo_train,waymo_800-999,70626,889;925,889,"range(11, 50)",0.89,2.12,0.5,39,0.30049833160969247
563,waymo_train,waymo_800-999,74743,2106;2108,2106,"range(0, 39)",0.89,2.12,0.5,39,0.5604898065019672
564,waymo_train,waymo_800-999,79653,681;713,681,"range(42, 81)",0.89,2.12,0.5,39,0.6253219910473066
565,waymo_train,waymo_800-999,8064,14;47,14,"range(4, 56)",0.89,2.12,0.5,52,0.4643779726643602
566,waymo_train,waymo_800-999,82258,1;22,1,"range(0, 63)",0.89,2.12,0.5,63,0.5238628725108163
567,waymo_train,waymo_800-999,82258,1;13;22,1,"range(0, 30)",0.89,2.12,0.5,30,0.47471675574197
568,waymo_train,waymo_800-999,87468,3;58,3,"range(31, 75)",0.89,2.12,0.5,44,0.36945968009128494
569,waymo_train,waymo_800-999,87652,151;152,151,"range(4, 54)",0.89,2.12,0.5,50,0.6212573274136117
570,waymo_train,waymo_800-999,88919,183;226,183,"range(3, 61)",0.89,2.12,0.5,58,0.4763662991919098
571,waymo_train,waymo_800-999,89194,919;982,919,"range(12, 51)",0.89,2.12,0.5,39,0.37310407510232496
572,waymo_train,waymo_800-999,90448,3136;3146,3136,"range(30, 90)",0.89,2.12,0.5,60,0.332157442462474
573,waymo_train,waymo_0-299,36865,857;869,857,"range(0, 34)",0.89,2.12,0.5,34,0.3860702549350884
574,waymo_train,waymo_0-299,43040,648;652,648,"range(0, 39)",0.89,2.12,0.5,39,0.4250257938301482
575,waymo_train,waymo_0-299,572,1983;1987,1983,"range(0, 33)",0.89,2.12,0.5,33,0.6339388833490875
576,waymo_train,waymo_0-299,85413,1473;1484,1473,"range(0, 50)",0.89,2.12,0.5,50,0.577083169532282
577,waymo_train,waymo_0-299,114790,47;49,47,"range(0, 44)",0.89,2.12,0.5,44,0.6914052727584943
578,waymo_train,waymo_0-299,17028,1451;1452;1463,1451,"range(0, 35)",0.89,2.12,0.5,35,0.536254940232133
579,waymo_train,waymo_0-299,3052,587;601,587,"range(14, 60)",0.89,2.12,0.5,46,0.8263035495945846
580,waymo_train,waymo_0-299,90959,483;497,483,"range(0, 51)",0.89,2.12,0.5,51,0.4233247473953805
581,waymo_train,waymo_0-299,30645,2037;2049,2037,"range(9, 57)",0.89,2.12,0.5,48,0.623778197719807
582,waymo_train,waymo_0-299,91488,187;201,187,"range(0, 41)",0.89,2.12,0.5,41,0.2473989765986918
583,waymo_train,waymo_0-299,31290,1236;1259,1236,"range(28, 67)",0.89,2.12,0.5,39,0.6550997748987241
584,waymo_train,waymo_0-299,31963,1051;1055;1064,1051,"range(0, 45)",0.89,2.12,0.5,45,0.4740853126965281
585,waymo_train,waymo_0-299,33927,157;159,157,"range(0, 35)",0.89,2.12,0.5,35,0.411443819853283
586,waymo_train,waymo_0-299,34080,14;33,14,"range(0, 50)",0.89,2.12,0.5,50,0.49629193220778134
587,waymo_train,waymo_0-299,35696,10;12;7,10,"range(14, 57)",0.89,2.12,0.5,43,0.4573808343100449
588,waymo_train,waymo_0-299,96647,877;890,877,"range(0, 32)",0.89,2.12,0.5,32,0.3966662084255867
589,waymo_train,waymo_0-299,37626,1243;1323,1243,"range(0, 42)",0.89,2.12,0.5,42,0.4734076831629784
590,waymo_train,waymo_0-299,3773,2448;2449,2448,"range(0, 42)",0.89,2.12,0.5,42,0.5933377619376676
591,waymo_train,waymo_0-299,98965,141;91,141,"range(10, 50)",0.89,2.12,0.5,40,0.2687326100460193
592,waymo_train,waymo_0-299,38875,1766;1768,1766,"range(0, 90)",0.89,2.12,0.5,90,0.5271502543091553
593,waymo_train,waymo_0-299,137037,22;3,22,"range(8, 54)",0.89,2.12,0.5,46,0.5426831765801897
594,waymo_train,waymo_0-299,7292,403;409,403,"range(0, 35)",0.89,2.12,0.5,35,0.5820086314506491
595,waymo_train,waymo_0-299,73818,1877;1885,1877,"range(25, 66)",0.89,2.12,0.5,41,0.7024984101597413
596,waymo_train,waymo_300-499,30753,137;162,137,"range(0, 34)",0.89,2.12,0.5,34,0.45806655465959656
597,waymo_train,waymo_300-499,31058,1066;1070,1066,"range(13, 68)",0.89,2.12,0.5,55,0.4221735940011016
598,waymo_train,waymo_300-499,36764,775;779,775,"range(26, 82)",0.89,2.12,0.5,56,0.5045867963170733
599,waymo_train,waymo_300-499,37687,46;55;62,46,"range(36, 78)",0.89,2.12,0.5,42,0.1766959696511464
600,waymo_train,waymo_300-499,37736,426;428,426,"range(11, 53)",0.89,2.12,0.5,42,0.49568785557604156
601,waymo_train,waymo_300-499,42416,607;620,607,"range(0, 35)",0.89,2.12,0.5,35,0.4813041990770593
602,waymo_train,waymo_300-499,44965,715;724,715,"range(22, 68)",0.89,2.12,0.5,46,0.7401405808375919
603,waymo_train,waymo_300-499,45843,1070;1078,1070,"range(20, 76)",0.89,2.12,0.5,56,0.48988180875059545
604,waymo_train,waymo_300-499,47439,2;3,2,"range(0, 33)",0.89,2.12,0.5,33,0.49427018746999263
605,waymo_train,waymo_300-499,48134,1336;1356,1336,"range(0, 36)",0.89,2.12,0.5,36,0.7525291978191476
606,waymo_train,waymo_300-499,49649,2691;2707,2691,"range(0, 30)",0.89,2.12,0.5,30,0.5840432067272983
607,waymo_train,waymo_300-499,51089,426;428,426,"range(31, 73)",0.89,2.12,0.5,42,0.5411358036791427
608,waymo_train,waymo_300-499,51793,969;970,969,"range(30, 82)",0.89,2.12,0.5,52,0.4521030391603581
609,waymo_train,waymo_300-499,52617,1562;1564,1562,"range(0, 39)",0.89,2.12,0.5,39,0.46272007024441975
610,waymo_train,waymo_300-499,52805,551;609,551,"range(0, 29)",0.89,2.12,0.5,29,0.5028796165491685
611,waymo_train,waymo_300-499,53455,1635;1648,1635,"range(18, 57)",0.89,2.12,0.5,39,0.1266961471628887
612,waymo_train,waymo_300-499,55718,1888;1889,1888,"range(0, 35)",0.89,2.12,0.5,35,0.5968342183425699
613,waymo_train,waymo_300-499,57273,1041;1042,1041,"range(0, 50)",0.89,2.12,0.5,50,0.5361672859796194
614,waymo_train,waymo_300-499,60488,52;8,52,"range(6, 47)",0.89,2.12,0.5,41,0.5697865297991154
615,waymo_train,waymo_300-499,63485,34;7,34,"range(0, 45)",0.89,2.12,0.5,45,0.5256151973392043
616,waymo_train,waymo_300-499,65646,809;892,809,"range(0, 31)",0.89,2.12,0.5,31,0.33861291027322205
617,waymo_train,waymo_300-499,72525,1600;1619,1600,"range(0, 31)",0.89,2.12,0.5,31,0.626514687528736
618,waymo_train,waymo_300-499,73907,2195;2199,2195,"range(19, 58)",0.89,2.12,0.5,39,0.542837193025546
619,waymo_train,waymo_300-499,74334,2616;2630,2616,"range(16, 56)",0.89,2.12,0.5,40,0.4845026237726472
620,waymo_train,waymo_300-499,78507,1262;1263,1262,"range(0, 38)",0.89,2.12,0.5,38,0.24127462735074603
621,waymo_train,waymo_300-499,81317,702;727,702,"range(6, 46)",0.89,2.12,0.5,40,0.28475292654139156
622,waymo_train,waymo_300-499,82821,426;428,426,"range(0, 33)",0.89,2.12,0.5,33,0.5203275201537386
623,waymo_train,waymo_300-499,84523,353;382,353,"range(37, 80)",0.89,2.12,0.5,43,0.8213836621880847
624,waymo_train,waymo_300-499,88364,775;776,775,"range(14, 62)",0.89,2.12,0.5,48,0.346723332854461
625,waymo_train,waymo_300-499,89707,720;733,720,"range(21, 61)",0.89,2.12,0.5,40,0.4381797642350634
626,waymo_train,waymo_300-499,89825,2037;2049,2037,"range(29, 77)",0.89,2.12,0.5,48,0.623778197719807
627,waymo_train,waymo_300-499,91402,187;201,187,"range(11, 61)",0.89,2.12,0.5,50,0.31076846943007735
628,waymo_train,waymo_300-499,93106,1473;1484,1473,"range(22, 90)",0.89,2.12,0.5,68,0.6055053988265598
629,waymo_train,waymo_300-499,94209,1066;1070,1066,"range(0, 48)",0.89,2.12,0.5,48,0.41750561005446124
630,waymo_train,waymo_300-499,95256,10;17;7,10,"range(0, 49)",0.89,2.12,0.5,49,0.7849542612238021
631,waymo_train,waymo_300-499,96337,197;200,197,"range(0, 47)",0.89,2.12,0.5,47,0.3829744142878214
632,waymo_train,waymo_500-799,13010,16;2;3,16,"range(0, 72)",0.89,2.12,0.5,72,0.23132390153254578
633,waymo_train,waymo_500-799,101200,1833;1844,1833,"range(0, 31)",0.89,2.12,0.5,31,0.3395862072661412
634,waymo_train,waymo_500-799,13157,1816;1830,1816,"range(0, 55)",0.89,2.12,0.5,55,0.6515788809463205
635,waymo_train,waymo_500-799,48427,353;382,353,"range(17, 60)",0.89,2.12,0.5,43,0.8111225043338013
636,waymo_train,waymo_500-799,54760,2813;2817,2813,"range(0, 34)",0.89,2.12,0.5,34,0.45320112345007457
637,waymo_train,waymo_500-799,64373,46;55;62,46,"range(16, 58)",0.89,2.12,0.5,42,0.1766959696511464
638,waymo_train,waymo_500-799,83323,716;721,716,"range(7, 48)",0.89,2.12,0.5,41,0.37739087923213716
639,waymo_train,waymo_500-799,105115,877;890,877,"range(31, 82)",0.89,2.12,0.5,51,0.40587944691447675
640,waymo_train,waymo_500-799,15325,453;459,453,"range(12, 63)",0.89,2.12,0.5,51,0.4899605922088217
641,waymo_train,waymo_500-799,15617,37;54,37,"range(17, 56)",0.89,2.12,0.5,39,0.4945791731602778
642,waymo_train,waymo_500-799,18084,287;381,287,"range(0, 50)",0.89,2.12,0.5,50,0.6614877282956252
643,waymo_train,waymo_500-799,23598,1001;951,1001,"range(0, 40)",0.89,2.12,0.5,40,0.42985665282305713
644,waymo_train,waymo_500-799,25406,1732;1740,1732,"range(3, 52)",0.89,2.12,0.5,49,0.5917792290827801
645,waymo_train,waymo_500-799,25592,1093;1118,1093,"range(2, 42)",0.89,2.12,0.5,40,0.7539193475975082
646,waymo_train,waymo_500-799,80153,2616;2630,2616,"range(16, 56)",0.89,2.12,0.5,40,0.4845026237726472
647,waymo_train,waymo_500-799,28915,969;970,969,"range(10, 62)",0.89,2.12,0.5,52,0.4547509108162702
648,waymo_train,waymo_500-799,29350,195;233,195,"range(3, 51)",0.89,2.12,0.5,48,0.4553490963023375
649,waymo_train,waymo_500-799,83496,1620;1622,1620,"range(6, 47)",0.89,2.12,0.5,41,0.26030017204225797
650,waymo_train,waymo_500-799,33613,1833;1844,1833,"range(0, 51)",0.89,2.12,0.5,51,0.4434292491870008
651,waymo_train,waymo_500-799,87164,723;748,723,"range(3, 43)",0.89,2.12,0.5,40,0.5189169763357123
652,waymo_train,waymo_500-799,87652,2000;2004,2000,"range(21, 72)",0.89,2.12,0.5,51,0.702921988336584
653,waymo_train,waymo_500-799,34232,329;364,329,"range(0, 63)",0.89,2.12,0.5,63,0.2572078257766068
654,waymo_train,waymo_500-799,34905,1161;1164;1166,1161,"range(15, 56)",0.89,2.12,0.5,41,0.8317517394334294
655,waymo_train,waymo_500-799,35237,2280;2395,2280,"range(44, 87)",0.89,2.12,0.5,43,0.18358329953890865
656,waymo_train,waymo_500-799,37627,1145;1155,1145,"range(28, 73)",0.89,2.12,0.5,45,0.3314710605955446
657,waymo_train,waymo_500-799,37740,2181;2190,2181,"range(19, 58)",0.89,2.12,0.5,39,0.5699948730229037
658,waymo_train,waymo_500-799,37740,2180;2181;2190,2180,"range(0, 53)",0.89,2.12,0.5,53,0.5481136629668507
659,waymo_train,waymo_500-799,41319,775;779,775,"range(6, 62)",0.89,2.12,0.5,56,0.5045867963170733
660,waymo_train,waymo_500-799,42118,46;55;62,46,"range(6, 48)",0.89,2.12,0.5,42,0.1766959696511464
661,waymo_train,waymo_500-799,97452,2513;2514,2513,"range(0, 30)",0.89,2.12,0.5,30,0.684864728766546
662,waymo_train,waymo_500-799,44724,211;214,211,"range(3, 42)",0.89,2.12,0.5,39,0.6278667702360554
663,waymo_train,waymo_500-799,44895,708;712,708,"range(30, 76)",0.89,2.12,0.5,46,0.4022094316983674
664,waymo_train,waymo_500-799,98170,7;8,7,"range(24, 72)",0.89,2.12,0.5,48,0.3833332369616384
665,waymo_train,waymo_500-799,45248,392;402,392,"range(2, 42)",0.89,2.12,0.5,40,0.537317339545911
666,waymo_train,waymo_500-799,45633,1993;1996,1993,"range(0, 40)",0.89,2.12,0.5,40,0.45333825972554215
667,waymo_train,waymo_500-799,103108,1654;1660,1654,"range(37, 86)",0.89,2.12,0.5,49,0.3181721381117323
668,waymo_train,waymo_500-799,48167,2508;2686,2508,"range(11, 58)",0.89,2.12,0.5,47,0.46629668275480807
669,waymo_train,waymo_500-799,104779,607;620,607,"range(19, 65)",0.89,2.12,0.5,46,0.5457040296677605
670,waymo_train,waymo_500-799,50888,197;200,197,"range(5, 57)",0.89,2.12,0.5,52,0.42177291224021574
671,waymo_train,waymo_500-799,51525,1718;1722,1718,"range(19, 70)",0.89,2.12,0.5,51,0.4986250107428112
672,waymo_train,waymo_500-799,5162,14;33,14,"range(0, 40)",0.89,2.12,0.5,40,0.5303806901378503
673,waymo_train,waymo_500-799,51669,407;429,407,"range(14, 58)",0.89,2.12,0.5,44,0.6012229266138923
674,waymo_train,waymo_500-799,52080,1635;1648,1635,"range(18, 57)",0.89,2.12,0.5,39,0.1266961471628887
675,waymo_train,waymo_500-799,108386,102;116,102,"range(0, 36)",0.89,2.12,0.5,36,0.25618170021230235
676,waymo_train,waymo_500-799,108507,216;217,216,"range(11, 66)",0.89,2.12,0.5,55,0.6432418793602136
677,waymo_train,waymo_800-999,57019,869;887;903,869,"range(11, 52)",0.89,2.12,0.5,41,0.4815336734381157
678,waymo_train,waymo_800-999,62986,1197;1221,1197,"range(12, 52)",0.89,2.12,0.5,40,0.6615737443870903
679,waymo_train,waymo_800-999,64072,2280;2395,2280,"range(44, 87)",0.89,2.12,0.5,43,0.18358329953890865
680,waymo_train,waymo_800-999,66110,260;261,260,"range(45, 90)",0.89,2.12,0.5,45,0.524748337138348
681,waymo_train,waymo_800-999,70093,1118;1122,1118,"range(1, 44)",0.89,2.12,0.5,43,0.5943980535225362
682,waymo_train,waymo_800-999,7323,1493;1518,1493,"range(0, 30)",0.89,2.12,0.5,30,0.7848380944191848
683,waymo_train,waymo_800-999,81067,1816;1830,1816,"range(21, 85)",0.89,2.12,0.5,64,0.6201538448974021
684,waymo_train,waymo_800-999,81140,1394;1395,1394,"range(31, 80)",0.89,2.12,0.5,49,0.5259386781714495
685,waymo_train,waymo_800-999,83422,50;58,50,"range(0, 33)",0.89,2.12,0.5,33,0.4389761782571127
686,waymo_train,waymo_800-999,84477,16;2,16,"range(0, 39)",0.89,2.12,0.5,39,0.3696547982204364
687,waymo_train,waymo_800-999,84666,37;54,37,"range(17, 56)",0.89,2.12,0.5,39,0.4945791731602778
688,waymo_train,waymo_800-999,85169,1682;1686,1682,"range(5, 55)",0.89,2.12,0.5,50,0.5167601924955719
689,waymo_train,waymo_800-999,86865,1716;1730,1716,"range(0, 51)",0.89,2.12,0.5,51,0.36030508701095415
690,waymo_train,waymo_800-999,88419,1816;1830,1816,"range(0, 55)",0.89,2.12,0.5,55,0.6515788809463205
691,waymo_train,waymo_800-999,89755,1763;1774,1763,"range(24, 72)",0.89,2.12,0.5,48,0.4868123818278229
692,waymo_train,waymo_800-999,9070,1262;1263,1262,"range(24, 78)",0.89,2.12,0.5,54,0.3280137575803869
693,waymo_train,waymo_800-999,96286,2280;2395,2280,"range(24, 67)",0.89,2.12,0.5,43,0.18379384415914746
694,waymo_train,waymo_800-999,96839,1;49,1,"range(30, 74)",0.89,2.12,0.5,44,0.5885953543395195
695,waymo_train,waymo_800-999,97042,2469;2470,2469,"range(14, 76)",0.89,2.12,0.5,62,0.3775155417183816
696,waymo_train,waymo_800-999,97086,2448;2449,2448,"range(30, 82)",0.89,2.12,0.5,52,0.5718616234589025
697,waymo_train,waymo_0-299,67796,693;701,693,"range(27, 81)",0.89,2.12,0.5,54,0.6207501812642888
698,waymo_train,waymo_0-299,22758,1447;1482;1511;1520,1447,"range(28, 70)",0.89,2.12,0.5,42,0.5250648179390406
699,waymo_train,waymo_0-299,92882,2552;2568;2571,2552,"range(11, 71)",0.89,2.12,0.5,60,0.5033669259654887
700,waymo_train,waymo_0-299,49360,1067;1073,1067,"range(0, 44)",0.89,2.12,0.5,44,0.26741459637600207
701,waymo_train,waymo_300-499,1918,2348;2350,2348,"range(4, 46)",0.89,2.12,0.5,42,0.5292524005339081
702,waymo_train,waymo_300-499,12119,577;598,577,"range(2, 47)",0.89,2.12,0.5,45,0.6097962985168898
703,waymo_train,waymo_500-799,20002,811;832,811,"range(7, 54)",0.89,2.12,0.5,47,0.5281426870696333
704,waymo_train,waymo_800-999,88316,1666;1696,1666,"range(46, 87)",0.89,2.12,0.5,41,0.39297889411617465
705,waymo_train,waymo_800-999,88449,138;144,138,"range(13, 54)",0.89,2.12,0.5,41,0.33544210344556874
