index,data_source,TTC,PET,a_p,a_l,jerk,yaw_rate,task_time,avg_delay,IO,impact,score
1,waymo_raw data,1,0.049936654,1,1,0.880952381,1,0.472365868,0.508594954,0.928719032,0.996517349,0.333333333
2,waymo_raw data,1,0.731249913,1,0.975,0.702702703,1,0.821679929,0.912887609,0.123735731,1,0.633333333
3,waymo_raw data,1,0.052707369,0.979166667,1,0.891891892,1,0.353367651,0.437559511,0.375368114,0.928105186,0.266666667
4,waymo_raw data,1,1,1,1,0.474576271,1,0.745101082,0.113983719,0.542288151,0.979062894,0.9
5,waymo_raw data,1,1,1,0.984848485,0.306122449,1,0.73977623,0.82522117,0.630674334,0.965810173,0.883333333
6,waymo_raw data,1,1,1,1,0.477272727,1,0.665904377,0.758518441,0.501141422,1,0.966666667
7,waymo_raw data,1,1,1,0.846153846,0.679245283,1,0.619089726,0.681801774,0.987758288,0.977211171,0.766666667
8,waymo_raw data,1,0.067609958,0.901639344,1,0.555555556,1,0.351756753,0.381213706,0.220465953,0.884222122,0.233333333
9,waymo_raw data,0.162842567,0.085349559,1,0.794871795,0.5,1,0.346274963,0.397621097,0.722532164,1,0.6
10,waymo_raw data,1,1,1,1,0.642857143,1,0.651435914,0.722367644,0.512424736,0.990174132,0.883333333
11,waymo_raw data,1,1,1,0.666666667,0.666666667,1,0.622388111,0.664702414,0.952204752,0.990551311,0.633333333
12,waymo_raw data,1,1,0.96969697,0.848484848,0.558823529,1,0.663566028,0.753607651,0.670770005,0.964143471,0.833333333
13,waymo_raw data,1,1,1,1,0.862745098,1,0.820633442,0.866126848,0.798774909,0.966646866,0.966666667
14,waymo_raw data,1,0.053772129,1,1,0.587301587,1,0.145670329,0.472318641,0.406496523,1,0.266666667
15,waymo_raw data,1,1,1,1,0.6,1,0.658115629,0.708395321,0.599983809,1,0.933333333
16,waymo_raw data,1,1,0.962264151,0.905660377,0.87804878,1,0.685150812,0.752139529,0.820529905,0.945650837,0.933333333
17,waymo_raw data,1,1,1,1,0.588235294,1,0.721278197,0.787553325,0.593439985,0.993443005,0.966666667
18,waymo_raw data,1,1,0.913043478,1,0.315789474,1,0.680227524,0.735886147,0.369908067,1,0.733333333
19,waymo_raw data,1,1,1,1,0.461538462,1,0.407726557,0.568275224,0.54080752,0.946470313,0.733333333
20,waymo_raw data,1,1,0.933333333,0.933333333,0.618181818,1,0.419793337,0.442220765,0.177650363,1,0.766666667
21,waymo_raw data,1,1,1,1,0.473684211,1,0.61291009,0.644104448,0.564924001,0.981190527,0.966666667
22,waymo_raw data,1,1,1,1,0.377777778,1,0.670581508,0.775631976,0.561719679,0.931434557,1
23,waymo_raw data,1,0.398917759,1,0.977777778,0.518518519,1,0.447194287,0.878906062,0.315202455,1,0.333333333
24,waymo_raw data,1,1,0.916666667,1,0.431372549,1,0.65175315,0.826334275,0.961126216,0.994765067,0.766666667
25,waymo_raw data,1,0.050086689,1,1,0.558139535,1,0.522855871,0.534433358,0.561936397,0.989177566,0.266666667
26,waymo_raw data,1,1,1,1,0.472727273,1,0.506789165,0.527257186,0.565036373,1,0.766666667
27,waymo_raw data,1,0.726875549,1,0.975,0.534883721,1,1,1,0.092281493,1,0.7
28,waymo_raw data,1,1,1,0.977777778,0.666666667,1,0.737418669,0.183240818,0.599109165,0.99486781,0.733333333
29,waymo_raw data,1,1,0.929824561,1,0.785714286,1,0.683251436,0.003941246,0.632922365,0.96763442,0.733333333
30,waymo_raw data,1,1,0.955555556,0.911111111,0.725490196,1,0.475243624,0.594174183,0.944585411,0.996402005,0.7
31,waymo_raw data,1,1,1,0.684210526,0.289473684,1,0.519715208,0,0.536288236,1,0.766666667
32,waymo_raw data,1,1,0.95,0.475,0.490196078,1,0.327248981,0.437106022,0.390636256,0.789553579,0.633333333
33,waymo_raw data,1,1,1,0.358974359,0.534883721,1,0.583474506,0.799471881,0.993514677,0.963757981,0.833333333
34,waymo_raw data,1,1,1,0.887096774,0.41025641,1,0.563688429,0.659149485,0.61674381,0.98047938,0.733333333
35,waymo_raw data,1,1,1,0.983870968,0.875,1,0.853584247,0.796077973,0.806177119,0.983660604,0.866666667
36,waymo_raw data,1,1,1,0.978723404,0.571428571,1,0.759880833,0.861644175,0.897214434,0.927976914,0.933333333
37,waymo_raw data,1,1,1,1,0.604651163,1,0.741329498,0.816862675,0.560989359,1,0.833333333
38,waymo_raw data,1,1,1,0.957142857,0.46,1,0.574408131,0.918378419,0.646503813,0.952514055,0.866666667
39,waymo_raw data,1,0.156452943,0.595744681,0.553191489,0.298245614,1,0.603100703,0,0.099064089,0.992527276,0.233333333
40,waymo_raw data,1,0.156452943,0.644067797,0.610169492,0.4,1,0.601943012,0.638354663,0.024571017,0.945474357,0.333333333
41,waymo_raw data,0.104215416,1,0.983870968,0.64516129,0.62745098,1,0.251956174,0.496720202,0.16589514,0.933095912,0.733333333
42,waymo_raw data,1,1,1,0.815789474,0.435897436,1,0.560649486,0.089154284,0.014652517,0.971180547,0.833333333
43,waymo_raw data,1,0.355937545,0.930232558,0.76744186,0.52,1,0.070029304,0.473288121,0.016986666,0.892085947,0.666666667
44,waymo_raw data,1,1,1,0.946428571,0.795454545,1,0.734660697,0.782703696,0.969528359,0.998864412,0.766666667
45,waymo_raw data,1,1,1,1,0.418604651,1,0.708021246,0.745765127,0.090113542,0.986024571,0.966666667
46,waymo_raw data,1,1,0.94,1,0.595744681,1,0.695393678,0.027193359,0.718380858,0.994912415,0.8
47,waymo_raw data,1,1,1,1,0.576923077,1,0.624032515,0.670624966,0.533175733,0.946660568,0.766666667
48,waymo_raw data,0.060566088,0.143991645,0.372093023,1,0.848484848,1,0.306110449,0.038826044,0.398782919,0.989895304,0.6
49,waymo_raw data,1,1,0.548387097,1,0.685185185,1,0.438830901,0.464328988,0.013675664,1,0.833333333
50,waymo_raw data,1,1,1,1,0.744680851,1,0.667171715,0.519023314,0.561221592,1,0.9
51,waymo_raw data,1,1,1,1,0.782608696,1,0.767543563,0.865876944,0.529475404,0.930005776,0.933333333
52,waymo_raw data,1,0.234570288,1,1,0.8,1,0.40573097,0.425850612,0.230457216,1,0.366666667
53,waymo_raw data,1,1,1,1,0.671641791,1,0.687508871,0.214076972,0.150082147,0.996964291,0.9
54,waymo_raw data,1,1,1,1,0.372093023,1,0.231734764,0.246629705,0.727327128,0.984407606,0.866666667
55,waymo_raw data,1,1,1,1,0.754716981,1,0.761858956,0.609044166,0.016062404,1,0.9
56,waymo_raw data,1,1,1,1,0.552631579,1,0.717100625,0.702636422,0.601904483,0.978711767,1
57,waymo_raw data,1,0.286504797,0.925,0,0.422222222,0.7,0.481387999,0.260808402,0.979065059,1,0.6
58,waymo_raw data,1,1,0.905660377,1,0.857142857,1,0.552691645,0.673241522,0.379984002,0.902993812,0.966666667
59,waymo_raw data,1,0.341981034,0.658536585,0.024390244,0.814814815,1,0.306719657,0,0.163381482,1,0.2
60,waymo_raw data,1,1,1,1,0.462962963,1,0.82861938,0.919188748,0.911856544,0.996534491,0.8
61,waymo_raw data,1,1,0.884615385,1,0.46031746,1,0.528089977,0.654986032,0.141123555,0.836596431,0.9
62,waymo_raw data,1,1,1,1,0.438596491,1,0.460079606,0.316644487,0.280173772,0.875335539,0.8
63,waymo_raw data,1,0.161378942,0.918367347,1,0.5,1,0.651895939,0.660534029,0.196076437,1,0.266666667
64,waymo_raw data,1,0.10752843,1,1,0.75,1,0.225739545,0.24762662,0.255954746,1,0.2
65,waymo_raw data,1,1,1,0.45,0.851851852,1,0.516343781,0.061167503,0.78855973,1,0.8
66,waymo_raw data,1,0.309746828,0.641025641,1,0.533333333,1,0.651244748,0.911785971,0.017134208,0.945497832,0.6
67,waymo_raw data,0.041388975,0.061544179,0.923076923,0.25,0.673076923,0.653846154,0.179102874,0.292334835,0.48597382,0.922373295,0.233333333
68,waymo_raw data,0.915034004,1,1,0.958333333,0.518518519,1,0.586852604,0.676825926,0.124881673,0.970074843,0.7
69,waymo_raw data,1,1,1,1,0.431034483,1,0.625495188,0.045035008,0.408696274,0.98830659,0.833333333
70,waymo_raw data,1,1,1,1,0.378378378,1,0.626518464,0.217928944,0.015596131,0.97568851,0.9
71,waymo_raw data,1,0.050086689,0.948717949,0.205128205,0.386363636,1,0.689680335,0.584122347,0.357685926,1,0.266666667
72,waymo_raw data,1,0.36349127,1,1,0.5,1,0.803473998,1,0.34317515,1,0.333333333
73,waymo_raw data,1,1,1,1,0.621621622,1,0.753611504,0.850191359,0.104086763,1,0.9
74,waymo_raw data,1,1,1,1,0.846153846,1,0.787061311,0,0.5055706,0.98138332,0.966666667
75,waymo_raw data,0.089752833,0.050237174,0.675,0.375,0.75,0.6,0.249392589,0.154413604,0.381189642,1,0.266666667
76,waymo_raw data,1,1,1,1,0.884615385,1,0.291567447,0.055809791,0.905203192,1,0.9
77,waymo_raw data,1,1,1,1,0.7,1,0.445758902,0,0.014705221,0.965726491,0.933333333
78,waymo_raw data,0.057516708,0.075698268,0.977272727,0.045454545,0.770491803,0.136363636,0.117841326,0.125357874,0.982537973,1,0.016666667
79,waymo_raw data,1,1,0.951219512,0.243902439,0.86,1,0.732438283,0.484403683,0.609345248,1,0.5
80,waymo_raw data,1,1,1,1,0.842105263,1,0.713344218,0.143868117,0.4879566,0.991910993,0.866666667
81,waymo_raw data,0.055085063,1,0.925,0.35,0.673469388,1,0.195800959,0.0012052,0.185340079,1,0.266666667
82,waymo_raw data,1,1,1,1,0.823529412,1,0.636200151,0.674299294,0.488010726,0.976771965,0.993333333
83,waymo_raw data,0.278480889,0.052918621,1,1,0.661538462,1,0.798498191,0.588264409,0.296495181,1,0.366666667
84,waymo_raw data,1,1,1,1,0.568181818,1,0.240865734,0.169215335,0.3257016,1,0.7
85,waymo_raw data,0.113005769,1,0.961538462,0.653846154,0.722222222,1,0.653701305,0.68669996,0.906144233,0.946300375,0.566666667
86,waymo_raw data,1,1,1,0.980392157,0.551020408,1,0.52352465,0.749700131,0.463254856,0.936224199,0.9
87,waymo_raw data,1,0.199089661,1,0.693877551,0.62745098,1,0.996306547,1,0.237956483,1,0.266666667
88,waymo_raw data,1,1,1,1,0.484848485,1,0.684533839,0,0.570129726,0.993527169,0.933333333
89,waymo_raw data,1,1,0.925,0.75,0.844827586,1,0.452418806,0.792183882,0.202036436,1,0.6
90,waymo_raw data,1,1,1,1,0.96,1,0.636543934,0.669521837,0.503951692,0.90682835,0.933333333
91,waymo_raw data,1,1,1,1,0.575757576,1,0.529543042,0.565111899,0.994108342,0.90389165,0.933333333
92,waymo_raw data,1,1,1,1,0.820512821,1,0.696452593,0.438140483,0.024555041,1,0.966666667
93,waymo_raw data,1,1,1,1,0.545454545,1,0.731949608,0.585684739,0.159479424,0.807807233,0.833333333
94,waymo_raw data,1,1,1,1,0.716981132,1,0.729625829,0.746189823,0.815815372,1,0.866666667
95,waymo_raw data,1,1,1,1,0.681818182,1,0.77442515,0.81392402,0.503532514,0.974408392,0.683333333
96,waymo_raw data,0.164302605,1,1,1,0.566037736,1,0.699980706,0.436555011,0.228272289,0.974970975,0.766666667
97,waymo_raw data,1,1,1,0.979166667,0.639344262,1,0.4598087,0,0.961166333,0.99730214,0.866666667
98,waymo_raw data,1,1,1,1,0.755102041,1,0.731666089,0.166197378,0.598846396,0.986928214,0.933333333
99,waymo_raw data,1,1,0.960784314,0,0.775862069,1,0.726343399,0.105531777,0.119707333,0.998270473,0.9
100,waymo_raw data,1,1,1,1,0.583333333,1,0.870293089,0.847376497,0.422655152,1,0.733333333
101,waymo_raw data,1,0.3204593,1,0.279069767,0.692307692,1,0.522557915,0.623712884,0.362565244,0.981228623,0.633333333
102,waymo_raw data,1,0.050237174,0.71875,0.65625,0.743589744,1,0.522117143,0.711301647,0.372071567,0.981491688,0.266666667
103,waymo_raw data,0.17886197,1,0.840909091,1,0.8,1,0.550603962,0.631475221,0.39244615,0.827095861,0.766666667
104,waymo_raw data,1,0.050945441,1,1,0.462962963,1,0.419928882,0.478222583,0.91738274,1,0.266666667
105,waymo_raw data,1,1,1,1,0.6,1,0.683331712,0.856988399,0.484185571,0.951893135,0.9
106,waymo_raw data,1,1,1,1,0.918918919,1,0.743935616,0.239985106,0.69862358,0.996016007,0.916666667
107,waymo_raw data,1,1,1,1,0.571428571,1,0.770700615,0.596493203,0.286504797,1,0.866666667
108,waymo_raw data,1,1,1,1,0.53968254,1,0.731763376,0.864595531,0.604101765,0.97943353,0.933333333
109,waymo_raw data,1,0.050792834,0.549019608,0.960784314,0.512820513,1,0.850659913,1,0.215167539,1,0.366666667
110,waymo_raw data,1,1,1,0.827586207,0.893617021,1,0.487173071,0.470509513,0.012732595,1,0.766666667
111,waymo_raw data,1,0.050388112,1,1,0.854166667,1,0.554721587,1,0.948094776,1,0.133333333
112,waymo_raw data,1,1,1,0.953488372,0.9,1,0.37862909,0.531919214,0.013288048,0.98692778,0.766666667
113,waymo_raw data,1,1,1,1,0.868852459,1,0.794599612,0.868610772,0.623816338,0.986167681,0.933333333
114,waymo_raw data,0.049060137,1,0.882352941,0.784313725,0.923076923,1,0.669190124,0.823352525,0.254175278,0.915300791,0.733333333
115,waymo_raw data,1,0.199089661,1,0.693877551,0.666666667,1,0.996306547,0.361247125,0.251573027,1,0.266666667
116,waymo_raw data,1,1,1,1,0.6875,1,0.536297504,0.115998727,0.907214518,0.992707197,0.733333333
117,waymo_raw data,1,1,1,1,0.875,1,0.54840586,0.41397265,0.630610962,0.988458915,0.9
118,waymo_raw data,1,1,1,1,0.738095238,1,0.53294244,0.575241147,0.286504797,1,0.933333333
119,waymo_raw data,1,1,1,0.962264151,0.895833333,1,0.526586126,0.697263142,0.939913768,0.991637635,0.766666667
120,waymo_raw data,1,0.775691802,0.9,1,0.84375,1,0.427295969,0.609644447,0.099835861,1,0.733333333
121,waymo_raw data,1,1,0.979591837,0.408163265,0.58,1,0.488016773,0.899804403,0.152405761,1,0.966666667
122,waymo_raw data,1,1,1,1,0.666666667,1,0.707458188,0.782354337,0.636359967,0.993900638,0.766666667
123,waymo_raw data,1,1,1,1,0.386363636,1,0.8208547,0.849622556,0.515673577,0.972490628,0.866666667
124,waymo_raw data,1,1,0.970588235,1,0.75,1,0.496067233,0.390881416,0.01450968,1,0.9
125,waymo_raw data,1,1,1,1,0.744186047,1,0.408044123,0.583605492,0.358519277,0.983087652,0.866666667
126,waymo_raw data,1,1,1,1,0.8,1,0.685985898,0.74910698,0.454013091,1,0.933333333
127,waymo_raw data,1,1,1,1,0.741935484,1,0.592306734,0,0.016226718,0.945652568,0.933333333
128,waymo_raw data,1,0.056472584,1,1,0.6,1,0.763800785,0.516722047,0.441330299,1,0.233333333
129,waymo_raw data,1,1,0.945454545,1,0.732142857,1,0.698991185,0.700515108,0.886572508,0.945839905,0.966666667
130,waymo_raw data,0.122963055,1,0.644444444,1,0.64516129,1,0.11657082,0.489598045,0.391264281,0.884399707,0.433333333
131,waymo_raw data,1,0.208253332,1,1,0.534883721,1,1,0.440486133,0.449241995,1,0.266666667
132,waymo_raw data,1,1,1,1,0.75,1,0.655228954,0.706251937,0.593687477,0.995601714,1
133,waymo_raw data,1,1,1,1,0.769230769,1,0.690801515,0.539400534,0.950110001,0.99790339,0.866666667
134,waymo_raw data,1,1,1,0.972222222,0.53968254,1,0.653413004,0.727354802,0.605155622,1,0.866666667
135,waymo_raw data,1,1,1,1,1,1,0.509769915,0.522513532,0.567437161,0.990118849,0.866666667
136,waymo_raw data,1,1,1,0.875,0.71875,1,0.717867141,0.603095674,0.848585642,0.995045103,0.933333333
137,waymo_raw data,1,1,1,1,0.595744681,1,0.633289769,0,0.01844172,0.972884171,1
138,waymo_raw data,1,1,0.966101695,1,0.697674419,1,0.700829126,0.751414968,0.645668765,0.894200002,0.866666667
139,waymo_raw data,1,1,1,1,0.87755102,1,0.728717772,0,0.46180357,1,0.833333333
140,waymo_raw data,0.164302605,1,1,1,0.775862069,1,0.698303884,0.370524093,0.079668746,0.975437139,0.7
141,waymo_raw data,1,1,1,0.984615385,0.810810811,1,0.670429138,0.752536129,0.64365974,0.986146904,0.933333333
142,waymo_raw data,1,1,1,1,0.534883721,1,0.741827537,0.852640846,0.845011259,0.962258673,0.983333333
143,waymo_raw data,0.041388975,0.051508935,0.916666667,0.270833333,0.604166667,0.625,0.178750205,0.291927865,0.42805092,0.992187665,0.066666667
144,waymo_raw data,1,1,1,0.977777778,0.779661017,1,0.689756782,0.128833337,0.908473684,0.993343249,0.866666667
145,waymo_raw data,1,0.155051184,1,1,0.897435897,1,0.752386532,0.661213269,0.208090231,0.978025031,0.4
146,waymo_raw data,1,0.721083743,0.585365854,1,0.631578947,1,0.344985018,0.284427465,0.111954556,1,0.766666667
147,waymo_raw data,1,1,0.558823529,0.470588235,0.403846154,1,0.161249592,0.528310567,0.017507844,1,0.9
148,waymo_raw data,1,1,0.9375,1,0.883333333,1,0.734887136,0.822632221,0.650955867,0.99443543,0.966666667
149,waymo_raw data,1,1,1,0.307692308,0.735294118,1,0.822643566,0.888946151,0.646602644,1,0.866666667
150,waymo_raw data,0.506442819,1,1,1,0.491525424,1,0.650138636,0.254216031,0.665778371,0.997319357,0.733333333
151,waymo_raw data,1,1,1,1,0.62,1,0.244927996,0.925556157,0.495804405,1,0.766666667
152,waymo_raw data,1,1,1,0.403508772,0.590909091,1,0.566949594,0.651010963,0.012224233,0.980730609,0.766666667
153,waymo_raw data,0.034541671,1,0.7,1,0.428571429,1,0.388607288,1,0.491298907,0.938052962,0.833333333
154,waymo_raw data,1,1,1,1,0.575757576,1,0.735957231,0.807697185,0.540975982,0.903436057,0.966666667
155,waymo_raw data,1,1,0.97826087,0.97826087,0.264705882,1,0.731843306,0.786419718,0.433751548,0.88493432,0.8
156,waymo_raw data,1,0.737860866,1,1,0.538461538,1,0.646968327,0.534404502,0.163016281,1,0.366666667
157,waymo_raw data,1,0.050792834,1,0.754385965,0.864864865,1,0.437562255,0.365699643,0.246752233,1,0.366666667
158,waymo_raw data,1,1,0.901639344,1,0.551020408,1,0.588231098,0.803273191,0.636891654,0.987990134,0.566666667
159,waymo_raw data,1,1,1,0.7,0.604166667,1,0.12631087,0.497965072,0.013287922,0.891776883,0.766666667
160,waymo_raw data,0.303796771,1,0.386363636,1,0.760869565,1,0.51648006,0.50189377,1,1,0.466666667
161,waymo_raw data,0.062118801,1,0.883333333,0.15,0.552631579,0.85,0.569346546,0.34646945,0.173713018,1,0.566666667
162,waymo_raw data,1,1,0.666666667,1,0.638297872,1,0.548498705,0.626596132,0.389643441,0.906942436,0.833333333
163,waymo_raw data,1,1,1,1,0.78125,1,0.712312482,0.819939523,0.576107497,1,0.866666667
164,waymo_raw data,1,1,1,1,0.4,1,0.74005196,0.219678011,0.580494394,1,0.866666667
165,waymo_raw data,0.091687902,1,0.804347826,1,0.839285714,1,0.56877268,0.368470918,0.435329065,0.986702001,0.8
166,waymo_raw data,0.037268333,0.055188538,1,0.743589744,0.666666667,1,0.099097974,0.019205018,0.350683632,1,0.3
167,waymo_raw data,1,1,1,0.976190476,0.839285714,1,0.457450502,0.843217281,0.653868726,1,0.8
168,waymo_raw data,1,0.197305893,1,1,0.666666667,1,0.529541369,0.573067405,0.280220607,0.944296962,0.4
169,waymo_raw data,1,1,1,1,0.45,1,0.489700042,0.090497444,0.988813486,0.984472666,0.983333333
170,waymo_raw data,1,1,1,1,0.45,1,0.489700042,0.090497444,0.988813486,0.984472666,0.983333333
171,waymo_raw data,1,1,1,1,0.731707317,1,0.728788871,0.76977239,0.602629022,0.996981131,0.966666667
172,waymo_raw data,1,1,1,0.28125,0.595238095,1,0.766309244,0.869984234,0.594086548,1,0.866666667
173,waymo_raw data,1,1,1,1,0.805555556,1,0.739747599,0.804490558,0.020311148,0.998586591,0.833333333
174,waymo_raw data,1,1,1,1,0.857142857,1,0.761608448,0.836132886,0.488851013,0.942783274,0.9
175,waymo_raw data,1,1,1,1,0.666666667,1,0.733342479,0.79362203,0.646474725,0.965462044,0.866666667
176,waymo_raw data,1,1,0.954545455,1,0.770833333,1,0.631101429,0,0.612611642,1,0.833333333
177,waymo_raw data,1,0.256917566,0.87804878,0.926829268,0.620689655,1,0.430587743,0.427491178,0.999999912,0.981021251,0.233333333
178,waymo_raw data,1,1,1,1,0.6,1,0.738500223,0.304129006,0.591300238,0.991844263,0.8
179,waymo_raw data,1,1,1,1,0.803571429,1,0.753194979,0.812213476,0.534195651,0.977022065,1
180,waymo_raw data,1,0.223353402,0.875,1,0.581395349,1,0.768195148,0.629334318,0.007800398,1,0.366666667
181,waymo_raw data,1,1,1,1,0.25,1,0.726109529,0.296915255,0.501944209,0.990230117,0.9
182,waymo_raw data,1,0.156452943,0.511627907,0.604651163,0.285714286,1,0.558369974,0,0.008525975,0.995868255,0.233333333
183,waymo_raw data,1,0.156452943,0.5,0.552631579,0.820512821,1,0.579063842,0,0.99716708,0.995779888,0.266666667
184,waymo_raw data,1,1,1,1,0.894736842,1,0.464244177,0.771123793,0.801881655,0.987209786,0.966666667
185,waymo_raw data,1,1,1,0.666666667,0.723404255,1,0.266534837,0,0.006742475,1,0.766666667
186,waymo_raw data,1,1,1,1,0.466666667,1,0.615828176,0.867330032,0.644465824,0.969140545,0.966666667
187,waymo_raw data,1,1,1,1,0.558823529,1,0.18896218,0.176609204,0.49480092,1,0.733333333
188,waymo_raw data,1,1,1,1,0.533333333,1,0.729299261,0.828319812,0.59341974,0.907812223,0.916666667
189,waymo_raw data,1,1,1,0.959183673,0.725490196,1,0.567406184,0.72253181,0.395116761,0.997355925,0.766666667
190,waymo_raw data,1,1,1,1,0.733333333,1,0.807918796,0.848012641,0.130282087,0.981675708,0.983333333
191,waymo_raw data,1,0.775691802,0.9,1,0.538461538,1,0.427295969,0.765423185,0.099835861,1,0.7
192,waymo_raw data,1,1,1,1,0.564102564,1,0.227828479,0.109603289,0.619093205,0.995009763,0.766666667
193,waymo_raw data,1,1,0.972222222,1,0.596153846,1,0.571524247,0.512251716,0.5570724,1,0.833333333
194,waymo_raw data,1,0.101875887,1,1,0.422222222,1,0.605698428,0.649045648,0.200953159,1,0.266666667
195,waymo_raw data,1,0.050843652,0.959183673,1,0.6,1,0.767192604,1,0.175427941,1,0.4
196,waymo_raw data,1,1,1,1,0.677966102,1,0.518124543,0.362307231,0.436670704,1,0.933333333
197,waymo_raw data,1,1,1,0.942857143,0.58490566,1,0.708130401,0.572421504,0.407131858,1,0.9
198,waymo_raw data,1,1,0.933333333,0.566666667,0.757575758,1,0.659297764,0.616847237,0.012475232,1,0.9
199,waymo_raw data,1,1,1,1,0.469387755,1,0.597845339,0.610535207,0.47129548,0.984688037,0.866666667
200,waymo_raw data,1,1,1,1,0.571428571,1,0.671754364,0.748171109,0.583144902,1,0.966666667
201,waymo_raw data,1,0.059249378,1,1,0.929824561,1,0.272102615,0.289577479,0.495091289,1,0.266666667
202,waymo_raw data,0.055085063,1,0.925,0.35,0.945945946,1,0.195800959,0.0012052,0.185340079,1,0.3
203,waymo_raw data,1,1,0.96969697,1,0.666666667,1,0.643065102,0.660714349,0.660908947,0.967859889,0.966666667
204,waymo_raw data,1,1,1,0.951219512,0.621621622,1,0.501765766,0.081986718,0.135521533,1,0.733333333
205,waymo_raw data,1,0.161378942,0.918367347,1,0.626865672,1,0.651895939,0.441106622,0.184789898,1,0.333333333
206,waymo_raw data,0.915034004,1,1,0.9375,0.5,1,0.586852604,0.654189601,0.187124202,0.971163031,0.7
207,waymo_raw data,1,0.208253332,1,1,0.5,1,1,0.819016168,0.449241995,1,0.333333333
208,waymo_raw data,1,1,1,0.953488372,0.564102564,1,0.37862909,0.531919214,0.972760571,0.98692778,0.733333333
209,waymo_raw data,1,1,1,0.508196721,0.369565217,1,0.561588469,0.555468332,0.972729522,0.983241194,0.733333333
210,waymo_raw data,1,1,1,0.816326531,0.490566038,1,0.734993818,0.802597503,0.117047854,0.911091311,0.766666667
211,waymo_raw data,1,1,1,0.822580645,0.657894737,1,0.695415721,0.751875246,0.625719814,0.987389369,0.966666667
212,waymo_raw data,1,0.439551671,1,0.071428571,0.714285714,1,0.696454647,0.726206559,0.42247116,0.999496283,0.733333333
213,waymo_raw data,1,1,1,0.928571429,0.5625,1,0.754966174,0.048424954,0.62848214,1,1
214,waymo_raw data,1,0.051560469,1,0.976744186,0.732142857,1,0.442770171,0.43774643,0.559503065,1,0.4
215,waymo_raw data,1,1,1,1,0.833333333,1,0.756277508,0.398264122,0.594414734,1,0.966666667
216,waymo_raw data,1,1,1,1,0.5,1,0.685643606,0.728673422,0.534319015,0.976662201,0.833333333
217,waymo_raw data,1,1,1,1,0.557377049,1,0.676557243,0.766603089,0.574407392,0.978715015,0.8
218,waymo_raw data,0.414956451,1,0.8,0.883333333,0.225,1,0.593342891,0.55668621,0.395665369,0.910094677,0.566666667
219,waymo_raw data,0.051295579,1,0.952380952,0.023809524,0.738095238,0.761904762,0.520189158,0,0.210618394,1,0.733333333
220,waymo_raw data,1,1,1,1,0.522727273,1,0.733342479,0.794651224,0.545900041,0.965462044,0.966666667
221,waymo_raw data,1,1,0.965517241,0.517241379,0.58974359,1,0.513254028,0.210039558,0.667590083,0.990025549,0.866666667
222,waymo_raw data,1,1,1,1,0.7,1,0.269260468,0.822634941,0.560798903,1,0.666666667
223,waymo_raw data,1,1,1,1,0.75,1,0.668432797,0.663957259,0.5516734,0.99681234,0.9
224,waymo_raw data,1,1,1,1,0.53125,1,0.695689646,0.765550025,0.593591576,1,0.766666667
225,waymo_raw data,1,1,1,1,0.62745098,1,0.395118824,0,0.55154696,1,0.9
226,waymo_raw data,1,0.050237174,0.71875,0.65625,0.709090909,1,0.522117143,0.711301647,0.372071567,0.981491688,0.3
227,waymo_raw data,1,1,1,1,0.555555556,1,0.577884101,0.618210556,0.61539058,0.984621968,0.933333333
228,waymo_raw data,1,1,1,1,0.897435897,1,0.476632849,0.765409211,0.581116982,0.979946587,0.9
229,waymo_raw data,1,1,1,1,0.619047619,1,0.650556811,0.266043488,0.587046084,0.997375011,0.933333333
230,waymo_raw data,1,1,1,1,0.756097561,1,0.714646566,0,0.407008918,0.829301281,0.9
231,waymo_raw data,1,1,1,1,0.714285714,1,0.441352477,0,0.011553437,0.955135091,0.9
232,waymo_raw data,1,1,0.923076923,1,0.894736842,1,0.579442647,0.797874338,0.550428036,0.948797611,0.633333333
233,waymo_raw data,1,1,1,0.918367347,0.547169811,1,0.551452264,0.479480024,0.286504797,0.996456677,0.833333333
234,waymo_raw data,1,1,1,1,0.6,1,0.707191342,0.235572722,0.63259539,0.988145747,0.933333333
235,waymo_raw data,1,1,1,1,0.833333333,1,0.586380949,0.684111715,0.011360662,1,0.8
236,waymo_raw data,1,0.051922659,1,1,0.744186047,1,0.556857852,0.262556055,0.224568163,0.774515824,0.233333333
237,waymo_raw data,1,1,1,1,0.787234043,1,0.166126288,0.697549577,0.016311048,1,0.9
238,waymo_raw data,1,1,0.933333333,0.1,0.5,1,0.590032214,0.075821662,0.010194084,1,0.6
239,waymo_raw data,1,1,1,1,0.75862069,1,0.827004897,0.922813834,0.62925682,1,0.916666667
240,waymo_raw data,1,0.051560469,1,0.976744186,0.95,1,0.442770171,0.43774643,0.416143277,1,0.366666667
241,waymo_raw data,1,1,1,1,0.571428571,1,0.654176774,0.722992725,0.468775093,0.877054673,0.866666667
242,waymo_raw data,0.141178678,1,0.933333333,0.933333333,0.618181818,1,0.981112241,0.973574051,0.724304556,1,0.533333333
243,waymo_raw data,0.082530596,0.051354639,1,0.6,1,1,0.239961434,0.186201915,0.017634607,1,0.366666667
244,waymo_raw data,1,1,1,1,0.509433962,1,0.702896647,0.798947357,0.600716798,1,0.966666667
245,waymo_raw data,1,0.10752843,1,1,0.714285714,1,0.225739545,0.24762662,0.255954746,1,0.233333333
246,waymo_raw data,1,1,1,1,0.333333333,1,0.721613751,0.817979119,0.575946425,0.988929085,0.933333333
247,waymo_raw data,1,1,1,1,0.738095238,1,0.73035526,0.77844542,0.649396647,0.937406318,0.9
248,waymo_raw data,1,1,0.955555556,0.911111111,0.462962963,1,0.475243624,0.594174183,0.944585411,0.996402005,0.7
249,waymo_raw data,1,1,1,0.958333333,0.909090909,1,0.689438294,0.880930379,0.087941612,1,0.9
250,waymo_raw data,1,1,0.666666667,1,0.428571429,1,0.660221661,0.381661663,0.99659843,1,0.633333333
251,waymo_raw data,1,1,1,0.947368421,0.928571429,1,0.736156741,0.78408783,0.090414264,0.997562387,0.733333333
252,waymo_raw data,1,0.050388112,1,1,0.725490196,1,0.554721587,0.03300798,0.948094776,1,0.2
253,waymo_raw data,1,1,1,1,0.807017544,1,0.651079097,0.721091402,0.648740345,0.990120268,0.833333333
254,waymo_raw data,1,1,1,1,0.634615385,1,0.519607803,0.036446164,0.017738676,1,0.866666667
255,waymo_raw data,1,0.398917759,1,0.977272727,0.413793103,1,0.445331273,0.273609027,0.486611332,1,0.3
256,waymo_raw data,1,0.472366553,1,0.977777778,0.540540541,1,0.360402643,0.391938373,0.212252893,0.908590901,0.6
257,waymo_raw data,1,0.156452943,0.595744681,0.553191489,0.298245614,1,0.603100703,0,0.099064089,0.992527276,0.233333333
258,waymo_raw data,1,0.156452943,0.644067797,0.610169492,0.4,1,0.601943012,0.638354663,0.024571017,0.945474357,0.366666667
259,waymo_raw data,1,0.286504797,0.925,0,0.666666667,0.7,0.481387999,0.257227231,0.955553526,1,0.633333333
260,waymo_raw data,1,0.050945441,1,1,0.674418605,1,0.419928882,0.480125409,0.91738274,1,0.2
261,waymo_raw data,1,0.737860866,1,1,0.9,1,0.646968327,0.67490192,0.163016281,1,0.266666667
262,waymo_raw data,1,0.199089661,1,0.693877551,0.605263158,1,0.996306547,0.414059329,0.251573027,1,0.233333333
263,waymo_raw data,1,0.050792834,1,0.754385965,0.891304348,1,0.437562255,0.485219832,0.246752233,1,0.366666667
264,waymo_raw data,1,0.053772129,1,1,0.75862069,1,0.145670329,0.358067857,0.406496523,1,0.233333333
265,waymo_raw data,1,1,1,0.717391304,0.84,1,0.187737113,0.094408965,0.133378469,1,0.866666667
266,waymo_raw data,1,1,1,0.872727273,0.642857143,1,0.694292943,0.9095102,0.132368565,1,0.766666667
267,waymo_raw data,0.062118801,1,0.897435897,0,0.517241379,0.769230769,0.503497589,0.295251706,0.189740191,1,0.566666667
268,waymo_raw data,0.581204504,1,0.659090909,1,0.58490566,1,0.611369781,0.666817055,0.397040571,1,0.933333333
269,waymo_raw data,1,1,1,1,0.407407407,1,0.735327364,0.596524496,0.419252031,1,0.9
270,waymo_raw data,1,1,1,1,0.744186047,1,0.776194828,0.695167654,0.633593195,1,0.733333333
271,waymo_raw data,1,0.517368444,0.951219512,1,0.661538462,1,1,0.303451319,0.34841652,1,0.566666667
272,waymo_raw data,1,1,1,1,0.923076923,1,0.70849818,0.858145205,0.601834396,1,0.9
273,waymo_raw data,1,1,1,1,0.714285714,1,0.511251997,0.466893011,0.934806099,1,0.916666667
274,waymo_raw data,1,1,0.507692308,1,0.533333333,1,0.372339249,0.577158858,0.585825375,1,0.766666667
275,waymo_raw data,1,1,1,1,0.888888889,1,0.686235093,0.800602866,0.477997122,1,0.966666667
276,waymo_raw data,1,1,1,1,0.537037037,1,0.602800115,0.570412917,0.098355923,1,0.966666667
277,waymo_raw data,1,1,0.971014493,0,0.654545455,1,0.664045318,0.846856946,0.469941579,1,0.733333333
278,waymo_raw data,1,1,0.927272727,1,0.960784314,1,0.663937563,0.852162683,0.592511891,1,0.733333333
279,waymo_raw data,1,1,0.945945946,1,0.716666667,1,0.478250257,0.719938974,0.564227629,1,0.833333333
280,waymo_raw data,1,0.694891195,0.928571429,1,0.6,1,0.96413857,0.626167534,0.010037664,1,0.733333333
281,waymo_raw data,1,0.398917759,1,0.977777778,0.851851852,1,0.447194287,0.455361433,0.341066659,1,0.366666667
282,waymo_raw data,1,1,0.955555556,0.711111111,0.447368421,1,0.595777278,0.711389599,0.286504797,1,0.7
283,waymo_raw data,1,1,1,1,0.714285714,1,0.539545841,0.58497288,0.407939491,1,0.866666667
284,waymo_raw data,1,0.3204593,1,0.279069767,0.810344828,1,0.522557915,0.623712884,0.507118635,0.981228623,0.6
285,waymo_raw data,1,0.10752843,1,1,0.491525424,1,0.225739545,0.24762662,0.255954746,1,0.2
286,waymo_raw data,1,1,1,0.941176471,0.90625,1,0.585281676,0.055481535,0.991212526,0.976925818,0.766666667
287,waymo_raw data,1,1,1,1,0.681818182,1,0.703562078,0.825276708,0.467825273,1,0.933333333
288,waymo_raw data,1,1,1,1,0.960784314,1,0.656381197,0.806550937,0.504089069,1,0.866666667
289,waymo_raw data,1,1,1,0.976190476,0.843137255,1,0.478355278,1,0.535579344,1,0.633333333
290,waymo_raw data,1,0.199089661,1,0.693877551,0.701754386,1,0.996306547,1,0.233220578,1,0.266666667
291,waymo_raw data,1,1,1,0.745098039,0.510204082,1,0.608495476,0.78529183,0.472633881,1,0.766666667
292,waymo_raw data,1,0.694891195,0.930232558,1,0.636363636,1,0.968945083,0.570510575,0.29969125,1,0.7
293,waymo_raw data,1,1,1,1,0.71875,1,0.75719573,0.782930092,0.615241041,1,0.966666667
294,waymo_raw data,1,1,1,1,0.763636364,1,0.582765171,0.683719019,0.537480958,1,0.966666667
295,waymo_raw data,1,1,1,1,0.8,1,0.567272755,0.15082518,0.562358818,1,0.766666667
296,waymo_raw data,1,1,1,1,0.520833333,1,0.749182986,0.813430965,0.168521421,1,0.933333333
297,waymo_raw data,1,1,1,0.975609756,0.925,1,0.58298813,0.743896076,0.592081354,1,0.933333333
298,waymo_raw data,1,1,0.966666667,0.416666667,0.428571429,1,0.293826868,0.918682637,0.442436588,1,0.966666667
299,waymo_raw data,1,1,1,1,0.625,1,0.675087069,0.276964389,0.528411629,1,0.833333333
300,waymo_raw data,1,1,1,0.913043478,0.575757576,1,0.603102294,0.529970122,0.130823472,0.9344231,0.766666667
301,waymo_raw data,1,1,1,0.675675676,0.542857143,1,0.574468487,0.887719199,0.838569309,1,0.766666667
302,waymo_raw data,1,0.050388112,1,1,0.945945946,1,0.554721587,0.093357556,0.948094776,1,0.133333333
303,waymo_raw data,1,0.051922659,1,1,0.678571429,1,0.556857852,0.317556924,0.224568163,0.774515824,0.266666667
304,waymo_raw data,1,1,0.925925926,1,0.673076923,1,0.746061145,0.840641586,0.606707456,1,0.6
305,waymo_raw data,1,1,0.983606557,0.885245902,0.457142857,1,0.668521703,0.760911344,0.569842332,1,0.466666667
306,waymo_raw data,1,1,1,1,0.555555556,1,0.638428118,0.738422522,0.613008911,1,0.9
307,waymo_raw data,1,0.108500554,1,1,0.666666667,1,0.225629938,0.246583042,0.460921412,1,0.2
308,waymo_raw data,1,0.10752843,1,1,0.526315789,1,0.225739545,0.24762662,0.255954746,1,0.233333333
309,waymo_raw data,1,1,0.906976744,0.76744186,0.693548387,1,0.611466985,0.63910194,0.11547124,0.931297006,0.666666667
310,waymo_raw data,1,1,1,1,0.534883721,1,0.741275356,0.792243671,0.619673868,1,0.866666667
311,waymo_raw data,1,1,1,0.973684211,0.46875,1,1,0.520982901,0.65642516,1,0.733333333
312,waymo_raw data,1,1,1,1,0.424242424,1,0.508227657,0.68246438,0.557504599,1,0.933333333
313,waymo_raw data,1,0.051922659,1,1,0.6,1,0.556857852,0.445539968,0.236459236,0.892374143,0.233333333
314,waymo_raw data,1,1,1,0.913043478,0.767857143,1,0.378079714,0.327161259,0.988571953,1,0.766666667
315,waymo_raw data,1,0.115671616,1,1,0.90625,1,0.225629938,0.281732761,0.462064492,1,0.266666667
316,waymo_raw data,1,1,1,1,0.648648649,1,0.605924752,0.850044613,0.604368259,1,0.866666667
317,waymo_raw data,1,0.067609958,0.901639344,1,0.578947368,1,0.351756753,0.381213706,0.198907903,0.884222122,0.2
318,waymo_raw data,0.964740047,1,0.796296296,1,0.6,1,0.775895301,0.838960592,0.414324115,1,0.533333333
319,waymo_raw data,1,1,1,0.94,0.545454545,1,0.700910173,0.730116084,0.949957478,0.996467371,0.766666667
320,waymo_raw data,1,1,0.871794872,1,0.787234043,1,0.689658246,0,0.571007452,1,1
321,waymo_raw data,1,1,1,0.9,0.425,1,0.629004983,0.713847578,0.806449743,1,0.9
322,waymo_raw data,1,1,1,1,0.289473684,1,0.73675783,0.843559231,0.531969168,1,0.966666667
323,waymo_raw data,0.04699368,0.603505575,1,1,0.607142857,1,0.888894101,0.145413509,0.0922425,1,0.266666667
324,waymo_raw data,1,1,0.881355932,1,0.612903226,1,0.533015001,0.120827629,0.492618953,1,0.733333333
325,waymo_raw data,0.964740047,1,0.78,1,0.911111111,1,0.768441444,0.831528682,0.510913858,1,0.433333333
326,waymo_raw data,0.041388975,0.061544179,0.923076923,0.25,0.626865672,0.653846154,0.179102874,0.292707516,0.489267214,0.860571772,0.233333333
327,waymo_raw data,1,1,0.971014493,0,0.631578947,1,0.664045318,0.846856946,0.469941579,1,0.833333333
328,waymo_raw data,1,1,1,1,0.903846154,1,0.555931152,0.092347274,0.959876401,0.993555872,0.8
329,waymo_raw data,1,0.517368444,0.951219512,1,0.568627451,1,1,1,0.34841652,1,0.566666667
330,waymo_raw data,0.049060137,0.057902194,0.882352941,0.784313725,0.618181818,1,0.669190124,0.823352525,0.245010281,0.915300791,0.366666667
331,waymo_raw data,1,1,0.914893617,1,0.637931034,1,0.728346846,0.757100684,0.362798147,1,0.933333333
332,waymo_raw data,1,1,1,1,0.770491803,1,0.733767922,0.819160923,0.615437529,1,0.933333333
333,waymo_raw data,1,0.058601206,1,1,0.466666667,1,0.319580742,0.952591059,0.426325543,0.995810481,0.233333333
334,waymo_raw data,1,1,0.983870968,1,0.574468085,1,0.653960415,0.768370592,0.409591527,1,0.866666667
335,waymo_raw data,1,1,1,0.976190476,0.6875,1,0.478355278,0.680219538,0.412208504,1,0.733333333
336,waymo_raw data,1,1,1,1,0.631578947,1,0.715367559,0.76402548,0.887421449,1,0.9
337,waymo_raw data,1,1,1,1,0.711864407,1,0.781695387,0.840381863,0.544829584,1,0.933333333
338,waymo_raw data,1,1,0.981132075,0.528301887,0.882352941,1,0.618744956,0.733395743,0.428722317,1,0.566666667
339,waymo_raw data,1,1,0.961538462,1,0.976190476,1,0.709023386,0.757025768,0.934172014,1,0.7
340,waymo_raw data,1,1,1,0.98245614,0.357142857,1,0.634246738,0.458269205,0.866787059,0.976386919,0.8
341,waymo_raw data,1,1,1,1,0.659090909,1,0.681861958,0.794597293,0.141836798,1,0.933333333
342,waymo_raw data,1,1,1,0.953488372,0.852941176,1,0.667419164,0.718841584,0.605248852,1,0.766666667
343,waymo_raw data,1,0.205152843,1,1,0.4,1,0.554481592,0.940646217,0.994007871,0.972134394,0.633333333
344,waymo_raw data,1,0.050237174,0.808510638,0.765957447,0.872727273,1,0.50550247,0.761662848,0.366709244,0.986634994,0.233333333
345,waymo_raw data,1,0.050792834,1,0.754385965,0.534883721,1,0.437562255,0.485219832,0.996734217,1,0.266666667
346,waymo_raw data,1,0.050792834,0.549019608,0.960784314,0.659090909,1,0.850659913,1,0.030514917,1,0.35
347,waymo_raw data,1,1,1,1,0.675675676,1,0.652926489,0.717315216,0.014948281,1,0.933333333
348,waymo_raw data,1,1,1,1,0.395348837,1,0.741227225,0,0.899209313,1,0.833333333
349,waymo_raw data,1,1,1,1,0.655172414,1,0.730273656,0.791040404,0.545873957,1,0.8
350,waymo_raw data,0.082530596,0.051354639,1,0.6,0.677966102,1,0.239961434,0.237923198,0.017634607,1,0.366666667
351,waymo_raw data,1,1,1,1,0.785714286,1,0.499002687,0.130455455,0.095443669,1,0.8
352,waymo_raw data,1,1,1,0.849056604,0.811320755,1,0.678189136,0.856628372,0.125625491,1,0.733333333
353,waymo_raw data,1,0.339595526,0.9375,0.71875,0.927272727,1,1,1,0.645508921,1,0.333333333
354,waymo_raw data,1,1,0.641025641,1,0.857142857,1,0.651244748,0.911785971,0.401036186,1,0.666666667
355,waymo_raw data,0.034541671,1,0.7,1,0.564102564,1,0.388607288,1,0.348170665,1,0.866666667
356,waymo_raw data,1,0.059249378,1,1,0.291666667,1,0.272102615,0.289577479,0.495091289,1,0.233333333
357,waymo_raw data,1,1,1,1,0.827586207,1,0.720201446,0.512387292,0.126554781,1,0.9
358,waymo_raw data,1,1,1,1,0.581395349,1,0.73367741,0.809779255,0.541764317,1,0.9
359,waymo_raw data,1,1,0.966101695,0.559322034,0.549019608,1,0.679149912,0.79499897,0.400096887,1,0.866666667
360,waymo_raw data,1,1,1,1,0.679245283,1,0.778213437,0.832957241,0.576109006,1,0.866666667
361,waymo_raw data,1,1,1,1,0.833333333,1,0.728984251,0.710370461,0.53417298,1,0.866666667
362,waymo_raw data,1,1,1,1,0.933333333,1,0.778213437,0.832957241,0.576109006,1,0.866666667
363,waymo_raw data,1,1,1,0.980392157,0.682926829,1,0.464274641,0.853032104,0.447302782,1,0.966666667
364,waymo_raw data,0.315239,0.082084999,0.58974359,0.256410256,0.063829787,1,0.771597157,0.182003484,0.775049761,1,0.333333333
365,waymo_raw data,1,1,0.416666667,0.25,0.034482759,0.861111111,0.221489486,0.831653292,0.006759672,1,0.666666667
366,waymo_raw data,1,0.570067787,0.651162791,0.395348837,0.029411765,1,0.326605325,0.39429245,0.016350433,1,0.533333333
367,waymo_raw data,1,0.564960196,0.702702703,0.351351351,0.05,1,0.845487653,0.404740001,0.127290842,0.9795613,0.666666667
368,waymo_raw data,1,0.233633881,0.642857143,0.452380952,0.056603774,0.952380952,0.275076497,0.376734197,0.437266403,1,0.5
369,waymo_raw data,1,0.100761393,0.375,0.5,0.090909091,1,0.633489745,0.243943245,0.231110692,1,0.266666667
370,waymo_raw data,0.021932606,0.061852671,0.576923077,0.403846154,0.024390244,1,0.222118415,0.317382394,0.072810111,0.936250407,0.266666667
371,waymo_raw data,0.421220988,0.05447573,0.923076923,0.641025641,0.263157895,1,0.230479031,0.108850376,0.100374084,1,0.666666667
372,waymo_raw data,0.040283443,0.110581774,0.487179487,0.256410256,0.076923077,1,0.204475276,0.418426102,0.429449522,1,0.433333333
373,waymo_raw data,1,0.28593236,0.612903226,0.677419355,0.027027027,1,0.235882152,0.35107661,0.025255342,1,0.533333333
374,waymo_raw data,0.110763683,1,0.692307692,0.435897436,0.12195122,1,0.361982812,0.629734905,0.285292204,1,0.633333333
375,waymo_raw data,0.090054558,0.178887171,0.236842105,0.526315789,0.024390244,1,0.166667334,0.347272868,0.149405294,0.961827654,0.366666667
376,waymo_raw data,1,1,0.5,0.411764706,0.081081081,0.970588235,1,0.440571238,0.999924925,1,0.6
377,waymo_raw data,1,1,0.461538462,0.307692308,0.27027027,1,0.894780625,0.173462445,0.813766266,0.989122017,0.766666667
378,waymo_raw data,0.032535362,0.186187695,0.70212766,0.063829787,0.086956522,0.829787234,0.445707973,0.157125383,0.626779457,1,0.533333333
379,waymo_raw data,0.162472247,0.755028335,0.5,0.326086957,0.041666667,0.956521739,0.26169267,0.455568822,0.173713267,0.827647962,0.533333333
380,waymo_raw data,0.121174454,0.05244449,0.186046512,0.325581395,0.088888889,1,0.257114715,0.264200632,0.061887021,1,0.4
381,waymo_raw data,0.494833736,1,0.425,0.5,0.0625,0.975,1,0.195824576,0.045743446,1,0.433333333
382,waymo_raw data,1,1,0.457142857,0.514285714,0.054545455,1,0.577446103,0.326476645,0.525146102,0.931278899,0.766666667
383,waymo_raw data,0.06814258,0.404137545,0.303030303,0.272727273,0.043478261,1,1,0.399318094,0.011860642,0.899524144,0.7
384,waymo_raw data,0.101816169,0.409835262,0.512820513,0.282051282,0.19047619,1,0.530419662,0.190244226,0.462854402,1,0.5
385,waymo_raw data,1,0.300893168,0.45,0.375,0.048780488,0.85,0.168597075,0.839136993,0.999984337,0.999268843,0.533333333
386,waymo_raw data,1,0.16546427,0.37254902,0.31372549,0.255813953,0.921568627,0.313436216,0.260158922,0.236737661,1,0.4
387,waymo_raw data,1,0.246843684,0.448979592,0.326530612,0.058823529,0.979591837,0.150095882,0.483485285,0.9986273,0.97080612,0.466666667
388,waymo_raw data,1,0.212885674,0.620689655,0.551724138,0.021276596,1,0.522357124,0.545405653,0.150261092,1,0.633333333
389,waymo_raw data,1,0.341981034,0.448979592,0.244897959,0.076923077,1,0.863586278,0.409987977,0.315391689,0.905551736,0.633333333
390,waymo_raw data,1,0.180685017,0.380952381,0.333333333,0.071428571,0.904761905,0.275870095,0.253172771,0.016672783,1,0.533333333
391,waymo_raw data,1,0.62688009,0.590909091,0.522727273,0.041666667,0.977272727,1,0.23849077,0.490403103,0.995236003,0.7
392,waymo_raw data,1,0.209506608,0.583333333,0.305555556,0,1,0.672365093,0.263943342,0.544014455,1,0.6
393,waymo_raw data,1,0.050894521,0.409090909,0.522727273,0.043478261,0.954545455,1,0.316598571,0.259808447,0.996829853,0.433333333
394,waymo_raw data,0.064647501,0.06360902,0.4375,0.375,0.06,1,0.716337095,0.238645851,0.786838565,1,0.433333333
395,waymo_raw data,0.139398292,1,0.484848485,0.333333333,0.075,0.96969697,1,0.115134349,0.621580137,1,0.633333333
396,waymo_raw data,0.315239,0.085520429,0.615384615,0.282051282,0.2,1,0.771524249,0.181802588,0.77425781,1,0.3
397,waymo_raw data,1,0.185629969,0.581395349,0.441860465,0.106382979,0.976744186,1,0.199922425,0.507639514,1,0.633333333
398,waymo_raw data,1,0.195538107,0.743589744,0.512820513,0.048780488,0.769230769,0.275704363,0.574108408,0.022466289,1,0.433333333
399,waymo_raw data,1,1,0.418604651,0.255813953,0.11627907,1,0.883741077,0.217069231,0.572904444,0.968985489,0.7
400,waymo_raw data,0.244828201,1,0.564102564,0.58974359,0.15625,0.974358974,1,0.199403258,0.574788187,1,0.566666667
401,waymo_raw data,0.200627291,1,0.435897436,0.358974359,0,0.974358974,1,0.151259805,0.302659738,1,0.333333333
402,waymo_raw data,1,0.424433475,0.658536585,0.56097561,0.057142857,0.975609756,0.639514925,0.295258583,0.253406857,1,0.433333333
403,waymo_raw data,1,0.076306283,0.738095238,0.285714286,0.086956522,0.547619048,0.173154046,0.355503531,0.242409675,1,0.433333333
404,waymo_raw data,1,0.233633881,0.619047619,0.452380952,0.02173913,0.952380952,0.275076497,0.376734197,0.437266403,1,0.433333333
405,waymo_raw data,1,0.064184085,0.367346939,0.244897959,0.023255814,0.755102041,0.589251821,0.614089749,0.474217214,0.901302674,0.266666667
406,waymo_raw data,1,0.055798963,0.377777778,0.222222222,0.108108108,0.777777778,0.582002007,0.604287553,0.301655485,1,0.4
407,waymo_raw data,0.024771281,0.063102178,0.480769231,0.711538462,0.108695652,1,0.375159201,0.889631889,0.816501112,0.985314546,0.266666667
408,waymo_raw data,0.421220988,0.05447573,0.948717949,0.641025641,0,1,0.230479031,0.108850376,0.853394606,1,0.733333333
409,waymo_raw data,0.009034409,0.06521929,0.076923077,0.102564103,0.081081081,0.435897436,0.228005144,0.202283001,0.314946132,1,0.016666667
410,waymo_raw data,1,0.282239296,0.641025641,0.307692308,0.166666667,0.743589744,0.319267645,0.745942912,0.011451368,0.994471976,0.6
411,waymo_raw data,1,0.194562856,0.666666667,0.314814815,0.06122449,0.685185185,0.297563736,0.432449258,0.028411409,0.853426514,0.466666667
412,waymo_raw data,0.04966796,0.170162741,0.348837209,0.372093023,0.102564103,1,0.530502092,0.324075165,0.792930168,1,0.233333333
413,waymo_raw data,0.115945684,0.199089661,0.452380952,0.642857143,0.026315789,1,0.42623039,0,0.2148683,1,0.533333333
414,waymo_raw data,1,0.209506608,0.55,0.325,0.027027027,1,0.676965243,0.276369975,0.043618959,1,0.7
415,waymo_raw data,1,0.052865729,0.581818182,0.509090909,0.230769231,0.981818182,1,0.354112037,0.466085915,0.874143217,0.566666667
416,waymo_raw data,0.342645907,0.078159787,0.55,0.175,0.24137931,1,0.325904541,0.140606747,0.419887756,1,0.266666667
417,waymo_raw data,0.035024742,1,0.490566038,0.452830189,0.042553191,1,1,0,0.461956601,1,0.366666667
418,waymo_raw data,1,0.079103354,0.769230769,0,0.023255814,0.717948718,0.397462831,0.215615161,0.946247269,1,0.233333333
419,waymo_raw data,0.018658093,0,0,0.020194482,0,0,0,0,0,0,0.016666667
420,waymo_raw data,0.092730566,0.151071809,0.5,0.523809524,0.060606061,1,0.290757017,0.117564193,0.040908721,1,0.433333333
421,waymo_raw data,1,0.240508463,0.411764706,0.529411765,0.068181818,1,0.630712233,0.92970121,0.012787983,0.951702522,0.6
422,waymo_raw data,1,1,0.43902439,0.43902439,0.051724138,0.975609756,1,0.305010309,0.439953733,0.995686347,0.866666667
423,waymo_raw data,1,0.185073914,0.411764706,0.352941176,0.026315789,1,0.479523883,0.884310234,0.918231935,0.998304708,0.533333333
424,waymo_raw data,1,0.228321627,0.489361702,0.510638298,0.219512195,0.85106383,0.229724406,0.457401644,0.228263445,0.950023463,0.6
425,waymo_raw data,0.115945684,0.335544733,0.53125,0.625,0.157894737,1,0.362086716,0,0.923228206,1,0.6
426,waymo_raw data,1,1,0.368421053,0.236842105,0.022727273,1,1,0.305583689,0.674564814,0.978929264,0.566666667
427,waymo_raw data,1,0.050488989,0.372093023,0.465116279,0.074074074,1,0.352839381,0.10961523,0.373958008,1,0.5
428,waymo_raw data,1,0.102181974,0.333333333,0.307692308,0.107142857,1,0.860880229,0.184238672,0.224063126,1,0.3
429,waymo_raw data,1,0.240268075,0.454545455,0.545454545,0.307692308,1,0.630732995,0.923112762,0.016244582,0.964079066,0.566666667
430,waymo_raw data,0.576870646,0.0624743,0.5,0.113636364,0.083333333,0.5,0.270031974,0.537776009,0.292797164,1,0.033333333
431,waymo_raw data,0.182073498,0.268474323,0.612903226,0.419354839,0.03125,1,0.127536216,0.667460199,0.50447358,1,0.633333333
432,waymo_raw data,0.200627291,1,0.435897436,0.384615385,0.162162162,0.974358974,1,0.151259805,0.302659738,1,0.266666667
433,waymo_raw data,1,1,0.575757576,0.454545455,0.161290323,0.96969697,1,0.157936153,0.353782243,1,0.633333333
434,waymo_raw data,1,0.163654137,0.610169492,0.237288136,0.268292683,1,0.736310342,0.793707147,0.999950836,0.986618937,0.4
435,waymo_raw data,1,0.071934449,0.52173913,0.086956522,0.083333333,0.260869565,0.267476527,0.30235269,0.71373213,1,0.2
436,waymo_raw data,1,0.173600256,0.5,0.452380952,0.03030303,0.976190476,1,0.41303188,0.126095536,0.973359411,0.633333333
437,waymo_raw data,1,0.109591003,0.385964912,0.280701754,0.032258065,1,0.810578184,0.236625463,0.421070999,1,0.266666667
438,waymo_raw data,1,0.191857955,0.654545455,0.309090909,0.024390244,0.690909091,0.300272541,0.311569074,0.154215214,0.897873042,0.433333333
439,waymo_raw data,1,0.223800556,0.511627907,0.23255814,0.069767442,0.697674419,0.401101469,0.486331438,0.347665902,1,0.4
440,waymo_raw data,0.315239,0.082084999,0.58974359,0.256410256,0.375,1,0.771597157,0.228853467,0.775049761,1,0.333333333
441,waymo_raw data,1,0.050488989,0.372093023,0.465116279,0.066666667,1,0.352839381,0.10961523,0.373958008,1,0.566666667
442,waymo_raw data,1,0.057786505,0.62,0.42,0.135135135,0.74,1,0.070882066,0.576840643,1,0.233333333
443,waymo_raw data,0.493092739,0.057786505,0.602409639,0.373493976,0.285714286,0.722891566,1,0.093865168,0.576840643,1,0.033333333
444,waymo_raw data,1,0.20556356,0.408163265,0.571428571,0,1,0.471654843,1,0.101690605,1,0.4
445,waymo_raw data,1,0.0501368,0.43902439,0.195121951,0.096774194,1,0.804567853,0.287153259,0.635509964,1,0.5
446,waymo_raw data,1,0.323679969,0.333333333,0.121212121,0.282051282,0.727272727,0.341073067,1,0.187609819,0.825942418,0.5
447,waymo_raw data,0.827441581,0.221130998,0.709677419,0.548387097,0.042553191,1,0.125779024,0.403187119,0.02049038,0.928672288,0.6
448,waymo_raw data,0.092730566,0.151071809,0.5,0.523809524,0.093023256,1,0.290757017,0.117564193,0.040908721,1,0.433333333
449,waymo_raw data,1,1,0.422222222,0.266666667,0,1,0.880084749,0.175293845,0.311518425,0.967550203,0.733333333
450,waymo_raw data,1,1,0.372093023,0.465116279,0,0.976744186,1,0.785396278,0.99997854,0.981246931,0.633333333
451,waymo_raw data,1,0.715338086,0.409090909,0.340909091,0.076923077,1,0.456446907,0.177789691,0.309879414,0.972887184,0.7
452,waymo_raw data,0.046735552,0.646617726,0.275862069,0.344827586,0.023809524,0.965517241,1,0.257624944,0.498510165,1,0.433333333
453,waymo_raw data,1,0.156140349,0.613636364,0.113636364,0.06122449,0.522727273,0.254884241,0.269714304,0.331252342,1,0.533333333
454,waymo_raw data,0.070045694,0.076001667,0.428571429,0.523809524,0.22,1,0.240084159,0.425878309,0.092269512,1,0.266666667
455,waymo_raw data,1,0.210978299,0.744186047,0.279069767,0.027777778,0.558139535,0.237196165,0.46805071,0.013568331,0.894335559,0.5
456,waymo_raw data,1,0.204333871,0.738095238,0.333333333,0.068181818,0.69047619,0.438030952,0.678301003,0.997494697,0.918789743,0.6
457,waymo_raw data,0.119127058,0.082002955,0.5,0.652173913,0.193548387,1,0.590157208,0.204059757,0.248970834,1,0.3
458,waymo_raw data,1,0.43911234,0.326530612,0.408163265,0.047619048,1,0.818907961,0.319110575,0.331806499,0.955329547,0.733333333
459,waymo_raw data,1,0.232468627,0.377777778,0.222222222,0.054054054,0.733333333,1,0.61877709,0.999967588,0.971196623,0.433333333
460,waymo_raw data,0.003027555,1,0.56,0.62,0.040816327,0.92,1,0.210917387,0.962178404,1,0.266666667
461,waymo_raw data,0.037475107,0.150468729,0.484848485,0.696969697,0,1,0.154335695,0.254217531,0.922245929,1,0.566666667
462,waymo_raw data,1,0.286218435,0.4375,0.1875,0.081081081,0.65625,0.548903777,0.742684869,0.006741885,0.994937405,0.633333333
463,waymo_raw data,1,0.148228541,0.461538462,0.282051282,0.068181818,0.435897436,0.187901152,0.733878063,0.751475457,1,0.533333333
464,waymo_raw data,1,0.300893168,0.5,0.342105263,0.536585366,0.842105263,0.163241106,0.835059405,0.999996623,0.986123305,0.533333333
465,waymo_raw data,0.003027555,1,0.674418605,0.558139535,0.125,0.697674419,1,0,0.641473114,1,0.4
466,waymo_raw data,1,0.731981528,0.517857143,0.357142857,0.068181818,0.839285714,0.679207547,0.904542211,0.293618794,0.947000286,0.6
467,waymo_raw data,1,0.066271191,0.475,0.3,0.047619048,0.525,0.364781175,0.503161261,0.268917018,1,0.233333333
468,waymo_raw data,0.182073498,0.310056729,0.65,0.525,0.22,0.975,1,0.486769314,0.937081406,1,0.533333333
469,waymo_raw data,1,1,0.428571429,0.30952381,0.04,0.880952381,0.204375088,0.846509937,0.006757429,1,0.566666667
470,waymo_raw data,0.105023011,0.150769967,0.442307692,0.480769231,0.217391304,1,0.600718001,0.157853239,0.077633395,1,0.433333333
471,waymo_raw data,1,0.796920782,0.520833333,0.4375,0.022222222,0.9375,1,0.974456305,0.254738479,0.976642583,0.5
472,waymo_raw data,1,0.109591003,0.385964912,0.280701754,0.189189189,1,0.810578184,0.236625463,0.042310453,1,0.233333333
473,waymo_raw data,1,0.695586433,0.354166667,0.25,0,0.979166667,0.585676892,0.965802507,0.009608752,0.973815756,0.633333333
474,waymo_raw data,0.003027555,0.052865729,0.333333333,0.212121212,0.05,0.484848485,0.943870696,0.785100038,0.991644625,1,0.233333333
475,waymo_raw data,0.067370671,0.058718526,0.285714286,0.523809524,0.071428571,1,0.660526984,0.360908502,0.073632061,1,0.3
476,waymo_raw data,0.04966796,0.175169711,0.363636364,0.363636364,0.222222222,1,0.527854796,0.329846775,0.793235884,1,0.266666667
477,waymo_raw data,1,0.135335283,0.464285714,0.535714286,0.052631579,1,1,0.326686859,0.435622942,0.973722396,0.533333333
478,waymo_raw data,1,0.072222763,0.25,0.472222222,0.066666667,1,0.658001278,0.165147476,0.178621831,1,0.166666667
479,waymo_raw data,0.070164667,0.074422274,0.369565217,0.543478261,0.0625,1,0.77293756,0.241280872,0.690964318,1,0.4
480,waymo_raw data,0.15614968,1,0.333333333,0.4,0.051282051,0.977777778,1,0.19738295,0.140084614,1,0.433333333
481,waymo_raw data,0.053510211,0.808964698,0.317073171,0.390243902,0.095238095,0.951219512,0.378069746,0.571219689,0.007375605,1,0.633333333
482,waymo_raw data,0.052290206,0.050388112,0.58974359,0.564102564,0.063829787,1,0.634592889,0,0.264061925,1,0.366666667
483,waymo_raw data,1,0.057326058,0.434782609,0.369565217,0.027027027,1,0.439862013,0,0.633464733,0.829237665,0.233333333
484,waymo_raw data,1,1,0.461538462,0.487179487,0.026315789,1,0.236328381,0.708374845,0.007540127,0.872140384,0.666666667
485,waymo_raw data,1,1,0.615384615,0.435897436,0.027027027,0.974358974,1,0.455426862,0.020127036,1,0.8
486,waymo_raw data,1,0.938943474,0.777777778,0.444444444,0.045454545,1,0.406128979,0.433505242,0.191395739,0.814395449,0.533333333
487,waymo_raw data,0.041589919,0.12063329,0.442307692,0.519230769,0.027777778,1,0.276361291,0.106756559,0.049638035,1,0.366666667
488,waymo_raw data,1,0.567224562,0.673913043,0.434782609,0.088235294,0.891304348,0.380941458,0.969400027,0.339992719,0.98088388,0.733333333
489,waymo_raw data,0.057848757,0.223800556,0.307692308,0.41025641,0.068965517,0.897435897,1,0.429398054,0.999834893,1,0.4
490,waymo_raw data,0.148419738,0.054366887,0.785714286,0.767857143,0.081081081,1,0.569919667,0.30274386,0.224602991,0.92175593,0.266666667
491,waymo_raw data,0.031989939,0.325627887,0.625,0.025,0.047619048,0.875,0.470054567,0.154094008,0.631506411,1,0.6
492,waymo_raw data,1,0.557663246,0.5,0.575,0.268292683,0.975,1,0.334754412,0.008869514,0.986055024,0.533333333
493,waymo_raw data,1,0.302401402,0.345454545,0.218181818,0.09375,0.872727273,0.553411592,0.835896223,0.326612835,0.928456658,0.666666667
494,waymo_raw data,1,0.289384218,0.282051282,0.384615385,0.196078431,1,0.404155811,1,0.984417795,0.926614012,0.366666667
495,waymo_raw data,1,0.161378942,0.692307692,0.634615385,0.162162162,0.980769231,1,0.355832978,0.413283049,0.947519031,0.633333333
496,waymo_raw data,0.244824236,1,0.538461538,0.538461538,0.025641026,0.974358974,1,0.200875165,0.574731061,1,0.7
497,waymo_raw data,1,0.195538107,0.743589744,0.512820513,0.142857143,0.769230769,0.275704363,0.574108408,0.022466289,1,0.433333333
498,waymo_raw data,0.046735552,0.646617726,0.275862069,0.344827586,0.068181818,0.965517241,1,0.257624944,0.498153932,0.974006679,0.466666667
499,waymo_raw data,1,1,0.45,0.35,0.078947368,0.975,1,0.034844834,0.049357452,0.883184833,0.733333333
500,waymo_raw data,1,1,0.475,0.3,0.046511628,1,0.398642024,0.180217068,0.523462428,1,0.7
501,waymo_raw data,1,0.180685017,0.380952381,0.333333333,0,0.904761905,0.275870095,0.253172771,0.016672783,1,0.6
502,waymo_raw data,1,0.050894521,0.409090909,0.522727273,0.275,0.954545455,1,0.316598571,0.259808447,0.990697103,0.433333333
503,waymo_raw data,0.311200533,0.239788019,0.575,0.275,0.395833333,1,0.872139828,0,0.76196754,1,0.566666667
504,waymo_raw data,0.003027555,1,0.56,0.62,0.111111111,0.92,1,0.210917387,0.962178404,1,0.016666667
505,waymo_raw data,1,0.228321627,0.468085106,0.510638298,0.1,0.85106383,0.229724406,0.523928189,0.250304713,0.950023463,0.533333333
506,waymo_raw data,0.076360624,0.0501368,0.69047619,0.642857143,0,1,0.627920839,0.141668028,0.107115052,1,0.3
507,waymo_raw data,1,0.323679969,0.333333333,0.121212121,0.074074074,0.727272727,0.341073067,1,0.187609819,0.825942418,0.466666667
508,waymo_raw data,1,0.126059659,0.405405405,0.324324324,0.025641026,1,1,0.414818587,0.199040238,0.99908497,0.633333333
509,waymo_raw data,1,0.364948146,0.7,0.7,0.074074074,1,0.630971966,0.701897713,0.993564153,0.980211739,0.7
510,waymo_raw data,1,0.731981528,0.535714286,0.339285714,0,0.839285714,0.679207547,0.904542211,0.293618794,0.947000286,0.6
511,waymo_raw data,1,0.173600256,0.52173913,0.52173913,0.054054054,0.97826087,1,0.427338284,0.297385827,0.969471849,0.6
512,waymo_raw data,1,0.745276491,0.461538462,0.564102564,0.106382979,0.923076923,0.345240842,0.616389749,0.129513394,0.995390881,0.633333333
513,waymo_raw data,1,0.054095731,0.489795918,0.285714286,0.066666667,0.612244898,0.427588171,0.127863866,0.054627059,1,0.133333333
514,waymo_raw data,1,0.281675382,0.5,0.285714286,0.093023256,0.69047619,0.378088533,0.409136054,0.013862308,0.958608555,0.433333333
515,waymo_raw data,0.080802626,0.411477886,0.710526316,0.289473684,0.263157895,0.973684211,0.140036595,0.004519547,0.997933908,1,0.433333333
516,waymo_raw data,1,1,0.45,0.35,0.066666667,0.975,1,0.032388352,0.049357452,0.883184833,0.666666667
517,waymo_raw data,0.070164667,0.074422274,0.369565217,0.543478261,0.026315789,1,0.77293756,0.241280872,0.690964318,1,0.3
518,waymo_raw data,1,0.282239296,0.641025641,0.307692308,0.285714286,0.743589744,0.319267645,0.745942912,0.011451368,0.994471976,0.666666667
519,waymo_raw data,0.080802626,0.452938013,0.704545455,0.227272727,0.042553191,0.931818182,0.144266193,0.001574474,0.254974845,1,0.533333333
520,waymo_raw data,1,0.054095731,0.489795918,0.285714286,0.11627907,0.612244898,0.427588171,0.161023344,0.054627059,1,0.133333333
521,waymo_raw data,1,0.194562856,0.666666667,0.314814815,0,0.685185185,0.297563736,0.378758843,0.028411409,0.853426514,0.5
522,waymo_raw data,1,1,0.555555556,0.266666667,0.044444444,0.933333333,0.53318877,1,0.008415887,0.942793286,0.633333333
523,waymo_raw data,0.032535362,0.186187695,0.70212766,0.063829787,0.06122449,0.829787234,0.445707973,0.139523428,0.626779457,1,0.4
524,waymo_raw data,0.010120143,0.049986615,0.411764706,0.37254902,0.236842105,0.980392157,0.636659119,0,0.605885107,1,0.366666667
525,waymo_raw data,1,0.202503117,0.685714286,0.314285714,0.473684211,1,0.896257414,0.077301803,0.499571905,0.965387935,0.633333333
526,waymo_raw data,0.003027555,0.053237087,0.619047619,0.571428571,0.032258065,0.80952381,1,0.753112554,0.996038853,1,0.266666667
527,waymo_raw data,1,1,0.75,0.527777778,0.024390244,1,0.630311695,0.774360957,0.999977997,1,0.766666667
528,waymo_raw data,1,0.246843684,0.448979592,0.326530612,0.081081081,0.979591837,0.150095882,0.483485285,0.9986273,0.97080612,0.366666667
529,waymo_raw data,1,0.076306283,0.738095238,0.285714286,0.034482759,0.547619048,0.173154046,0.355503531,0.242409675,1,0.4
530,waymo_raw data,0.139627855,0.216103029,0.53125,0.65625,0.052631579,1,0.774264298,0.140050142,0.77858808,0.970786205,0.766666667
531,waymo_raw data,0.009034409,0.06521929,0.076923077,0.102564103,0.085106383,0.435897436,0.228005144,0.202283001,0.314946132,1,0.266666667
532,waymo_raw data,0.05679873,0.051974607,0.4375,0.5625,0,1,0.465133547,0.287083467,0.448954722,0.839730027,0.633333333
533,waymo_raw data,0.079276786,1,0.58974359,0.564102564,0.1,0.974358974,1,0.43856993,0.649795948,1,0.366666667
534,waymo_raw data,1,0.224024468,0.288888889,0.266666667,0.275,0.644444444,0.41354935,0.709851347,0.007030771,0.64039648,0.566666667
535,waymo_raw data,1,1,0.642857143,0.452380952,0.05,0.976190476,1,0.211427515,0.367243541,0.857154327,0.533333333
536,waymo_raw data,1,0.233633881,0.642857143,0.452380952,0.024390244,0.952380952,0.275076497,0.376734197,0.437266403,1,0.433333333
537,waymo_raw data,0.263429608,0.082413996,0.465116279,0.348837209,0.214285714,0.930232558,0.675641888,0.233766292,0.242421977,0.833171599,0.233333333
538,waymo_raw data,1,0.050894521,0.409090909,0.522727273,0.078947368,0.954545455,1,0.316598571,0.259808447,0.996829853,0.4
539,waymo_raw data,0.110763683,1,0.692307692,0.435897436,0.026315789,1,0.361982812,0.629734905,0.285292204,1,0.666666667
540,waymo_raw data,0.067468363,0.16880687,0.341463415,0.43902439,0.076923077,1,0.215381392,0.536740926,0.885528987,0.960278087,0.533333333
541,waymo_raw data,0.088648713,0.183415722,0.43902439,0.536585366,0.086956522,1,0.448757877,0.435025236,0.570249947,0.976996188,0.566666667
542,waymo_raw data,1,1,0.166666667,0.233333333,0.026315789,1,0.691785437,0.333919535,0.267865938,0.974167472,0.566666667
543,waymo_raw data,1,0.167629348,0.5,0.411764706,0.023809524,0.941176471,1,0.394129767,0.201064194,0.997358372,0.533333333
544,waymo_raw data,1,0.326279795,0.4,0.022222222,0,1,0.39451715,0.52125829,0.009824811,0.917351049,0.533333333
545,waymo_raw data,1,0.300893168,0.45,0.375,0.0625,0.85,0.168597075,0.839136993,0.999902547,0.991631991,0.566666667
546,waymo_raw data,1,0.304830315,0.463414634,0.463414634,0.275,1,1,0.151552222,0.013420707,0.996193499,0.566666667
547,waymo_raw data,1,1,0.619047619,0.428571429,0.068965517,0.976190476,1,0.134210729,0.367243541,0.99507008,0.6
548,waymo_raw data,1,0.235981941,0.5,0.166666667,0.12,0.5,0.404251215,0.723171709,1,1,0.533333333
549,waymo_raw data,0.024771281,0.063102178,0.480769231,0.711538462,0.526315789,1,0.375159201,0.958650426,0.816501112,1,0.266666667
550,waymo_raw data,0,0.041527798,0,0.038903604,0,0,0,0,0.017970863,0,0.066666667
551,waymo_raw data,1,0.331210882,0.510638298,0.510638298,0.074074074,1,0.857632645,0,0.479387018,0.997190863,0.733333333
552,waymo_raw data,0.115945684,0.180865793,0.468085106,0.638297872,0.048780488,1,0.457474656,0,0.20224784,1,0.6
553,waymo_raw data,0.078446245,0.257174612,0.574468085,0.340425532,0.06122449,0.829787234,0.238505987,0.479828167,0.905286669,1,0.5
554,waymo_raw data,1,0.755028335,0.515151515,0.151515152,0.1875,0.939393939,0.212351421,0.528816736,0.006752479,1,0.433333333
555,waymo_raw data,1,0.056247145,0.454545455,0.295454545,0.025641026,1,0.828950269,0.259080821,0.639894997,0.943297692,0.5
556,waymo_raw data,0.101816169,0.677056874,0.470588235,0.264705882,0.230769231,1,0.520475995,0.203359742,0.434861676,1,0.5
557,waymo_raw data,1,0.05726876,0.644444444,0.244444444,0.025,0.555555556,0.176840367,0.400193885,0.067380274,1,0.2
558,waymo_raw data,1,1,0.619047619,0.547619048,0.076923077,1,0.697467185,0.122573397,0.091180798,0.982192188,0.7
559,waymo_raw data,1,0.263685018,0.43902439,0.243902439,0.1,0.707317073,0.343759931,0.82492488,0.014280283,0.984182205,0.6
560,waymo_raw data,1,1,0.447368421,0.315789474,0.078947368,1,0.898810444,0.168033271,0.071582847,0.987722209,0.75
561,waymo_raw data,1,0.938943474,0.777777778,0.444444444,0.054054054,1,0.406128979,0.664402415,0.191395739,0.814395449,0.633333333
562,waymo_raw data,0.055114559,0.263685018,0.256410256,0.153846154,0.108695652,1,0.425223843,0.395650144,0.495220388,1,0.433333333
563,waymo_raw data,1,0.451581235,0.487179487,0.487179487,0.1,0.820512821,0.440782632,1,0.007142603,0.960150126,0.633333333
564,waymo_raw data,0.083172774,1,0.461538462,0.358974359,0.15625,0.974358974,1,0.288632443,0.401953027,1,0.633333333
565,waymo_raw data,0.021932606,0.061852671,0.576923077,0.403846154,0.085106383,1,0.222118415,0.317382394,0.072810111,0.984431032,0.233333333
566,waymo_raw data,0.493092739,0.073755479,0.523809524,0.349206349,0.037037037,0.634920635,1,0.110579276,0.575809778,1,0.333333333
567,waymo_raw data,1,0.073755479,0.466666667,0.4,0.057142857,0.566666667,1,0.089558771,0.575809778,1,0.266666667
568,waymo_raw data,0.04966796,0.175169711,0.363636364,0.363636364,0,1,0.527854796,0.329846775,0.793235884,1,0.233333333
569,waymo_raw data,1,0.056247145,0.42,0.28,0.263157895,1,0.827256658,0.276279304,0.606287653,0.907429662,0.666666667
570,waymo_raw data,0.046735552,0.646617726,0.275862069,0.344827586,0.027027027,0.965517241,1,0.257624944,0.498153932,0.974006679,0.433333333
571,waymo_raw data,0.061530217,0.167461802,0.307692308,0.487179487,0.5,1,0.511047091,0.306217007,0.069553816,1,0.4
572,waymo_raw data,0.003027555,1,0.633333333,0.666666667,0.060606061,0.933333333,1,0.187162709,0.962178404,1,0.3
573,waymo_raw data,0.073273924,1,0.352941176,0.470588235,0.108108108,1,0.490808472,0.300364405,0.517517421,1,0.4
574,waymo_raw data,0.067545401,1,0.307692308,0.256410256,0.170731707,1,0.748377182,1,0.89615759,1,0.3
575,waymo_raw data,1,1,0.424242424,0.454545455,0.12962963,1,0.900846135,1,0.521376218,1,0.433333333
576,waymo_raw data,0.022316509,1,0.38,0.36,0.023255814,1,0.81582105,0.567152941,0.397558437,1,0.466666667
577,waymo_raw data,0.07475221,1,0.636363636,0.454545455,0.268292683,1,0.609632786,0.685934891,0.188838811,1,0.466666667
578,waymo_raw data,0.165344641,1,0.542857143,0.342857143,0.069767442,1,0.51796219,0.709053616,0.101364611,1,0.533333333
579,waymo_raw data,1,1,0.413043478,0.413043478,0.041666667,1,0.828344673,0.909317507,0.506764907,1,0.5
580,waymo_raw data,0.018143799,1,0.215686275,0.37254902,0.02173913,1,0.619244527,0.740507571,0.523062743,1,0.016666667
581,waymo_raw data,0.247486648,1,0.479166667,0.458333333,0.128205128,1,0.476953863,0.662571547,0.443800381,1,0.4
582,waymo_raw data,0.120175132,1,0.292682927,0.317073171,0.021276596,1,0.640500304,0.576353365,0.578823966,1,0.366666667
583,waymo_raw data,0.076347671,1,0.666666667,0.512820513,0.047619048,1,0.665170667,0.696552095,0.416170832,1,0.533333333
584,waymo_raw data,0.01674247,1,0.422222222,0.222222222,0,1,0.754364971,0.811695064,0.619977462,1,0.233333333
585,waymo_raw data,1,1,0.8,0.371428571,0.021276596,1,0.808481159,1,0.015866219,1,0.5
586,waymo_raw data,0.214936728,1,0.48,0.26,0.017857143,1,0.705452418,0.915252352,0.350177358,1,0.533333333
587,waymo_raw data,1,1,0.372093023,0.23255814,0,1,0.843186456,0.915452687,0.943771921,1,0.6
588,waymo_raw data,0.070909324,1,0.21875,0.5625,0.104166667,1,0.558910921,0.610901592,0.512973767,1,0.533333333
589,waymo_raw data,0.098603246,1,0.476190476,0.571428571,0.025641026,1,0.844172642,1,0.492879071,1,0.566666667
590,waymo_raw data,1,1,0.452380952,0.19047619,0,1,0.670718476,0.608213171,0.017647859,1,0.366666667
591,waymo_raw data,1,1,0.25,0.2,0.032258065,1,0.871226477,0.878585879,0.125851824,1,0.566666667
592,waymo_raw data,0.074745245,1,0.455555556,0.477777778,0.040816327,1,0.71138315,0.758456908,0.8414553,1,0.6
593,waymo_raw data,1,1,0.5,0.239130435,0.065217391,1,0.628317237,0.527294218,0.286504797,1,0.5
594,waymo_raw data,0.104553853,1,0.342857143,0.457142857,0.083333333,1,0.684205227,0.867994809,0.614874328,1,0.666666667
595,waymo_raw data,0.492991291,1,0.170731707,0.487804878,0.05,1,0.554962328,0.601072173,0.426073289,1,0.366666667
596,waymo_raw data,1,1,0.558823529,0.676470588,0.169811321,1,0.787300766,0.877038491,0.604253989,1,0.6
597,waymo_raw data,0.335859602,1,0.290909091,0.345454545,0.02,0.981818182,1,0.561674517,0.935381419,1,0.4
598,waymo_raw data,0.103935676,1,0.321428571,0.321428571,0.025,1,0.662912207,0.796732242,0.433472625,1,0.5
599,waymo_raw data,0.154852922,1,0.666666667,0.428571429,0.05,1,0.471039755,0.707578898,0.596692351,1,0.333333333
600,waymo_raw data,0.185549077,1,0.547619048,0.452380952,0.159090909,1,0.46597181,0.498250675,0.347437086,1,0.533333333
601,waymo_raw data,1,1,0.514285714,0.457142857,0.075,1,0.651127267,0.789597521,0.106235872,1,0.5
602,waymo_raw data,1,1,0.52173913,0.347826087,0.055555556,1,0.75617677,0.867362965,0.605539877,1,0.5
603,waymo_raw data,0.069737951,1,0.464285714,0.339285714,0.0625,1,0.585328304,0.690746369,0.132514055,1,0.4
604,waymo_raw data,1,1,0.545454545,0.272727273,0.060606061,1,0.697301673,0.774744257,0.576169373,1,0.4
605,waymo_raw data,1,1,0.472222222,0.416666667,0.074074074,1,0.641290025,0.7011559,0.390543928,1,0.566666667
606,waymo_raw data,1,1,0.6,0.233333333,0.03030303,1,0.891258879,0.985457404,0.106387703,1,0.566666667
607,waymo_raw data,0.185549077,1,0.547619048,0.452380952,0.06,1,0.46597181,0.498250675,0.347437086,1,0.433333333
608,waymo_raw data,0.177916434,1,0.442307692,0.423076923,0.026315789,1,0.573188604,0.787613522,0.415289552,1,0.466666667
609,waymo_raw data,1,1,0.58974359,0.692307692,0,1,0.56856813,0.77588075,0.537754891,1,0.466666667
610,waymo_raw data,0.234250114,1,0.586206897,0.379310345,0.041666667,1,0.818724097,0.987254102,0.403760047,1,0.566666667
611,waymo_raw data,0.030395315,1,0.179487179,0.512820513,0.026315789,1,0.449915007,0.484120555,0.521297689,1,0.433333333
612,waymo_raw data,0.020271444,1,0.6,0.371428571,0.047619048,1,0.701279397,0.196344575,0.10722556,1,0.3
613,waymo_raw data,1,1,0.22,0.58,0,1,0.835115665,0.928254146,0.523655098,1,0.6
614,waymo_raw data,0.189780667,1,0.585365854,0.317073171,0.054054054,1,0.384248147,0.630684004,0.993241982,1,0.4
615,waymo_raw data,0.14159719,1,0.511111111,0.377777778,0.025641026,1,0.194398942,0.334467964,0.830087508,1,0.566666667
616,waymo_raw data,0.190813035,1,0.451612903,0.35483871,0,1,0.751632206,0.818081658,0.014516073,1,0.433333333
617,waymo_raw data,1,1,0.64516129,0.35483871,0.090909091,1,0.888474105,1,0.84961417,1,0.566666667
618,waymo_raw data,0.152797706,1,0.538461538,0.641025641,0.131578947,1,0.654814379,0.680589217,0.188267816,1,0.4
619,waymo_raw data,0.19874725,1,0.425,0.525,0.204545455,0.975,1,0.824325685,0.378376264,1,0.533333333
620,waymo_raw data,0.038228839,1,0.157894737,0.368421053,0.066666667,1,0.584632055,0.630383209,0.116993011,1,0.433333333
621,waymo_raw data,0.04360517,1,0.25,0.125,0.033333333,1,0.731809678,0.807242505,0.811385479,1,0.4
622,waymo_raw data,0.492052672,1,0.484848485,0.454545455,0.046511628,1,0.441527823,0.47854915,0.945959382,1,0.533333333
623,waymo_raw data,0.565380462,1,0.488372093,0.348837209,0.071428571,1,0.235623716,0.535163383,0.579487585,1,0.533333333
624,waymo_raw data,0.043728938,1,0.333333333,0.416666667,0.115384615,1,0.708612147,0.818103188,0.116763987,1,0.333333333
625,waymo_raw data,0.062900047,1,0.35,0.35,0.02173913,1,0.494770442,0.990737925,0.63563494,1,0.4
626,waymo_raw data,0.247486648,1,0.479166667,0.479166667,0.039215686,1,0.476953863,0.662571547,0.443800381,1,0.3
627,waymo_raw data,0.120175132,1,0.26,0.28,0.058823529,1,0.634602754,0.657197253,0.505072822,1,0.333333333
628,waymo_raw data,0.022316509,1,0.455882353,0.397058824,0,1,0.694124642,0.725584783,0.40155533,1,0.3
629,waymo_raw data,0.335859602,1,0.1875,0.25,0.02173913,0.979166667,1,0.705936669,0.880037719,1,0.4
630,waymo_raw data,0.046568258,1,0.224489796,0.306122449,0.090909091,1,0.779725211,0.676211648,0.49498359,1,0.3
631,waymo_raw data,1,1,0.468085106,0.425531915,0.022222222,1,0.665702096,0.457421588,0.877034931,1,0.6
632,waymo_raw data,1,1,0.194444444,0.277777778,0,1,0.537201866,0.685903049,0.999976627,1,0.4
633,waymo_raw data,0.082315886,1,0.290322581,0.322580645,0.038461538,1,0.672421444,0.742725708,0.56916489,1,0.333333333
634,waymo_raw data,0.142489203,1,0.654545455,0.254545455,0.020833333,1,0.640860664,0.867092534,0.963099373,1,0.433333333
635,waymo_raw data,0.565380462,1,0.488372093,0.372093023,0.032258065,1,0.235623716,0.535163383,0.579487585,1,0.466666667
636,waymo_raw data,1,1,0.411764706,0.558823529,0,1,0.419292708,0.533964597,0.097723273,1,0.6
637,waymo_raw data,0.154852922,1,0.666666667,0.428571429,0.046511628,1,0.471039755,0.707578898,0.596692351,1,0.366666667
638,waymo_raw data,1,1,0.341463415,0.487804878,0.183673469,1,0.721624969,0.804449013,0.192509468,1,0.366666667
639,waymo_raw data,0.070909324,1,0.392156863,0.568627451,0.0625,1,1,0.525026414,0.418206945,1,0.4
640,waymo_raw data,0.114442138,1,0.450980392,0.31372549,0.047619048,1,0.761794948,0.804986875,0.219581664,1,0.366666667
641,waymo_raw data,1,1,0.205128205,0.205128205,0.052631579,1,0.831997517,0.547278516,0.636347122,1,0.6
642,waymo_raw data,0.08400015,1,0.52,0.56,0.027027027,1,0.711435968,1,0.6577097,1,0.566666667
643,waymo_raw data,0.645434459,1,0.375,0.425,0,1,0.404950145,0.927140939,1,1,0.633333333
644,waymo_raw data,0.040416923,1,0.346938776,0.346938776,0.026315789,1,0.741785566,1,0.497080755,1,0.4
645,waymo_raw data,0.072429455,1,0.75,0.625,0.131578947,1,0.424089545,0.050064854,0.088173854,1,0.6
646,waymo_raw data,0.19874725,1,0.425,0.525,0.042553191,0.975,1,0.824325685,0.378376264,1,0.466666667
647,waymo_raw data,0.177916434,1,0.442307692,0.423076923,0,1,0.573188604,0.822557859,0.415289552,1,0.4
648,waymo_raw data,1,1,0.5,0.083333333,0,1,0.519586062,0.415586588,0.286504797,1,0.566666667
649,waymo_raw data,0.069411152,1,0.243902439,0.317073171,0.05,1,0.674703657,0.722437588,0.122258601,1,0.366666667
650,waymo_raw data,0.082315886,1,0.392156863,0.254901961,0.236842105,1,0.690544932,0.742315252,0.458127444,1,0.366666667
651,waymo_raw data,0.206348214,1,0.525,0.675,0.040816327,0.975,1,0.467776149,0.445420225,1,0.4
652,waymo_raw data,1,1,0.666666667,0.196078431,0.016666667,1,0.907850152,0.945819468,0.196484127,1,0.566666667
653,waymo_raw data,0.015083764,1,0.301587302,0.142857143,0.021276596,0.365079365,0.30129529,0.33727598,0.991553795,1,0.433333333
654,waymo_raw data,1,1,0.926829268,0.658536585,0.075,1,0.589380114,0.175234146,0.443446022,1,0.633333333
655,waymo_raw data,0.009568304,1,0.162790698,0.255813953,0.1,1,0.164691494,0.344730717,0.038840721,1,0.133333333
656,waymo_raw data,0.063561727,1,0.422222222,0.266666667,0,0.911111111,0.610877862,0.801532461,0.949627815,1,0.3
657,waymo_raw data,1,1,0.58974359,0.282051282,0.02,1,0.819056149,0.890335153,0.508510036,1,0.2
658,waymo_raw data,1,1,0.641509434,0.283018868,0,1,0.829390783,0.882951457,0.207795666,1,0.733333333
659,waymo_raw data,0.103935676,1,0.321428571,0.321428571,0,1,0.662912207,0.796732242,0.433472625,1,0.366666667
660,waymo_raw data,0.154852922,1,0.666666667,0.428571429,0.064516129,1,0.471039755,0.707578898,0.627383841,1,0.333333333
661,waymo_raw data,0.073071812,1,0.666666667,0.466666667,0.037735849,1,0.866986103,0.956133441,0.10047241,1,0.4
662,waymo_raw data,0.016811471,1,0.230769231,0.230769231,0.191489362,1,0.76273586,0.695323495,0.985646734,1,0.366666667
663,waymo_raw data,1,1,0.543478261,0.652173913,0.043478261,1,0.654462739,0.860821217,0.986319021,1,0.633333333
664,waymo_raw data,0.068353926,1,0.3125,0.395833333,0,1,0.835399847,0.999944292,0.231968905,1,0.466666667
665,waymo_raw data,0.779268715,1,0.5,0.425,0.027027027,1,0.539665935,0.588002299,0.323235375,1,0.566666667
666,waymo_raw data,0.315092136,1,0.275,0.325,0.027027027,1,0.747962764,0.905879187,0.286504797,1,0.366666667
667,waymo_raw data,1,1,0.265306122,0.428571429,0.155555556,1,0.316760111,0.134223548,0.251448511,1,0.5
668,waymo_raw data,0.89603917,1,0.638297872,0.446808511,0,1,0.696769758,0.853257847,0.504117705,1,0.4
669,waymo_raw data,1,1,0.565217391,0.456521739,0.081081081,1,0.656536988,0.781426902,0.968477322,1,0.6
670,waymo_raw data,1,1,0.442307692,0.365384615,0.020833333,1,0.673547478,0.470062647,0.967262289,1,0.566666667
671,waymo_raw data,0.183886811,1,0.31372549,0.352941176,0.027027027,1,0.648309183,0.735532733,0.555089583,1,0.433333333
672,waymo_raw data,0.349864978,1,0.575,0.325,0.095238095,1,0.68004976,0.852893193,0.470962014,1,0.633333333
673,waymo_raw data,0.820393754,1,0.704545455,0.409090909,0.083333333,1,0.45743114,0.607679679,0.489512946,1,0.533333333
674,waymo_raw data,0.030395315,1,0.179487179,0.512820513,0,1,0.449915007,0.484120555,0.521297689,1,0.433333333
675,waymo_raw data,1,1,0.305555556,0.083333333,0.076923077,1,0.58586954,0.634412589,0.469566678,1,0.4
676,waymo_raw data,1,1,0.581818182,0.6,0,1,0.512751869,0.625250763,0.151114599,1,0.733333333
677,waymo_raw data,0.068534819,1,0.268292683,0.536585366,0,1,0.284551888,0.456241733,0.396296841,1,0.633333333
678,waymo_raw data,1,1,0.65,0.625,0.024390244,1,0.367356995,0.548516719,0.286504797,1,0.6
679,waymo_raw data,0.009568304,1,0.162790698,0.255813953,0.023255814,1,0.164691494,0.344730717,0.038840721,1,0.05
680,waymo_raw data,1,1,0.533333333,0.111111111,0,1,0.783449254,0.984436682,0.953304862,1,0.3
681,waymo_raw data,0.275318285,1,0.604651163,0.558139535,0.105263158,1,0.303701596,0.630179364,0.286504797,1,0.566666667
682,waymo_raw data,1,1,0.5,0.4,0.2,1,0.628777427,0.620512834,0.944160905,1,0.666666667
683,waymo_raw data,0.142489203,1,0.671875,0.34375,0,1,0.635892009,0.856333823,0.35105691,1,0.533333333
684,waymo_raw data,0.034346074,1,0.102040816,0.183673469,0.236842105,1,0.736065138,0.934738937,0.286504797,1,0.3
685,waymo_raw data,1,1,0.575757576,0.242424242,0.055555556,0.818181818,1,0.916722189,0.286504797,1,0.166666667
686,waymo_raw data,1,1,0.615384615,0.41025641,0.027027027,1,0.779795133,0.826891261,0.484426365,1,0.5
687,waymo_raw data,1,1,0.205128205,0.205128205,0.020833333,1,0.831997517,0.547278516,0.636347122,1,0.6
688,waymo_raw data,0.0320719,1,0.24,0.28,0.048780488,1,0.681642168,0.95042076,0.481697943,1,0.333333333
689,waymo_raw data,0.092105572,1,0.274509804,0.294117647,0,1,0.73235169,1,0.214804232,1,0.5
690,waymo_raw data,0.142489203,1,0.654545455,0.254545455,0.047619048,1,0.640860664,0.867092534,0.963099373,1,0.433333333
691,waymo_raw data,1,1,0.6875,0.625,0,1,0.453540907,0.731615198,0.924201603,1,0.533333333
692,waymo_raw data,0.038228839,1,0.259259259,0.333333333,0,1,0.641982549,0.694884313,0.220928934,1,0.366666667
693,waymo_raw data,0.009568304,1,0.162790698,0.23255814,0.146341463,1,0.164691494,0.344730717,0.038840721,1,0.233333333
694,waymo_raw data,1,1,0.454545455,0.272727273,0.170731707,1,0.752146405,0.835469719,0.372664879,1,0.633333333
695,waymo_raw data,0.025379209,1,0.274193548,0.532258065,0.06,1,0.157386975,0.882331019,0.145276768,1,0.366666667
696,waymo_raw data,1,1,0.461538462,0.25,0,0.980769231,1,0.548067439,0.593544057,1,0.366666667
697,waymo_raw data,1,1,0.611111111,0.537037037,0.040816327,1,0.820442171,0.940145873,0.139653641,1,0.533333333
698,waymo_raw data,0.054819432,1,0.452380952,0.523809524,0.161290323,1,0.501659987,0.844336628,0.743830875,1,0.733333333
699,waymo_raw data,0.024493457,1,0.35,0.316666667,0.025,1,0.526385501,1,0.881983569,1,0.233333333
700,waymo_raw data,1,1,0.25,0.454545455,0.12195122,1,0.592717518,1,0.551545607,1,0.466666667
701,waymo_raw data,1,1,0.476190476,0,0.069767442,0.642857143,0.562326369,0.624294289,0.971863583,1,0.566666667
702,waymo_raw data,1,1,0.4,0.288888889,0.075471698,0.866666667,0.309451716,0.362192413,0.987630784,1,0.55
703,waymo_raw data,1,1,0.319148936,0.510638298,0.113636364,1,0.879111035,1,0.553858293,1,0.5
704,waymo_raw data,0.121223279,1,0.268292683,0.219512195,0.256410256,0.829268293,0.752541092,1,0.978260936,1,0.4
705,waymo_raw data,1,1,0.43902439,0.414634146,0.086206897,0.975609756,1,0.692911905,0.093324212,1,0.433333333
