index,ego_mean_speed,min_mean_speed,max_mean_speed,avg_delay
1,8.908544388875333,4.654700944711024,17.43515847315054,0.33283968392356134
2,6.8988232512379,2.652141977686251,5.640334351602964,1.0
3,6.6331760359825465,5.313187225882282,6.544439136658315,1.0
4,19.96066669514683,19.475252758459984,23.73387797797829,0.11398371814032325
5,19.130444587363208,19.38050601303181,23.087443080124647,0.0
6,15.912199125905799,15.402843829200329,20.924362136846373,0.09224913661884074
7,11.808889303889432,10.907394744024042,15.318819967504632,0.20435449184699428
8,6.920917223694972,6.923075757464508,9.538073768679668,0.0
9,7.962291115177375,2.708829221238045,15.364147423059103,0.41511890970733345
10,15.533956866768497,18.610543078849684,21.39179381763568,0.0
11,14.314805091637918,3.424606729461461,15.282248158278698,0.9184118467025294
12,18.706181019159875,19.291505024037434,24.761845973003698,0.0
13,19.663931782854775,19.350507444071237,22.681830558107436,0.09408404050119165
14,6.890283230984203,4.247959638141605,6.982258574220668,0.9663623673246362
15,19.653060089119407,20.471177028400305,27.45806010158853,0.0
16,16.741280957630437,4.253313917726835,20.856572426907714,0.7521395292977159
17,20.025974184259915,17.89920308266168,25.121078936630585,0.29449012204072067
18,15.965350122413865,3.8145334989305333,16.262631552607907,0.9761183251519921
19,14.839588626825961,11.759396697459351,18.847506398639368,0.43455759846011194
20,5.946155820926756,1.9943111040037067,11.806671470357154,0.40274149841397106
21,13.006456646820395,10.875522039595841,16.733755634809594,0.36375036477984635
22,16.329779602911188,10.905827005413187,20.6607217681031,0.5560236916387138
23,9.631247790564585,5.1423448670076,5.1423448670076,1.0
24,16.9694528772272,14.56814520027774,20.21588014826245,0.42518066075433014
25,9.231764650435771,2.514885968803242,8.668100481779591,1.0
26,11.67826114513608,10.596643844786655,13.013939337670648,0.4474493513653907
27,14.909202018330262,12.410521380429856,12.410521380429856,1.0
28,16.31414911451598,15.351942349840407,20.327690051659694,0.19337933157739529
29,17.64504612936251,23.742070080565,23.742070080565,0.0
30,15.913976027023578,5.941161812477528,17.899574389767984,0.8339580316441713
31,13.449525939277267,15.888251088172236,16.18965074226495,0.0
32,6.001614519591405,4.9120471205296194,12.864030278191024,0.13701832328606386
33,16.12689162812321,1.0889303741816434,17.930670332942466,0.8928983163713464
34,11.969014345023728,9.208061272755431,17.935605288017136,0.3163493724512035
35,19.94231671778571,10.766727165646964,22.292720682685335,0.7960779726775723
36,14.727633215087387,8.387874214887967,16.972012046817845,0.7385434768553945
37,18.06922564401071,17.4033965856861,21.27427254694061,0.17200991842394836
38,17.022789574671208,12.541884450418001,17.84210951452103,0.8454178964212572
39,14.858461370505827,15.609742334115479,22.700528427122613,0.0
40,14.70414562188636,15.373947813214585,22.69163820728382,0.0
41,9.513534897561753,7.407084575360264,12.58801178352436,0.4065778648428313
42,14.516050662746585,15.692987294250393,20.803379056479205,0.0
43,6.982404542070864,2.6558019974295086,11.182536416306599,0.5074161258104645
44,17.68261089391076,18.4993943237258,20.54750814026864,0.0
45,19.272705408983775,19.066858727168388,24.13388055881753,0.0406247868382267
46,27.783110920610483,27.73642759969001,30.116499852092076,0.01961424527064568
47,12.823322221271242,11.978614201107975,16.029949350629984,0.20850114566871344
48,6.2452570585876375,5.768154851705057,17.4623864699286,0.040798080836631896
49,10.747702226113022,4.7755505048507985,20.846024246751462,0.37162263024586445
50,12.99160534828923,7.036842285710514,16.41078517544189,0.6352463560559795
51,16.475059104958167,14.009418895251116,19.00098864523378,0.4939608846927591
52,9.14609181919913,5.226382173564524,5.226382173564524,1.0
53,19.592998627197804,17.801323953049856,21.516140145713713,0.48230506739100776
54,29.955456322263434,32.262272254157736,33.09278532063606,0.0
55,15.013314428132283,12.296101982447992,17.802346320176458,0.49347836365816705
56,20.176655672060228,20.716801319346047,26.22272743950038,0.0
57,5.784510246300658,4.238394500055642,7.513445224862972,0.47208909911951785
58,13.253917532868918,9.673483790464728,19.600064690910116,0.3606915390417604
59,7.089457520061496,8.845450596202703,8.845450596202703,0.0
60,18.694242863996546,17.798902022505548,20.290180765637253,0.3593900698424035
61,11.328889271467718,4.563127557371222,13.439609383163274,0.7622120843460167
62,6.931456927917035,2.8824467536553984,13.786306421085907,0.3713373335458364
63,12.44819263859707,9.788608950773463,13.652530644311392,0.688312004943456
64,4.669608547630471,4.65825282699138,9.502220174653944,0.002344301648641435
65,17.737738990596316,19.569126824905677,28.6852718362406,0.0
66,12.053555491255178,10.342381089806777,13.215361362871871,0.5956095200134466
67,5.85764747448469,5.126375636490743,17.131753472778236,0.060912021926007365
68,12.802686919367838,3.994058003506773,17.335931938690646,0.6602242652459651
69,17.774006984440412,17.38358946524583,20.37301961993001,0.1305993112375719
70,15.47025326549668,15.693603504827571,20.218156997145186,0.0
71,8.864077943141837,,,1.0
72,8.548636616211251,4.168355656143705,4.168355656143705,1.0
73,15.374616914157892,10.48022081014875,18.05023909034419,0.6465501036917947
74,15.242827507827057,16.1374770537382,18.1199056571993,0.0
75,3.505556822316457,5.11674988090847,11.971819757257379,0.0
76,10.166810738324285,8.904062939480367,31.185875975185812,0.056671680927419615
77,15.685045746953463,18.692140310843765,21.875190458328397,0.0
78,2.6541764170429065,7.2020257407159285,11.594468445821754,0.0
79,14.042239006559276,14.056699209760005,17.325089517642823,0.0
80,18.512525926363008,18.985613380764065,21.17652748285853,0.0
81,6.487671889234822,6.466417906446781,12.860851234102864,0.003323825849605437
82,15.56449989416719,16.033564774461706,19.456434865287747,0.0
83,10.783194878188542,5.256966663947889,5.256966663947889,1.0
84,9.093325529411858,6.665765716903109,14.229539078298973,0.32094560433269687
85,13.078610487977983,12.07317319052327,17.367807253333556,0.18989741038326757
86,14.231284247697609,10.80235813001314,18.888934045578612,0.4240269495379731
87,11.15146367022694,6.660952171570899,6.660952171570899,1.0
88,19.574182746906477,21.897601627236902,23.46877222177496,0.0
89,5.110264188344418,3.652011634017761,6.244113752857807,0.5625752719106679
90,14.859662217406465,10.393297027822157,17.729072227851933,0.6088470635749823
91,8.532389874952473,2.723141433656968,11.579880877650922,0.6559127631596916
92,19.989947778537328,16.15745465037429,25.00445614095137,0.4331968444048548
93,15.545127746831355,10.410923542450176,16.418978518447716,0.854553466120494
94,19.30077677379865,4.6807700105715995,24.27364880563051,0.746189823157281
95,14.751657526652455,10.636412720482323,18.02031611513437,0.5573264689717754
96,19.14931663051603,16.636465364957985,24.35776382565707,0.3254441307182071
97,19.971054493560654,20.25627323091344,23.965066925085747,0.0
98,20.06067056457015,20.17558966812922,23.258686657859208,0.0
99,15.15182204546985,17.50016402206565,18.96293909070862,0.0
100,17.888032751003976,15.395592801419713,19.431467035843948,0.6175712633274955
101,13.611218174246632,6.043596042746014,21.227525442434125,0.4983968202365366
102,10.405341181210959,8.542748767594967,14.0530838817681,0.3380179925582418
103,6.567579941428756,4.440615335777206,9.528618501621374,0.41803523628481426
104,8.49200430914036,5.793318946860445,10.868479958027166,0.5317437922347842
105,13.471259838214715,9.159269909550744,15.686869126945345,0.6605782286960077
106,29.662448093939737,27.44594060842981,36.03004282668457,0.2582107515910459
107,19.17309570318526,17.47845030923899,22.934630701186865,0.31059189253478414
108,20.096276755452735,16.414602562759736,23.195702945830682,0.5429316754968438
109,9.036140309331344,5.116994186263232,5.116994186263232,1.0
110,8.780704747961133,4.195584192028632,15.46800259286606,0.4067557105218763
111,4.255980402570916,3.7650364805552456,3.7650364805552456,1.0
112,6.907956381056784,2.171614681707384,12.695983944312246,0.4500356820601636
113,19.991028638272763,19.63557300673328,22.95966630572315,0.10693310914212237
114,15.546106664655003,3.5862024477893497,18.693614017968354,0.7916580654010701
115,11.15146367022694,6.660952171570899,6.660952171570899,1.0
116,17.190011038584156,18.229468409314585,19.066604975405824,0.0
117,19.52779108562743,17.583649403758102,31.789901545900793,0.13685113162971774
118,11.766439872154711,1.2033094079119326,19.653615051673693,0.5725179120712444
119,13.41246291121294,9.916156207557494,15.161331269408924,0.6665757886870848
120,7.844690563524748,4.681257595686773,4.681257595686773,1.0
121,18.313242581582145,20.25707908253251,20.33288382452997,0.0
122,16.822109739808784,14.645649015005786,18.84466153425454,0.5183268006051072
123,19.182598886386494,19.2019156049573,21.61114964397192,0.0
124,9.34685393063112,2.923789069527786,15.008435726634607,0.5315062196978688
125,13.111811503440224,4.443097100449335,14.643908767722776,0.8498063375488175
126,19.264018113203424,18.812489925126883,24.929763798342325,0.07381199492368036
127,15.676291174977637,15.832992363000857,22.20138567128049,0.0
128,10.546053696531807,3.9785863831293207,3.9785863831293207,1.0
129,16.827266959356283,13.342259503449457,20.826679830688114,0.46563491941033247
130,8.263118094433102,2.9452829646108247,12.564497324407974,0.552834663093465
131,6.909747968618447,1.8702856349280836,4.889645704739983,1.0
132,15.353680844856257,13.88374575851543,19.105039078373512,0.2815270080212197
133,18.061410580788987,17.37323816870239,22.08423516733247,0.14607787105080147
134,20.13321409344727,19.758080397068948,27.401832189158377,0.049077168723158794
135,11.85581672126926,10.769197929332373,14.612363879673953,0.2827405337103147
136,19.906683317604603,15.394863333674806,21.66778767363157,0.719253053187773
137,15.595148546217608,15.998679924851755,20.08107115196436,0.0
138,16.84564376792374,13.779151273610841,18.44950686889815,0.6565865129000428
139,15.123307836302416,16.157120521687506,17.563728319589675,0.0
140,19.175427070761152,16.664431894451592,24.541838526543497,0.31875911624010533
141,20.19307834567711,20.10412345018193,26.240023178891043,0.014497449343732332
142,19.65957776021159,19.659426764960998,23.031309794787806,4.4780690568752025e-05
143,5.864005043956077,4.963180963662285,17.038929146400914,0.0745977861298443
144,18.785085283331494,17.921192954042144,19.555640906087255,0.5285529760726856
145,14.102601415383177,7.501648024215777,14.504624296176832,0.9425925684764492
146,7.145471919384126,2.408809579567731,19.0621322163864,0.28442746490385973
147,16.725941954324856,6.8283346428220195,24.169059383122566,0.5707724134793742
148,18.632162931782606,18.631857764884103,22.248665646807062,8.437464981987613e-05
149,18.726387535260407,14.848647144520596,20.942583327267645,0.636327699282172
150,18.393154016157716,16.882026462886262,25.476636758990878,0.1758226959931331
151,13.39891134438006,8.774310778917787,14.447551070827592,0.8151603541378425
152,11.477757921981704,14.63823810242635,14.63823810242635,0.0
153,12.064823718583426,3.923749080869675,9.143971491771442,1.0
154,15.525953835787535,6.3118441133035095,19.094977686600362,0.7208021155103714
155,15.119548692445283,9.812360469329057,19.13138851692536,0.5695001877889114
156,12.408019698642148,16.840524794736343,16.840524794736343,0.0
157,9.275136852401257,,,1.0
158,19.375602402620352,17.463280177591272,23.914521342602473,0.2964270248337181
159,9.579050311970512,3.604109159927242,11.06467896342891,0.8008692780059361
160,9.108858615082612,8.485421376923235,14.408191333332836,0.10526109282443022
161,9.467302556987404,5.6604015884705285,5.6604015884705285,1.0
162,10.27506134433946,6.4933486141167815,13.033825560203194,0.5782013699299895
163,12.717029235742597,4.547075449171817,15.470380329979326,0.7479379066792844
164,20.17606757578345,18.83829550097415,24.927990494465195,0.21967800952907693
165,14.996702388509787,12.9668626227147,15.375988976245162,0.84256260067906
166,1.7121171873747418,2.6333224962699853,2.6333224962699853,0.0
167,18.20063754139203,15.40963361695635,20.758303664524043,0.5218126935507807
168,11.142918061948233,4.515268885960771,10.153430144118703,1.0
169,15.41028537681493,16.251871333646715,27.44170504218804,0.0
170,15.41028537681493,16.251871333646715,27.44170504218804,0.0
171,20.169785540301266,20.14700575239659,26.014397220883666,0.003882438733979439
172,17.855261706298855,13.818720936568905,20.4703039813703,0.6068541492366609
173,19.740915795002266,18.40545648791081,24.311514644368,0.22611685691434913
174,14.559206913880855,13.737770448294619,17.37952007768929,0.225560938883867
175,17.20472192443169,14.153636215071076,21.624261037911317,0.4084110474979828
176,16.371799215648718,16.515042475082534,19.561513809483102,0.0
177,12.953849193494177,14.271126009285348,17.168791240313723,0.0
178,19.36880036672729,16.95937950237714,21.70361340960744,0.5078629998993406
179,19.75869871259631,16.441414591272416,24.170841272039937,0.4291759606929207
180,15.94941286364515,14.870085130711137,17.85319200993885,0.36181329621466213
181,19.498935496127444,17.33663009226521,22.634149258013917,0.4081732101778309
182,13.812525670410286,14.165265379796605,22.68929015471381,0.0
183,14.404743738419546,14.808308457421697,22.715163596108127,0.0
184,20.02193171677145,20.53175702795944,25.6304386915651,0.0
185,5.5788606784927905,18.4286238707593,18.4286238707593,0.0
186,18.434774686610197,17.347599869394166,20.165233264959152,0.38584679572838215
187,24.18451471680293,25.009975161336925,34.70448452489608,0.0
188,13.23652815342061,2.2641578027890565,15.443122784673047,0.8325669250744914
189,13.968409480699364,4.149764423310157,17.521852627612276,0.7342641558578947
190,19.56325435798278,19.276175453075695,22.212455227427284,0.09776960200275141
191,7.844690563524748,4.681257595686773,4.681257595686773,1.0
192,24.196486801441754,27.78705860069757,32.110847125976356,0.0
193,14.49727024691455,5.203077230623277,15.855487194257144,0.8724967446822461
194,11.052856583667996,3.3055098658698956,11.649642014536042,0.9284784300829362
195,12.04122665376933,4.90213970555521,4.90213970555521,1.0
196,12.002530084550564,7.577418145686331,19.791118449843374,0.3623072311147266
197,14.301978790079621,8.389729145888632,18.008940302224087,0.6146293649346738
198,15.642584391679662,15.160321080652135,21.836712930035347,0.07223412314723261
199,15.56170475574223,13.436215517868161,18.318896827534292,0.4353118917809129
200,13.656542747611729,13.277137995154195,17.127634624823553,0.09853397858709803
201,5.907523635458461,3.225584146135196,12.28111369127639,0.2961659476625835
202,6.487671889234822,6.466417906446781,12.860851234102864,0.003323825849605437
203,17.044856138129305,16.258336817999187,20.630622377178902,0.17988745462400152
204,20.17421312922776,18.952687658383557,33.082677566016926,0.08644913965467904
205,12.44819263859707,9.788608950773463,13.652530644311392,0.688312004943456
206,12.802686919367838,3.994058003506773,17.335931938690646,0.6602242652459651
207,6.909747968618447,1.8702856349280836,4.889645704739983,1.0
208,6.907956381056784,2.171614681707384,12.695983944312246,0.4500356820601636
209,14.528910187090023,16.34151029482724,17.21220479038922,0.0
210,13.127126211875735,5.715275357695212,16.320335556510646,0.6988975748585013
211,15.657542943318317,15.158573880612769,19.21442709391746,0.12302443813024244
212,9.683595468476916,3.719843296194072,12.027397703240698,0.7178709738240505
213,29.07979357034993,28.818811393432497,34.01188884654442,0.05025578364155567
214,10.144267901713453,3.257965210633143,18.228337300998174,0.45999542626681617
215,18.100560000736895,15.91423110208062,22.19721402632237,0.3479762598463734
216,19.79914918630389,20.122880756038345,27.09780180403637,0.0
217,14.876310066147648,11.162108252236896,18.337119035372496,0.5176580114194035
218,14.659881749992586,5.3652526559387175,22.29255393597299,0.5490910181303897
219,5.213850571505664,5.264683387550777,5.264683387550777,0.0
220,17.20472192443169,14.153636215071076,21.624261037911317,0.4084110474979828
221,20.184087149544514,20.175867540460793,26.62735195620006,0.00127406478169085
222,16.487555580775798,17.59311462326943,19.842411632413718,0.0
223,16.737739117996014,7.310674636694236,20.65368494831892,0.7065170648252248
224,17.113583194197133,18.4630685235837,21.80933961753925,0.0
225,15.238367447901432,17.15861495155971,26.423983121131684,0.0
226,10.405341181210959,8.542748767594967,14.0530838817681,0.3380179925582418
227,15.688235547202636,16.140304068536295,19.728849873707006,0.0
228,19.889876050843114,19.81123234671842,24.903829347400343,0.015442750351964499
229,19.683242949450463,18.1751007409444,23.843881518231218,0.2660434876135546
230,15.54975884958674,17.32855547199133,17.32855547199133,0.0
231,15.688148026777219,18.729684089177645,23.001079334444345,0.0
232,19.202120195334473,17.49913126897389,23.93710431268432,0.26452253136168624
233,12.244913895830335,8.29403356513879,13.08619208694207,0.8244469194238666
234,19.660568553083056,20.109812306874066,22.948624174221862,0.0
235,8.571989922170536,9.440507217346298,11.609110670401703,0.0
236,5.225693571078032,5.684982080093164,5.684982080093164,0.0
237,14.00579973899661,7.261539809035871,19.972795032961773,0.5305738741887803
238,15.00220821677491,15.573986810952091,22.987189224709887,0.0
239,19.01055448276092,15.964316362594023,20.56004993283729,0.66284045269527
240,10.144267901713453,3.257965210633143,18.228337300998174,0.45999542626681617
241,16.14817779418199,12.332250302532756,21.87575936875264,0.39984532577813076
242,9.258499655681561,4.038806157726931,6.968460310887445,1.0
243,4.773562460028191,3.262440264253949,12.548945538255136,0.16272237523030653
244,15.989902397434292,7.856150698215762,19.973746171883352,0.6712347938082073
245,4.669608547630471,4.65825282699138,9.502220174653944,0.002344301648641435
246,19.71660661652737,20.02131827232604,23.841438500299706,0.0
247,17.01698824125743,14.884951127601484,19.250176751189706,0.48841395554335815
248,15.913976027023578,5.941161812477528,17.899574389767984,0.8339580316441713
249,16.816131866862325,7.0473681172211,18.5520790796223,0.8491098804278298
250,13.344084822498314,12.273885040691916,15.077938689731713,0.3816616640601261
251,17.70742311117606,18.528755661978106,20.584748804976144,0.0
252,4.255980402570916,3.7650364805552456,3.7650364805552456,1.0
253,15.517648070211736,18.601626986151903,21.40652006406493,0.0
254,19.747450045428494,19.658855946692455,23.914649613240222,0.020817291832642974
255,9.601492129616691,5.082759752689906,5.082759752689906,1.0
256,6.935168750396498,5.3161433171902654,12.297163930235188,0.23191815680659617
257,14.858461370505827,15.609742334115479,22.700528427122613,0.0
258,14.70414562188636,15.373947813214585,22.69163820728382,0.0
259,5.784510246300658,4.238394500055642,7.513445224862972,0.47208909911951785
260,8.49200430914036,5.793318946860445,10.868479958027166,0.5317437922347842
261,12.408019698642148,16.840524794736343,16.840524794736343,0.0
262,11.15146367022694,6.660952171570899,6.660952171570899,1.0
263,9.275136852401257,,,1.0
264,6.890283230984203,4.247959638141605,6.982258574220668,0.9663623673246362
265,23.876584354207015,22.94102449670398,32.4495789756923,0.09839138636376352
266,14.410265381714291,10.409576063389183,15.557707958724096,0.777114766999349
267,8.53158573112363,7.192792812207633,7.192792812207633,1.0
268,11.425803997503676,8.387224206039807,13.914491730709962,0.5497435718285048
269,17.078902057245138,16.982512608141864,19.834843567377185,0.033793220520635145
270,18.278388582672097,15.86823295832144,20.938486584869267,0.4753520833220436
271,8.405248786248235,3.8755636959211364,3.8755636959211364,1.0
272,15.564959703856179,12.471491675731178,18.097307407654192,0.5498701300455842
273,19.598656184912453,18.50841008197182,22.304080124012522,0.2872341617856945
274,12.884169214525008,15.69819619539502,16.105554222111163,0.0
275,16.844179930555114,16.75690304010696,19.593219464320388,0.030771210751761976
276,15.615472455693517,12.230850700204627,23.379889253323064,0.30357969786930156
277,15.555879204631498,15.138988409532738,18.223068381773537,0.13517509236177827
278,20.211910043344076,19.427985617431027,23.498320926790154,0.19259455704067738
279,14.687341308040514,4.202942957172124,19.3437053997932,0.6924617165483637
280,9.354403800791037,3.5195450135332442,5.437651842172304,1.0
281,9.631247790564585,5.1423448670076,5.1423448670076,1.0
282,13.209564187245567,15.015279730853639,16.022465178520047,0.0
283,9.205564146328129,1.6676218418480726,13.660806351879101,0.6285188306888272
284,13.611218174246632,6.043596042746014,21.227525442434125,0.4983968202365366
285,4.669608547630471,4.65825282699138,9.502220174653944,0.002344301648641435
286,13.440154071992675,12.987341998120188,14.774440955021133,0.2533782878244862
287,15.394278970220684,8.299588167381414,18.000002953929556,0.7313801480610594
288,14.469990856903191,11.316466016491736,17.030476954817143,0.551893385303118
289,10.61506869963217,4.580501226832915,4.580501226832915,1.0
290,11.15146367022694,6.660952171570899,6.660952171570899,1.0
291,15.23857995906833,15.648848663030522,19.31335786237069,0.0
292,9.390046445484051,3.5882969393716317,5.467597129934065,1.0
293,17.032917870538498,5.5893808330807095,20.208828582110716,0.7827612392689088
294,27.294470329825252,28.43181321862479,35.93342265748051,0.0
295,10.673311948512533,11.583351000631549,15.48622105803653,0.0
296,14.025695754802982,11.574582439319153,15.800278739542307,0.5800495684828056
297,13.317239372413203,2.4964096283029114,17.856099378164576,0.7044953329352078
298,17.0471046071366,14.362139987268147,18.287061864889896,0.6840810348804621
299,20.133587921010797,20.19273388203748,25.21652103074368,0.0
300,13.639698027180927,13.206583531419273,14.620552007431694,0.3063112814106677
301,16.526508972263585,4.942347285237221,18.375683369003376,0.862344365896237
302,4.255980402570916,3.7650364805552456,3.7650364805552456,1.0
303,5.225693571078032,5.684982080093164,5.684982080093164,0.0
304,19.031051494057245,18.4989285305113,22.522746387765093,0.1322433028589202
305,18.728561966485657,19.29874811538789,24.55787081350486,0.0
306,16.406957843096443,12.413886585661789,20.08425224991556,0.5205842110035999
307,4.671555389969733,4.658183343044733,12.820858387552601,0.0016381942012988206
308,4.669608547630471,4.65825282699138,9.502220174653944,0.002344301648641435
309,14.588343435786516,1.263345883731343,15.217792308582332,0.9548925945442843
310,19.2068163734341,1.2924609681321866,23.6478741074028,0.8013430704097649
311,10.555620235503923,4.388259482176976,4.388259482176976,1.0
312,12.549174617305466,10.8541380808805,16.887945892815196,0.28092318967671354
313,5.225693571078032,5.684982080093164,5.684982080093164,0.0
314,8.124776732835974,4.298174731150346,12.186125338168164,0.48511992434145623
315,4.671555389969733,4.658183343044733,12.820858387552601,0.0016381942012988206
316,18.696198141031743,17.569034361935387,21.843662913883218,0.26368695324012165
317,6.920917223694972,6.923075757464508,9.538073768679668,0.0
318,18.607373268208875,15.889137942714694,22.02992647238316,0.44265248874169183
319,18.098655303549652,20.661056905469678,21.406273448898798,0.0
320,17.83663053424493,23.889243955206624,23.889243955206624,0.0
321,16.2848636829846,14.630017283103964,22.739205521455364,0.20407053717833867
322,19.615845706365043,19.79964634782697,23.22494196146726,0.0
323,7.910479698565829,6.358689735661868,6.358689735661868,1.0
324,18.119016553576927,17.57984142741296,22.04219100198072,0.1208276306358618
325,18.484968131351078,15.906109808455055,22.072672378823903,0.4182003009728272
326,5.85764747448469,5.126375636490743,17.131753472778236,0.060912021926007365
327,15.555879204631498,15.138988409532738,18.223068381773537,0.13517509236177827
328,23.31252998457497,22.196731654208477,35.9754467822124,0.08097985334632092
329,8.405248786248235,3.8755636959211364,3.8755636959211364,1.0
330,15.546106664655003,3.5862024477893497,18.693614017968354,0.7916580654010701
331,17.38970063024601,6.121899619808084,19.7313656156524,0.8279385108775449
332,18.923825346707282,19.995713026721855,22.91242453363296,0.0
333,9.362578137637371,3.9138804539791407,8.903793636035278,1.0
334,16.301881606047854,3.3540402348199487,20.895314013861245,0.7381357553804486
335,10.61506869963217,4.580501226832915,4.580501226832915,1.0
336,15.880019142399856,3.0160324960947085,19.852528855027902,0.7640536589122183
337,18.552055151268245,6.900378378306834,22.046629733400845,0.769277922292152
338,12.339048662179836,11.26918453972125,15.683932336950464,0.24233867292035455
339,15.180924559033786,15.390165725253963,19.911054530553095,0.0
340,20.165718700283183,21.173862467544016,21.99207686007454,0.0
341,15.922163996540267,14.566358307998316,19.9841586947045,0.2502502107439637
342,17.575653447392913,16.299101917036545,24.26979876949862,0.16015557409664286
343,12.542231057382631,9.187277348935677,13.310121181902248,0.8137474627635639
344,11.153564629238277,8.984805093951739,13.7849247883507,0.45181363660934615
345,9.275136852401257,,,1.0
346,9.036140309331344,5.116994186263232,5.116994186263232,1.0
347,15.970455568741887,4.6035692455439206,21.958717186047046,0.6549576161589574
348,17.967259021785093,19.79894640069476,20.456815292963324,0.0
349,15.367766422496304,12.03334834781326,19.38875925729217,0.45332859247686413
350,4.773562460028191,3.262440264253949,12.548945538255136,0.16272237523030653
351,15.478926475302067,16.415511328635777,26.200202499749583,0.0
352,11.591616348299855,11.083205050326395,13.354251747441307,0.22386650993100868
353,7.877908410967834,2.8801761670085955,2.8801761670085955,1.0
354,12.053555491255178,10.342381089806777,13.215361362871871,0.5956095200134466
355,12.064823718583426,3.923749080869675,9.143971491771442,1.0
356,5.907523635458461,3.225584146135196,12.28111369127639,0.2961659476625835
357,17.92610536521013,15.438037902682085,22.355970358260524,0.35965477814426083
358,15.567974376399079,6.245415533154698,19.148326968072812,0.7225159135802085
359,10.833497705181932,6.024868910729878,12.0757437651713,0.7946997599731314
360,19.367498929980847,22.781158203234003,23.05157064283785,0.0
361,16.83674332597889,14.703523995655301,20.19810408236626,0.388240647448735
362,19.367498929980847,22.781158203234003,23.05157064283785,0.0
363,18.390725796055307,15.386805666605063,20.496092569280442,0.5879333430810665
364,3.450626984991151,4.273758820297687,12.600328273766994,0.0
365,4.8637190250866915,1.8498646169295203,17.313846813741687,0.19489510333104657
366,7.403185386896263,4.931560154158864,17.958384408024852,0.18973352096954035
367,20.005087794088606,5.92029354346186,9.220496007420817,1.0
368,5.745344480439671,5.547309578852632,11.432777111562732,0.033648117245810336
369,12.291278793117906,4.417375163858496,4.783215152449486,1.0
370,5.890378278898535,2.352039563762813,10.48539124328126,0.43504066399170094
371,4.382080952408404,2.6160025795069717,15.33902991116168,0.13880960300285253
372,4.0946511880306895,6.748464330448208,14.241308619482462,0.0
373,5.632624765377048,4.84332011913612,14.547722621771788,0.08133469794009024
374,6.091601363099128,4.1577514264751505,9.350238845913706,0.37243228156594704
375,5.0538917848121665,2.6167508543291187,9.471794311060558,0.35552523421129467
376,8.110957639861617,3.029338410830965,18.16651064705271,0.3357046580252845
377,20.61106573503004,4.591329323444111,16.229215621556264,1.0
378,2.3519377101878054,1.2005906040999599,9.15181404335403,0.14480125164183
379,6.029921580358521,7.290753888691113,16.220305129777774,0.0
380,9.994041365197448,7.564565680323039,8.897431746628866,1.0
381,8.680990604362993,2.619273497405603,8.357449087800788,1.0
382,8.570555234004818,20.52559815306076,20.52559815306076,0.0
383,9.505493820277936,7.163131858661596,21.592211744411404,0.16233619746811867
384,2.958321413426338,1.0059664153520937,14.59981435354524,0.1436204823645942
385,18.324850826162088,6.346991928695142,17.993596210380883,1.0
386,6.796218995473378,2.3768318712796144,5.690407485679094,1.0
387,9.531873315686152,3.618519964618565,13.522552565766935,0.5970652146663911
388,9.156161986475976,2.006683654883293,9.522126457035723,0.9513050022209024
389,7.0890974019959465,4.810281787157918,17.231941971348547,0.18345499563241446
390,5.828100006624323,2.276707997564823,5.107205198847725,1.0
391,6.547779216554881,12.706955383320139,15.230419975359148,0.0
392,4.065427002184618,4.868397300131498,14.920346606148833,0.0
393,6.723821439210258,19.846540071948127,20.58407783978637,0.0
394,4.422422307150834,14.23734829056413,14.23734829056413,0.0
395,2.6468898296598606,7.191018528428245,10.373833887515035,0.0
396,3.447818928682651,4.273758820297687,12.599173102332498,0.0
397,8.037208788034512,5.301927400731136,15.209959444652982,0.2760670711578243
398,4.32951629591622,3.137321540360871,9.206470821002297,0.19643523341204594
399,3.239785476126466,1.4676323109804579,14.413263080734565,0.13689199056151274
400,4.442217314741945,1.8084455068845058,14.786117830643967,0.202946394557639
401,4.257363560310492,3.550285402977328,23.149829082031335,0.03607625610635093
402,7.074199383090882,2.07907931015938,17.52407357848777,0.3234135271370433
403,3.2568101113769163,1.8003175728407335,8.629382483458679,0.21327847334876018
404,5.745344480439671,5.547309578852632,11.432777111562732,0.033648117245810336
405,7.898533773214654,1.0359193774690265,9.868148236905363,0.7769968945509856
406,7.907954000598815,1.0179874187818092,9.797765627225315,0.7847540585012649
407,9.305692039010394,1.8126931584783983,6.871756082884742,1.0
408,4.382080952408404,2.6160025795069717,15.33902991116168,0.13880960300285253
409,4.204272436521426,14.310901065005988,14.787946498380151,0.0
410,7.809388015760847,15.947924609114317,21.269553286738454,0.0
411,6.057079124580723,2.841562501586197,7.1104317226832805,0.7532478641189553
412,5.422844938999082,6.329839370074594,16.50672314502766,0.0
413,9.810651979318562,4.263867270387695,21.045930838883656,0.330518632961416
414,4.249586985710297,5.1355408449496736,14.93030068476811,0.0
415,7.598412680941022,4.061720979038831,5.368754146094817,1.0
416,3.5475361494458126,8.507561908453681,15.879508287048598,0.0
417,3.49542938743554,,,1.0
418,7.464703933928445,3.8606076866218726,12.656150141616033,0.40976395324658405
419,5.032736015817021,3.514707909469779,6.456559071156723,0.516011185785742
420,7.7802789458754615,2.3780324851832293,17.901134635573985,0.34801332931744217
421,14.801246377560629,9.586696362177555,15.565105492078555,0.8722303713378387
422,7.062249900065573,2.403539949892153,22.102433144566923,0.236496025646396
423,19.06067705251121,11.496741744918907,17.10183188926168,1.0
424,5.625949007414083,2.845616544579483,9.313628470838024,0.4298588955204508
425,8.469375481211731,4.096091335666886,21.20130359841761,0.25566967999972473
426,8.51686304409785,10.163028943987845,17.92701695855535,0.0
427,2.74463611689838,3.8480786115066463,18.736902656438136,0.0
428,3.6039630196831887,5.446017595844082,19.03997221212786,0.0
429,14.465116334647384,6.550226171727914,15.635326269542594,0.8711946018980362
430,3.972254774275753,2.57223060903065,10.901011650400868,0.16809472578171852
431,6.557697735192266,1.7342164345781181,8.960836549924917,0.6674601990453007
432,4.257363560310492,3.550285402977328,23.149829082031335,0.03607625610635093
433,4.153472274722521,3.2712693772594506,20.125550445759927,0.052342956301580174
434,17.338814395546976,17.125422611153514,20.05507832564361,0.07283851933113666
435,4.093676666927432,1.756031182064969,10.841592402458115,0.25729235961950947
436,15.261768669800325,4.3020610773820716,14.692206270597172,1.0
437,5.294158566794342,5.45765714106053,19.05380236669336,0.0
438,6.097832741022142,2.820851043995615,7.1639006775491225,0.7545347102895719
439,8.261680485265362,8.537544797539203,17.575958992579526,0.0
440,3.450626984991151,4.273758820297687,12.600328273766994,0.0
441,2.74463611689838,3.8480786115066463,18.736902656438136,0.0
442,3.1784326194609873,1.6169586644701086,6.869046560017974,0.2973053737951572
443,3.6067550422284413,1.8576310597603867,5.982969137005603,0.42399530649766043
444,9.027307549264203,10.118287988284857,13.73038170647866,0.0
445,5.044976068686819,3.5038935650371923,17.153224437623024,0.11290535177404433
446,9.139270104622904,7.393960328605885,22.55055899994423,0.11515181036741845
447,8.008104287103125,2.855008150742072,17.300111228507856,0.35673654307755065
448,7.7802789458754615,2.3780324851832293,17.901134635573985,0.34801332931744217
449,4.443764349646217,1.8805539623074274,16.50291782854922,0.17529384515293012
450,17.474041670059915,3.2612350285305625,18.245938308948247,0.948487692786212
451,5.377620097932015,2.4130580983398286,14.595335548981067,0.24335039253568636
452,9.969522633819059,2.9239473061667005,12.969777746017282,0.7013432458210147
453,4.650927516874379,5.1993839648228155,9.247931483539695,0.0
454,5.2413985316631395,3.6235369184715194,9.773238930207647,0.26307967607277283
455,5.5233433826818406,4.9814723731469766,12.113654476689929,0.0759754871185477
456,10.46496452307503,6.459312471603596,8.415544467794838,1.0
457,10.931088745754836,3.9726444506893124,11.909796970772947,0.8766927783557575
458,5.56229291230909,1.725880506005626,14.90759797071508,0.2910404062728881
459,13.676060336893473,6.2029818519218365,21.13491835895777,0.5004761761108695
460,3.147243435233024,2.2501606739644378,11.764586285731705,0.09428659152677495
461,4.124424925547817,3.828495916240605,17.2670192007199,0.02202094702243014
462,9.950060704665155,13.442035351055694,15.592029648872227,0.0
463,15.759479675045673,4.458418699090633,21.404347192986602,0.666889452532846
464,18.306441045854214,6.150721316595048,20.068498786898154,0.8733951778720626
465,1.430034186897037,3.961271474316021,3.961271474316021,0.0
466,7.595633310241709,5.495706467106231,8.37619535942882,0.7290175111358509
467,4.408861249078212,2.811817524311357,4.653384572725517,0.8672199723285272
468,5.815051282740873,1.8484585730519523,8.512654109357479,0.5952095325053902
469,4.448117257242526,1.940282897150815,17.58347754468926,0.16031471937775413
470,12.321609575029614,2.911498624486858,13.48055369723303,0.8903455309650224
471,17.342553659510756,3.67110957567348,9.474620928337728,1.0
472,5.294158566794342,5.45765714106053,19.05380236669336,0.0
473,12.495502043573909,12.95233150668443,14.972274734438832,0.0
474,12.068588676491425,3.005990133693338,15.098069105422505,0.7494657092453751
475,10.970474290236846,4.52192799574204,10.689665939193182,1.0
476,5.528030310079116,6.2420816717678775,14.728446764725241,0.0
477,7.905132408389036,3.388448246920641,20.846235595647414,0.258720310383309
478,13.038745457008652,3.6557394690945535,4.229530574685479,1.0
479,4.678167374811679,2.8631620922280128,16.662155512919878,0.1315317159193677
480,13.706985068868317,1.2548046903771841,13.033946102310964,1.0
481,9.757714819752712,20.187374270076745,23.5318463743877,0.0
482,7.146246490976812,3.41126909495306,10.268398301376152,0.5446852879081217
483,6.445391326920195,3.7747795476681762,11.823760435888012,0.33179502055479076
484,6.713361131578413,6.945701870506486,13.880413250820384,0.0
485,10.056087546438857,8.193359054338117,20.416539040910795,0.15239311653325657
486,6.179041735605073,1.8865841844466122,11.956997268176869,0.42624443659549055
487,7.043136300758568,3.209228331289634,10.912241017812656,0.4977153907816656
488,7.5581128753262155,2.541104602408941,12.73167627911956,0.4923186286381824
489,6.5640424703317075,1.5580940893800757,7.763491675766558,0.8067087259539623
490,12.302785298922478,6.431219354297398,14.633920129048677,0.7158088665989547
491,2.6781193285641898,1.306460789820869,8.898525991338541,0.18067001564595664
492,7.153090202953673,9.473245424147574,18.78343684920599,0.0
493,10.168820357468237,4.047370636174602,6.803980920146682,1.0
494,11.656926601230763,7.2406382245443845,15.745158438418194,0.5192871867694413
495,5.1735296321646285,6.52245039951975,9.907181550767287,0.0
496,4.442375818412258,1.8081342209171878,14.790170514112065,0.20291436089082016
497,4.32951629591622,3.137321540360871,9.206470821002297,0.19643523341204594
498,9.969522633819059,2.9239473061667005,12.969777746017282,0.7013432458210147
499,2.137659145960734,1.74918826561871,4.5969599741082305,0.13641222685931934
500,3.9118181359049813,4.859511562674927,10.26184582527766,0.0
501,5.828100006624323,2.276707997564823,5.107205198847725,1.0
502,6.723821439210258,19.846540071948127,20.58407783978637,0.0
503,3.128871074927838,6.1830916438470185,10.69131901769731,0.0
504,3.147243435233024,2.2501606739644378,11.764586285731705,0.09428659152677495
505,5.625949007414083,2.845616544579483,9.313628470838024,0.4298588955204508
506,9.013872580868915,2.394691850202913,15.141329216640502,0.5192883848798093
507,9.139270104622904,7.393960328605885,22.55055899994423,0.11515181036741845
508,9.375378032493694,7.55679452119044,10.299227222830515,0.663127853681031
509,10.538000932230954,7.86354794598494,14.561218894653752,0.3993108957939434
510,7.595633310241709,5.495706467106231,8.37619535942882,0.7290175111358509
511,13.934658350687256,4.615301343760323,14.831699359520176,0.9121959610961571
512,5.916552400357657,4.457301839403143,12.696698439255275,0.1771064838632361
513,3.9694999614485598,3.2412785993404323,4.705169222578118,0.4974561285852906
514,7.329055672861078,7.412471027937778,7.412471027937778,0.0
515,3.4913453830190058,3.576658063729856,18.6040183926251,0.0
516,2.137659145960734,1.74918826561871,4.5969599741082305,0.13641222685931934
517,4.678167374811679,2.8631620922280128,16.662155512919878,0.1315317159193677
518,7.809388015760847,15.947924609114317,21.269553286738454,0.0
519,3.732500381160102,3.761896542476167,18.47982938038727,0.0
520,3.9694999614485598,3.2412785993404323,4.705169222578118,0.4974561285852906
521,6.057079124580723,2.841562501586197,7.1104317226832805,0.7532478641189553
522,7.897705306976273,8.566546239326309,12.716164334497845,0.0
523,2.3519377101878054,1.2005906040999599,9.15181404335403,0.14480125164183
524,4.6204292251977614,6.010542477345121,13.636997899590876,0.0
525,5.5437584557562705,4.890332881422005,13.343247909993794,0.07730180323895544
526,7.565428796122081,2.1145771245098666,9.799890190035304,0.7092556445180473
527,9.865737568602084,7.660451166493811,8.267994865468559,1.0
528,9.531873315686152,3.618519964618565,13.522552565766935,0.5970652146663911
529,3.2568101113769163,1.8003175728407335,8.629382483458679,0.21327847334876018
530,3.386184337669637,5.627117177800503,20.5505264063811,0.0
531,4.204272436521426,14.310901065005988,14.787946498380151,0.0
532,3.5905082384533054,3.283020499473157,10.615506549294388,0.041934991337302975
533,6.613289633603965,1.986248794062676,14.38063870004603,0.3733173536284831
534,8.113489900050553,3.0105413984360374,10.204970198423078,0.7092916815889132
535,3.5387779185174097,3.4596274076161926,6.9116192718583855,0.02292893900507291
536,5.745344480439671,5.547309578852632,11.432777111562732,0.033648117245810336
537,2.8646044726606017,1.8623450261273968,8.411996980576477,0.153024840633308
538,6.723821439210258,19.846540071948127,20.58407783978637,0.0
539,6.091601363099128,4.1577514264751505,9.350238845913706,0.37243228156594704
540,9.385796384103221,5.725121083091857,14.230661671795731,0.43038714151491697
541,7.768522599059643,4.52785830490899,16.959202011574185,0.26068495655969487
542,6.741444713955089,2.484662326783132,19.247114093912202,0.25394748013649454
543,9.844382158245583,2.6981838686961206,5.47766262989233,1.0
544,12.944162646849355,8.358390102943616,13.620339127836994,0.871496953355351
545,18.324850826162088,6.346991928695142,17.993596210380883,1.0
546,3.7067264609981705,15.091316698990534,19.21545317506125,0.0
547,3.5387779185174097,3.4596274076161926,6.9116192718583855,0.02292893900507291
548,7.698328801967216,3.650193329885019,8.504936165081636,0.8338516806149728
549,9.305692039010394,1.8126931584783983,6.871756082884742,1.0
550,1.706853095918932,1.4014559708717842,10.325717472315473,0.034220996885595906
551,7.3503624145527295,16.786229906974786,17.91522105463559,0.0
552,10.461373703282907,4.346048547475121,20.910074296681366,0.36919316888292303
553,6.213960390378033,0.9357545415805312,3.938304935190906,1.0
554,4.983987277602227,8.230528946164004,17.174781048113267,0.0
555,5.161155123980494,2.0129232778315824,18.174709107025606,0.19479480048931647
556,3.19278066401684,1.0588897184769865,14.977352002490006,0.1533136996024968
557,4.925303204961576,1.9899674777487137,13.574327048577658,0.2533878294493252
558,18.886956375146458,3.5567451287824383,23.444227909403672,0.7708472417284549
559,8.493702903372075,15.744196498889895,20.33081048007898,0.0
560,20.57850275937518,4.480630805595962,16.243311984346555,1.0
561,6.179041735605073,1.8865841844466122,11.956997268176869,0.42624443659549055
562,7.2891789055495115,3.286780422639798,15.374057973001646,0.331124892783644
563,6.475771413989356,12.074111751586535,12.074111751586535,0.0
564,6.8336682241157956,1.609200364590622,9.521028380685191,0.6603363785078927
565,5.890378278898535,2.352039563762813,10.48539124328126,0.43504066399170094
566,3.5154719421333205,1.2186818086190312,6.365656008007461,0.4462408484167643
567,2.7011898274162625,1.1242903064531204,6.873040217252865,0.2743030302989419
568,5.528030310079116,6.2420816717678775,14.728446764725241,0.0
569,5.5008470461991,1.88702305491754,18.051351196678986,0.2235678439331508
570,9.969522633819059,2.9239473061667005,12.969777746017282,0.7013432458210147
571,9.625907842694662,4.113904134719389,13.736211084598722,0.5728359879482326
572,2.7609646137966037,2.107565364400651,11.027374792865968,0.07325260193461018
573,10.534158824177196,7.815849468583152,14.728539405707135,0.3932346713535647
574,16.541865694466043,9.17113979767875,18.403824367905003,0.7983296559872259
575,17.918276646052902,15.693146855804141,20.555541120378926,0.4576201906250291
576,13.831440318442565,17.121134802722754,19.631806049953664,0.0
577,11.029487570138992,9.906158576816773,15.729054552921003,0.19291586144284412
578,13.072783900607913,8.400187934172976,16.740526016294716,0.5602405946170292
579,16.914509911171255,16.291069694044914,18.285254049853016,0.3126291785965316
580,17.260606145465864,18.94516299946765,19.89287132080304,0.0
581,12.768792509338018,11.785647112878166,16.298555854533173,0.2178518230127795
582,15.775052999638705,12.746023803094289,16.026190004924064,0.9234377193615165
583,9.509801537541122,3.5972016223239516,16.440624818283112,0.46036012556819056
584,16.585998752117167,11.128171618708553,19.960981220484946,0.6179038583952917
585,17.501962284613043,6.5645118006097505,17.779603416675062,0.975243971109045
586,12.681959941946147,4.637726583866422,15.3258840210876,0.7526305076744034
587,16.330832065007325,7.76922979030605,16.532191919051307,0.9770214853053559
588,9.423203696067489,13.660502175896978,19.8718473122247,0.0
589,4.586694820532136,2.4740637754446535,11.938440113536764,0.22321925604168866
590,15.34927239160318,8.024755680288271,17.50519168730066,0.7725928117543526
591,19.05722945612097,8.516951129182473,19.0055872750864,1.0
592,15.83637149499828,13.597502882457082,16.859984467688097,0.6862471263213781
593,22.22095229163775,15.100899584583072,27.76959145824411,0.5620195658762284
594,16.98763169558462,11.628181551590306,18.346890249730027,0.7976905064329165
595,12.123356924978024,1.8432120159312495,17.053122906096096,0.6758846243927836
596,13.333760465810421,7.364326084786232,16.76097951567912,0.6352723791428541
597,18.766365778058677,15.347657243004262,20.448285354036113,0.67025245923346
598,16.39985214972159,14.689649337587502,21.481614662530838,0.2517979303948161
599,16.960830760518647,6.992797481035304,20.653634037525894,0.7296795652494131
600,9.91375686944202,3.787914712273018,14.006774652290622,0.599464342708121
601,13.923128502389465,1.531385020137692,16.33993177423154,0.8367967288097364
602,19.74307654704514,9.614187096335629,22.444546268815547,0.7894470696062164
603,17.528872984002675,13.29187400333756,18.717453487160476,0.7809302201356165
604,15.908635502257011,15.257738802978082,16.546348034759568,0.5051156574278713
605,11.521719196436756,6.464384617556466,15.337310508952518,0.5699737201439172
606,20.273802944294342,18.144609259303525,20.290943637711955,0.9920139687506087
607,9.91375686944202,3.787914712273018,14.006774652290622,0.599464342708121
608,13.888480500927821,8.203218280376706,17.712065089624414,0.5978918721271212
609,10.56504762730935,7.932749045110652,13.331056440353738,0.4876155412191315
610,14.583321529892538,3.0685609803763882,20.947645059415514,0.6440352592231329
611,10.689881249538892,6.676011318859171,19.954586706313624,0.3022816690465161
612,18.0061617727724,16.73634207519467,21.030914626084982,0.29568011310333625
613,14.706976912259123,8.966509808366851,17.610718801152707,0.664082405768192
614,9.080021665383518,5.132424151240333,7.2668644019340825,1.0
615,9.36118131332964,3.73319956093723,8.918515180161274,1.0
616,13.684491048597941,11.241808281107787,17.209696067860925,0.40930440631141785
617,15.673488253120295,14.668462838799206,17.780964918815645,0.3228995157220204
618,15.073041205406529,14.860937090017513,20.463494358251378,0.037858446640364085
619,7.185434909817175,4.06999179562005,8.437288832743379,0.7133572751555318
620,12.291285395602543,5.508189147707872,18.104469039310345,0.5384999623910182
621,17.083293870753682,16.484766991508707,18.898987852315468,0.24791720134709017
622,9.786191425573321,3.6959244103895452,14.418338291786984,0.5679940247176914
623,16.426749806109306,14.922552020022588,29.68888292429647,0.1018667261243179
624,17.004884006725494,16.39585790575325,20.391179262973267,0.1524348222632109
625,3.4544478145898907,5.482572591584679,6.162198245049682,0.0
626,12.768792509338018,11.785647112878166,16.298555854533173,0.2178518230127795
627,15.878694285902057,12.592917135991621,15.967567305651144,0.973664523645112
628,12.53841294863416,16.800946704774713,19.69924034067911,0.0
629,18.561157905218263,15.61815546588045,20.432356766181464,0.6113168635374258
630,15.741551185435892,14.509299020963892,16.295936190128156,0.689704762522326
631,19.42825571426634,15.816727899433118,23.76614328325378,0.4543136369730678
632,15.058786739493522,10.466109257421245,16.706159748647828,0.7360000513664934
633,14.523521551727827,4.176195748463339,15.173382181478804,0.9409066461035904
634,12.290906072687386,11.357629371453582,15.579337236653798,0.22106614930105867
635,16.426749806109306,14.922552020022588,29.68888292429647,0.1018667261243179
636,12.328913368433646,2.9061016497663563,22.09368506820949,0.49108902946110816
637,16.960830760518647,6.992797481035304,20.653634037525894,0.7296795652494131
638,12.358106724115252,2.153359093043277,15.3166498339318,0.7752428957125012
639,9.429672893846273,19.875584630309273,19.875584630309273,0.0
640,16.35738126375224,15.40948573216781,18.062136998931067,0.35733891727918177
641,28.34908436371314,24.68922216505641,32.17646763005819,0.48881290399310534
642,4.364595185029741,3.507740918596919,11.859153228463038,0.10259992377822842
643,14.841071561868613,1.1590255270528487,13.683445997748738,1.0
644,16.761993140861815,16.814564087787236,16.81996538383027,0.0
645,18.676217566466846,17.863996156284006,33.560676128848286,0.05174479008315742
646,7.185434909817175,4.06999179562005,8.437288832743379,0.7133572751555318
647,13.888480500927821,8.203218280376706,17.712065089624414,0.5978918721271212
648,15.88268505071288,14.070779321066638,20.67947877029155,0.27416978840802747
649,16.548608092435504,8.382923339276061,17.825118957676253,0.864807835292759
650,14.739729554759842,7.072570591941917,15.160410996764977,0.9479859367954061
651,8.291257013909135,1.9249295872344045,10.836128976058163,0.7144186937012369
652,18.13041091683571,13.064551015335997,18.420604758877165,0.9458194678514201
653,6.738324964811137,1.82888001806674,8.071691155486661,0.7864157410299956
654,12.753400249966514,11.439751664445048,13.942535567540137,0.5248749538052133
655,6.754873358880576,3.3373291293369745,12.624544253069216,0.3679837479817305
656,12.484701723330577,6.5327777371825615,12.003792344934947,1.0
657,12.835742556092729,3.4736415537745233,14.826099225605043,0.8246761426425666
658,14.394587256304199,3.875496745352665,15.00040998468477,0.9455435997254624
659,16.39985214972159,14.689649337587502,21.481614662530838,0.2517979303948161
660,16.960830760518647,6.992797481035304,20.653634037525894,0.7296795652494131
661,20.141914208217415,2.0416456453730456,21.05836040807058,0.9518083848188735
662,17.327628537323633,16.580232791202818,20.186929297221454,0.20722446284948212
663,13.370149865309108,8.5975980222565,14.88224824293423,0.7593981646504331
664,12.273681128118504,6.5884993551048465,12.235386078858005,1.0
665,7.55728567254116,6.918803094634751,10.751809271210345,0.1665748888713842
666,10.874148488916067,1.7065938397813638,14.281587825289625,0.729030539473786
667,11.21124662696215,7.868651030474984,13.878028672252698,0.5562299119378273
668,14.158700128965567,1.9056425642085204,14.75002045576046,0.9539627117959665
669,13.842374928871735,6.239671490683886,15.985927803097645,0.7800639747699147
670,19.154358845257743,15.722133298920285,23.935699865776712,0.41787273754951393
671,9.295946980160602,6.6107012861632475,13.1823832469629,0.4086085890971221
672,13.096421654409548,4.3344157325407435,14.942343062725872,0.8259866088011646
673,9.689657314770825,5.679778949693418,12.906659954425368,0.5548560108367435
674,10.689881249538892,6.676011318859171,19.954586706313624,0.3022816690465161
675,10.298506824078514,1.865803023197977,13.30166774428921,0.7373910068495346
676,12.59351993192869,6.601351978579014,16.106362816608446,0.6304220011380824
677,14.422079899082982,3.6861265101641636,18.109079748994322,0.7443658182302759
678,10.264890019541047,10.2366141334283,18.191199414742584,0.0035546650281276164
679,6.754873358880576,3.3373291293369745,12.624544253069216,0.3679837479817305
680,13.753298818338044,6.314789331675316,8.332176165627677,1.0
681,12.870435302177231,12.074088584023805,17.714049934412955,0.14119719421454535
682,10.868103097494103,1.6695228342014672,13.17274627053835,0.7996524030156418
683,11.969628364315266,10.911230621300128,15.387347986913806,0.2364544216704272
684,11.673207739632138,10.805038586287292,13.476478070064747,0.3249817780327339
685,24.040193266898857,2.271779274505427,28.62127102047247,0.8261417033110411
686,15.915865579244208,6.523711175396003,17.767092458432206,0.8353496308106981
687,28.34908436371314,24.68922216505641,32.17646763005819,0.48881290399310534
688,19.987973399649427,15.776968190902902,20.094118753221288,0.975413098978216
689,19.30169294553809,13.949504507166624,18.3013075106645,1.0
690,12.290906072687386,11.357629371453582,15.579337236653798,0.22106614930105867
691,13.394097162112194,7.386790889480082,15.839593186360311,0.7106881317748667
692,13.268818862841377,5.956509537290294,15.348503265929272,0.7785683782191718
693,6.754873358880576,3.3373291293369745,12.624544253069216,0.3679837479817305
694,14.98006509892008,4.258660788510888,19.477312888613685,0.7044910574134731
695,18.16573327868411,18.332477549769468,19.184597981875527,0.0
696,15.836203856473993,8.567077676597286,18.26401387976532,0.7496312265622467
697,18.03256587364172,9.97810725736913,18.896080165366953,0.9031714605287916
698,29.891141078471616,27.00890749968472,33.672584196166476,0.4325290241509823
699,24.91570424117303,20.170769955589616,25.796291257420666,0.843465704065326
700,14.63784616337743,5.401123723660119,13.149784799572371,1.0
701,9.825722442659375,3.2606803914533304,12.448142538138386,0.7145653442038712
702,4.911151563207563,2.5998495195385765,14.583545881058528,0.19287054460847775
703,16.378801614905658,4.295486197836635,18.452614870419055,0.8535145576850147
704,10.231807306779368,12.669005499445195,12.669005499445195,0.0
705,17.29330042783341,2.040478030033781,5.075467123545161,1.0
