index,task_time_frames,task_time_seconds,v_max,task_path,task_time
1,34,3.4000000000000004,17.758555553664216,28.52102072818497,0.4723658679863096
2,41,4.1000000000000005,7.974898289873461,26.86653682289085,0.8216799288289913
3,49,4.9,18.003453453231568,31.173006486276954,0.3533676510981806
4,53,5.300000000000001,25.786223423138942,101.83071778764756,0.7451010822143336
5,67,6.7,25.088961152623167,124.35345451649069,0.7397762298369607
6,40,4.0,22.675909523350583,60.39994963339586,0.6659043771893564
7,53,5.300000000000001,18.36254924361168,60.25074760009468,0.61908972627417
8,62,6.2,19.082208210916228,41.61623272276059,0.3517567530054199
9,40,4.0,21.930667889257467,30.376164871033655,0.3462749632663164
10,65,6.5,23.121822411110923,97.90550579208738,0.6514359135998262
11,58,5.800000000000001,22.20870456245875,80.17011536033232,0.6223881111094226
12,67,6.7,27.363085749470297,121.65333466256114,0.6635660281513375
13,68,6.800000000000001,23.26687260056585,129.83630149158583,0.8206334420853046
14,49,4.9,45.40109187175588,32.40660084868206,0.14567032944089708
15,30,3.0,27.857147234699756,54.999671884201156,0.6581156285293971
16,54,5.4,23.531833281529188,87.06341529669731,0.6851508121651051
17,54,5.4,26.743907239059,104.16490487083692,0.7212781971562752
18,47,4.7,22.48730725327183,71.89348104648624,0.6802275237651692
19,53,5.300000000000001,35.75621929311576,77.26742893914313,0.40772655681759123
20,31,3.1,13.264326196000267,17.26165484064534,0.4197933368621426
21,47,4.7,20.3271601665682,58.55599134387769,0.6129100897732807
22,53,5.300000000000001,23.44866690049077,83.33848483381585,0.6705815084586146
23,46,4.6000000000000005,20.577759828564254,42.330380537627946,0.4471942871954895
24,37,3.7,24.639566460455264,59.41798568924162,0.6517531498340196
25,45,4.5,16.875526455331922,39.70560637053092,0.5228558709380221
26,47,4.7,22.05568602845671,52.534638753301685,0.5067891653447956
27,41,4.1000000000000005,12.784142397767233,58.15374348924614,1.0
28,46,4.6000000000000005,21.147331602044122,71.73441075092617,0.7374186688527259
29,58,5.800000000000001,24.944935237565712,98.8532443109821,0.6832514356089194
30,46,4.6000000000000005,32.00198164500042,69.96019362524002,0.4752436243895357
31,39,3.9000000000000004,24.502001777925987,49.66284546378051,0.5197152075510459
32,41,4.1000000000000005,17.405975510848798,23.35395977573272,0.32724898105414735
33,40,4.0,26.273650743320694,61.32002160028171,0.5834745064489232
34,63,6.300000000000001,20.592714095508423,73.12961036409905,0.5636884291760236
35,63,6.300000000000001,22.61734891580225,121.62662028433326,0.853584247005024
36,48,4.800000000000001,18.580938822350493,67.77263651212876,0.7598808331673986
37,51,5.1000000000000005,23.42285614299908,88.55667633587257,0.7413294978842455
38,71,7.1000000000000005,28.834727805288136,117.59660488856842,0.5744081306688776
39,48,4.800000000000001,23.643224140907176,68.44437645242941,0.6031007027330499
40,60,6.0,23.643224140907176,85.3912412550549,0.6019430115660648
41,63,6.300000000000001,36.518795922058054,57.96715740080816,0.25195617388383584
42,39,3.9000000000000004,24.557339293870964,53.69543265605882,0.560649486112526
43,44,4.4,95.32342930183023,29.371906926580152,0.07002930382694918
44,57,5.7,23.23397399925714,97.2937988947457,0.7346606966995716
45,44,4.4,25.977124659829965,80.92636709445185,0.7080212455642253
46,51,5.1000000000000005,38.38826977701891,136.1442964835386,0.695393677544498
47,52,5.2,19.75189093700039,64.09427535498286,0.6240325153153362
48,44,4.4,19.335805613737474,26.043125386580225,0.3061104487474007
49,32,3.2,22.934354375415953,32.20577089509914,0.43883090144916925
50,32,3.2,18.229495826655842,38.91905280639507,0.6671717154247587
51,53,5.300000000000001,20.65602054122235,84.0282967494249,0.7675435634593356
52,44,4.4,21.533282844240187,38.44156681410508,0.40573096975853645
53,51,5.1000000000000005,27.382836178593863,96.01230822950207,0.6875088711524832
54,70,7.0,125.53643943462454,203.63809981974984,0.23173476361225687
55,33,3.3000000000000003,18.505749093182576,46.525943281460016,0.7618589563902298
56,60,6.0,27.197518092409883,117.0201432854613,0.7171006246958405
57,41,4.1000000000000005,11.369972543272285,22.440810147500823,0.48138799876850874
58,54,5.4,23.08642192435604,68.90223156002115,0.5526916450250634
59,42,4.2,21.960667844980737,28.290227712061082,0.3067196567253392
60,56,5.6000000000000005,21.769683174768186,101.01717566487702,0.8286193797085484
61,53,5.300000000000001,20.681637103186457,57.88535586125105,0.528089976743528
62,41,4.1000000000000005,14.341958260254824,27.05361427175684,0.46007960597629755
63,50,5.0,18.337533077672408,59.770816746423954,0.6518959392547766
64,49,4.9,19.867287440916783,21.975678932584923,0.22573954539887897
65,41,4.1000000000000005,32.64282069073031,69.10516162246577,0.5163437813350621
66,40,4.0,17.632829949231315,45.933151575119034,0.6512447478279209
67,53,5.300000000000001,31.588195807798265,29.984944298446393,0.17910287420364582
68,49,4.9,20.901119033401905,60.10279308778596,0.586852604435317
69,63,6.300000000000001,27.52577508468284,108.46861119972006,0.6254951884189538
70,55,5.5,23.789032746595495,81.97347546499692,0.6265184644170142
71,40,4.0,12.195689372092836,33.64450850562894,0.6896803345659375
72,47,4.7,10.15752813659722,38.358155808175056,0.8034739984637905
73,35,3.5,19.242099286278727,50.75373586797665,0.7536115043950002
74,57,5.7,18.695682845570232,83.87349730511839,0.7870613109757191
75,41,4.1000000000000005,13.297664148243065,13.596989474061463,0.24939258949104365
76,31,3.1,32.62606087783094,29.48936151744144,0.29156744662836587
77,68,6.800000000000001,34.15381538252467,103.5256972249082,0.4457589018516177
78,45,4.5,21.426858379374366,11.362362349962597,0.11784132635764052
79,42,4.2,18.23724459187566,56.10215568829023,0.7324382830403096
80,63,6.300000000000001,25.130579509201077,112.93854763362773,0.7133442181894685
81,41,4.1000000000000005,31.457054931146644,25.253218196738285,0.19580095863650093
82,61,6.1000000000000005,23.66002178754208,91.82030755035979,0.6362001510248372
83,55,5.5,13.022571701991911,57.19174971430627,0.7984981911418578
84,44,4.4,35.99079095090561,38.14337240775409,0.24086573385716145
85,53,5.300000000000001,19.265137475308244,66.74632120639112,0.6537013051051863
86,52,5.2,26.158906826778342,71.21312915007242,0.5235246495408195
87,50,5.0,10.749490648223444,53.54893953376002,0.9963065467220065
88,52,5.2,27.48047569074184,97.81884076154813,0.684533839325222
89,41,4.1000000000000005,10.775876018909765,19.98835674572913,0.45241880602726176
90,59,5.9,22.568462904754963,84.75832713535738,0.6365439338586238
91,49,4.9,15.45548211992676,40.10328079108588,0.5295430420793459
92,33,3.3000000000000003,26.972783977142594,61.99137559229338,0.6964525926176954
93,54,5.4,20.478515625,80.94190399895216,0.7319496078606741
94,36,3.6,24.97110461231916,65.59042643356223,0.7296258287758465
95,57,5.7,18.381168903196578,81.13858506618085,0.7744251500142286
96,43,4.3,26.11475527361483,78.60324678946887,0.6999807060504721
97,49,4.9,41.6560643293578,93.85372183475252,0.459808699908877
98,52,5.2,26.36029488931913,100.29205610507401,0.7316660889926242
99,52,5.2,20.03998641808427,75.69074161154188,0.7263433988776584
100,51,5.1000000000000005,19.748516292612532,87.65368594498695,0.8702930888303922
101,44,4.4,24.859968925205003,57.159403511308334,0.5225579148703711
102,33,3.3000000000000003,18.757819293687028,32.319470767189095,0.5221171430975691
103,45,4.5,11.430036397084214,28.320404990169,0.5506039624470583
104,35,3.5,19.082208210916228,28.046096227581348,0.4199288815092946
105,49,4.9,18.924515517498097,63.36543580433441,0.6833317122842222
106,63,6.300000000000001,38.605773535504476,180.93732239589932,0.7439356156844767
107,40,4.0,23.646004488414146,72.89596078645981,0.7707006147928364
108,66,6.6000000000000005,26.630512147156832,128.61574100417457,0.7317633764531831
109,52,5.2,10.175462596978086,45.01046225445015,0.8506599128403672
110,30,3.0,16.81605911339645,24.57699349222084,0.48717307121900066
111,45,4.5,7.344686773977711,18.334153378678668,0.5547215874212857
112,44,4.4,17.400838241467547,28.989239638031346,0.3786290903157305
113,55,5.5,24.240150910276764,105.93667981854308,0.7945996121788362
114,52,5.2,22.353785601944164,77.78644932847448,0.6691901241938704
115,50,5.0,10.749490648223444,53.54893953376002,0.9963065467220065
116,57,5.7,30.943506216538573,94.59107335082814,0.5362975040106638
117,40,4.0,33.8303500494295,74.21104883129496,0.5484058598482223
118,39,3.9000000000000004,20.979963804712426,43.606341087519475,0.5329424399127187
119,54,5.4,24.543870243004303,69.79209230895448,0.5265861256082509
120,41,4.1000000000000005,17.435141161179537,30.544858678737057,0.42729596867200076
121,50,5.0,36.68941056119853,89.52523865911503,0.48801677263135906
122,43,4.3,22.661974479696607,68.93931746580323,0.7074581883858229
123,50,5.0,22.444109509020585,92.11676393884939,0.8208547004444657
124,35,3.5,17.708618822087182,30.74632938481971,0.496067232954565
125,50,5.0,30.854145627038225,62.949263967387395,0.40804412300578147
126,32,3.2,26.33341523853876,57.80592476948349,0.6859858976448503
127,40,4.0,25.146053125331647,59.576706410456715,0.5923067341176526
128,35,3.5,13.022571701991911,34.81327672497258,0.7638007853186084
129,56,5.6000000000000005,23.239906888854964,90.96914433272771,0.6989911851671807
130,46,4.6000000000000005,67.7549717920862,36.33196200221772,0.1165708198272807
131,34,3.4000000000000004,6.186308100564936,22.104033014717835,1.0
132,67,6.7,22.744463618971373,99.84896836462867,0.655228953685578
133,49,4.9,25.07966937006896,84.89286059033255,0.6908015147336908
134,37,3.7,29.145900872574693,70.46394937752287,0.6534130039704417
135,43,4.3,22.169124354688112,48.59495638015005,0.5097699153894035
136,41,4.1000000000000005,26.380314956981785,77.64400125764611,0.7178671412086653
137,51,5.1000000000000005,23.66002178754208,76.41661366074867,0.6332897692127727
138,60,6.0,23.255072091712005,97.78699114356118,0.7008291263508345
139,50,5.0,19.918916753774724,72.57634314591084,0.7287177715842131
140,40,4.0,26.11475527361483,72.94414019815811,0.6983038844696505
141,66,6.6000000000000005,29.205502149771334,129.22944953626254,0.6704291378485936
142,45,4.5,25.319823630232435,84.52324080461734,0.7418275370053851
143,49,4.9,31.588195807798265,27.66734277959472,0.17875020529781677
144,46,4.6000000000000005,26.069833908283595,82.71648581133441,0.6897567819133965
145,44,4.4,17.900684310576683,59.2602286794778,0.7523865321077504
146,42,4.2,19.70226702837605,28.547345158402678,0.34498501785035784
147,35,3.5,97.68039203540134,55.128231704637535,0.1612495918164794
148,65,6.5,24.59377024163815,117.47869487951961,0.7348871355836527
149,53,5.300000000000001,21.907472086963963,95.51681710302691,0.8226435661446888
150,42,4.2,26.90315368771339,73.46127448492668,0.6501386358751039
151,44,4.4,52.16678027117095,56.21926170533425,0.24492799568256182
152,58,5.800000000000001,19.540351654317565,64.25468773844254,0.5669495940322377
153,41,4.1000000000000005,29.554841538861513,47.08943001154337,0.3886072884871293
154,51,5.1000000000000005,20.274232470263843,76.09693673683924,0.7359572309087445
155,47,4.7,19.777314599988824,68.02730789206066,0.7318433057737423
156,42,4.2,18.265491442685637,49.63221668641592,0.646968327472996
157,58,5.800000000000001,20.48261333138564,51.9820271969735,0.43756225522763925
158,62,6.2,31.884930503617536,116.28538769438968,0.5882310984029132
159,41,4.1000000000000005,72.19911490132965,37.39008550398989,0.12631087046173306
160,45,4.5,16.81337832173846,39.07698589415954,0.5164800599246068
161,61,6.1000000000000005,15.982150765340556,55.50623227824751,0.5693465463002356
162,64,6.4,18.170515370366104,63.78562651985266,0.5484987046642129
163,41,4.1000000000000005,16.986353149364927,49.60832459167922,0.7123124815214719
164,36,3.6,25.74747138431721,68.59608000290328,0.7400519601734254
165,47,4.7,25.184052309476943,67.32280437332035,0.5687726802053801
166,40,4.0,16.47834920804798,6.531884112079596,0.09909797440282188
167,43,4.3,38.81314608516843,76.34690051782931,0.45745050155740774
168,47,4.7,20.15048724601781,50.15142802856939,0.5295413689776662
169,38,3.8000000000000003,29.79984421581314,55.453342807952964,0.48970004150953284
170,38,3.8000000000000003,29.79984421581314,55.453342807952964,0.48970004150953284
171,57,5.7,26.70429842777476,110.9322343597165,0.7287888709880023
172,33,3.3000000000000003,21.874923195022895,55.317754321076336,0.7663092439421967
173,38,3.8000000000000003,25.284805465443036,71.0766216765064,0.7397475986501004
174,59,5.9,18.47093012410998,82.99893693523339,0.7616084482577414
175,63,6.300000000000001,22.739583243084493,105.05818473661252,0.7333424786584988
176,45,4.5,24.759873834506532,70.31696291130253,0.6311014289697271
177,42,4.2,28.700353007853774,51.903684928464756,0.4305877428643926
178,47,4.7,25.10961724041617,87.15425227473288,0.7385002229722115
179,54,5.4,25.274971468802782,102.79970069360088,0.753194979207936
180,33,3.3000000000000003,19.517530581896338,49.47779858041985,0.7681951481610111
181,64,6.4,26.027508561804655,120.95246071953936,0.7261095291756826
182,44,4.4,23.643224140907176,58.08733236080771,0.558369973864807
183,39,3.9000000000000004,23.643224140907176,53.394651203970966,0.5790638419088764
184,59,5.9,41.67496944991596,114.14943514150664,0.4642441768707756
185,31,3.1,19.521587575741783,16.129867802398415,0.2665348369786105
186,54,5.4,28.831163468511175,95.87723116664807,0.6158281759260336
187,53,5.300000000000001,123.1108811076256,123.29549271472847,0.18896218029562917
188,40,4.0,17.231224936386464,50.26687843342549,0.7292992607751148
189,50,5.0,23.614190070724515,66.9941873960917,0.5674061841244105
190,46,4.6000000000000005,23.17141449998664,86.11485795416412,0.8079187955657303
191,41,4.1000000000000005,17.435141161179537,30.544858678737057,0.42729596867200076
192,62,6.2,102.81914361979607,145.23580032809673,0.22782847882684354
193,37,3.7,24.009725022163337,50.771918093173305,0.5715242474670196
194,46,4.6000000000000005,17.45281192563632,48.627247463144975,0.6056984283048237
195,50,5.0,15.279911162033269,58.61317420324392,0.767192604481666
196,33,3.3000000000000003,21.746723390004973,37.18278670014507,0.5181245431408187
197,36,3.6,19.07445503033247,48.625925386934725,0.7081304013609516
198,31,3.1,22.182574818961346,45.33725815097239,0.6592977642831376
199,59,5.9,25.144571472296988,88.69213267596345,0.5978453391776791
200,40,4.0,19.333232651919708,51.94873360482646,0.6717543638475297
201,42,4.2,20.670790271166954,23.623219563291357,0.27210261498049687
202,41,4.1000000000000005,31.457054931146644,25.253218196738285,0.19580095863650093
203,67,6.7,25.715502625481445,110.79617355387754,0.643065102102575
204,42,4.2,38.295530263698815,80.70462146271551,0.5017657656190233
205,50,5.0,18.337533077672408,59.770816746423954,0.6518959392547766
206,49,4.9,20.901119033401905,60.10279308778596,0.586852604435317
207,34,3.4000000000000004,6.186308100564936,22.104033014717835,1.0
208,44,4.4,17.400838241467547,28.989239638031346,0.3786290903157305
209,62,6.2,25.043680850094294,87.19830278570858,0.5615884689226405
210,50,5.0,17.133634343159418,62.96557657500908,0.7349938175860279
211,63,6.300000000000001,21.799872006045494,95.50783440661304,0.695415721300165
212,43,4.3,13.243898714390845,39.66223168014128,0.6964546474002108
213,43,4.3,36.72114587637315,119.20985888440745,0.7549661737056875
214,44,4.4,21.87310867988908,42.61294433517778,0.4427701712597114
215,35,3.5,22.564165345893283,59.72669754874042,0.7562775075709754
216,57,5.7,27.857147234699756,108.87042686035213,0.6856436061762063
217,42,4.2,20.934175825274814,59.485306821691694,0.6765572434802575
218,61,6.1000000000000005,23.876820444935873,86.41956423332104,0.5933428912892955
219,43,4.3,9.49303642840917,21.234150909420833,0.5201891583729443
220,63,6.300000000000001,22.739583243084493,105.05818473661252,0.7333424786584988
221,59,5.9,38.01849246548506,115.12755199313214,0.5132540282424547
222,49,4.9,58.719092013437496,77.4725778362446,0.26926046756724326
223,32,3.2,23.467492304803017,50.19661287835927,0.6684327971965192
224,40,4.0,23.380452218883033,65.06215412745006,0.6956896461876722
225,37,3.7,36.459825003853204,53.302063792937496,0.395118824233466
226,33,3.3000000000000003,18.757819293687028,32.319470767189095,0.5221171430975691
227,58,5.800000000000001,26.211308193854407,87.85316998392308,0.5778841010553462
228,54,5.4,40.17812407713817,103.41115431325359,0.4766328493820926
229,42,4.2,28.812197391964798,78.72467923802293,0.6505568107892968
230,61,6.1000000000000005,21.064652082540878,91.82806574936615,0.7146465657918459
231,51,5.1000000000000005,34.15381538252467,76.87674224841652,0.44135247732275495
232,53,5.300000000000001,31.884930503617536,97.92008913334182,0.5794426465388945
233,50,5.0,21.31795018668832,58.779159428536936,0.5514522635974701
234,58,5.800000000000001,26.84155900871039,110.09628526604654,0.7071913424685374
235,50,5.0,14.05951574237734,41.22116089752824,0.5863809487162054
236,51,5.1000000000000005,9.015623255453486,25.604145070857392,0.5568578521836617
237,38,3.8000000000000003,79.92464946357335,50.45482415418077,0.16612628760771989
238,31,3.1,23.763642572952534,43.466075410443054,0.5900322143579493
239,40,4.0,21.854099097812615,72.29378788790581,0.8270048969342062
240,44,4.4,21.87310867988908,42.61294433517778,0.4427701712597114
241,58,5.800000000000001,23.84572676617543,90.47605956352596,0.6541767742020879
242,46,4.6000000000000005,9.005717945498189,40.64385254657077,0.9811122413884296
243,41,4.1000000000000005,18.958848816986418,18.652509486165542,0.2399614344477111
244,36,3.6,21.48823516152853,54.37443043869513,0.7028966474750127
245,49,4.9,19.867287440916783,21.975678932584923,0.22573954539887897
246,56,5.6000000000000005,26.34277524762505,106.45212965739739,0.7216137513493832
247,52,5.2,22.41259032971718,85.11959684673042,0.7303552600991305
248,46,4.6000000000000005,32.00198164500042,69.96019362524002,0.4752436243895357
249,49,4.9,23.393137622954082,79.02781192393185,0.6894382935023494
250,31,3.1,18.91373557084347,38.710499561948694,0.6602216614712024
251,58,5.800000000000001,23.23397399925714,99.2023101447308,0.7361567408668265
252,45,4.5,7.344686773977711,18.334153378678668,0.5547215874212857
253,66,6.6000000000000005,23.121822411110923,99.35729264631154,0.6510790966981501
254,36,3.6,35.88026713872528,67.1172004562193,0.5196078034010033
255,45,4.5,20.577759828564254,41.23763995283102,0.445331273465319
256,46,4.6000000000000005,18.42076997298094,30.538913283366576,0.36040264341685785
257,48,4.800000000000001,23.643224140907176,68.44437645242941,0.6031007027330499
258,60,6.0,23.643224140907176,85.3912412550549,0.6019430115660648
259,41,4.1000000000000005,11.369972543272285,22.440810147500823,0.48138799876850874
260,35,3.5,19.082208210916228,28.046096227581348,0.4199288815092946
261,42,4.2,18.265491442685637,49.63221668641592,0.646968327472996
262,50,5.0,10.749490648223444,53.54893953376002,0.9963065467220065
263,58,5.800000000000001,20.48261333138564,51.9820271969735,0.43756225522763925
264,49,4.9,45.40109187175588,32.40660084868206,0.14567032944089708
265,47,4.7,121.7354782812442,107.41505614403437,0.1877371131847709
266,56,5.6000000000000005,20.013792499406932,77.81443544489002,0.6942929432932304
267,40,4.0,15.982150765340556,32.187897492938156,0.503497588740402
268,45,4.5,17.821550686749266,49.03000894711877,0.6113697811888653
269,59,5.9,22.422373638190976,97.27793098436601,0.7353273644732037
270,36,3.6,22.245915841721665,62.16179333122816,0.7761948277196079
271,42,4.2,7.880555706011469,33.47449332456702,1.0
272,32,3.2,20.578230223969598,46.65484369150773,0.708498179625464
273,61,6.1000000000000005,37.07156988670491,115.61277629761216,0.5112519972871901
274,66,6.6000000000000005,33.68350881260361,82.77516971107357,0.37233924916316535
275,59,5.9,23.701395317442127,95.96190238918646,0.6862350929414177
276,41,4.1000000000000005,24.638461166127975,60.893475627449185,0.6028001150747668
277,70,7.0,22.777700695838476,105.87797844179973,0.6640453175525796
278,56,5.6000000000000005,29.35489047376199,109.14296081559078,0.6639375625937319
279,38,3.8000000000000003,29.101570795045223,52.8877681418552,0.47825025733354787
280,43,4.3,9.224250897952212,38.24186110313162,0.9641385700458426
281,46,4.6000000000000005,20.577759828564254,42.330380537627946,0.4471942871954895
282,46,4.6000000000000005,21.206267213294446,58.11737592153637,0.5957772779989872
283,42,4.2,16.268205210855,36.86525834418697,0.5395458410522685
284,44,4.4,24.859968925205003,57.159403511308334,0.5225579148703711
285,49,4.9,19.867287440916783,21.975678932584923,0.22573954539887897
286,35,3.5,21.63647622232345,44.32201572771604,0.5852816759503666
287,51,5.1000000000000005,21.025773898474824,75.44397958572313,0.7035620779097342
288,62,6.2,21.35751969289335,86.91578097851635,0.6563811974870039
289,43,4.3,21.1590842992543,43.522706479602256,0.4783552777270157
290,50,5.0,10.749490648223444,53.54893953376002,0.9963065467220065
291,52,5.2,24.07664539660316,76.1827549592046,0.608495475948406
292,44,4.4,9.224250897952212,39.326287237831544,0.9689450832302076
293,43,4.3,21.464845971479637,69.88828575412306,0.757195729792642
294,45,4.5,44.73070343704893,117.30373209821842,0.5827651706508932
295,46,4.6000000000000005,18.002412693928154,46.97647995711035,0.5672727553340737
296,47,4.7,17.936922174128718,63.158773461040454,0.7491829855841531
297,42,4.2,21.725032227144382,53.1948308240499,0.582988129916936
298,61,6.1000000000000005,56.19268124870515,100.71660930821778,0.29382686840743494
299,64,6.4,28.893398830516794,124.83558351183832,0.6750870687848342
300,47,4.7,21.63647622232345,61.33033971616097,0.6031022942998311
301,38,3.8000000000000003,27.242937529021656,59.47079463506286,0.574468487394878
302,45,4.5,7.344686773977711,18.334153378678668,0.5547215874212857
303,51,5.1000000000000005,9.015623255453486,25.604145070857392,0.5568578521836617
304,55,5.5,24.59377024163815,100.91651013346011,0.7460611450633635
305,62,6.2,27.101595969026896,112.33163162887074,0.6685217033763236
306,37,3.7,24.28789469603879,57.37247714857061,0.6384281181665379
307,48,4.800000000000001,19.867287440916783,21.516743203815267,0.2256299380304998
308,49,4.9,19.867287440916783,21.975678932584923,0.22573954539887897
309,44,4.4,22.777867614238122,61.282821737477434,0.6114669848436001
310,55,5.5,24.961059761046428,101.76660159587803,0.74127535645955
311,39,3.9000000000000004,6.084525633810069,39.05720374927071,1.0
312,32,3.2,23.138358021205732,37.63057116700889,0.5082276572483206
313,51,5.1000000000000005,9.015623255453486,25.604145070857392,0.5568578521836617
314,47,4.7,20.622791218633896,36.6461773344621,0.378079714073198
315,48,4.800000000000001,19.867287440916783,21.516743203815267,0.2256299380304998
316,38,3.8000000000000003,29.220922460727888,67.28158470804082,0.6059247516953812
317,62,6.2,19.082208210916228,41.61623272276059,0.3517567530054199
318,55,5.5,23.134774932279765,98.72589742919052,0.7758953014017878
319,51,5.1000000000000005,24.80479563291514,88.6682614069795,0.7009101734400548
320,40,4.0,24.570390613231606,67.78068996681027,0.6896582459123495
321,41,4.1000000000000005,24.58971818887348,63.41492659089833,0.6290049827846909
322,41,4.1000000000000005,25.319823630232435,76.48377107614319,0.736757829899749
323,45,4.5,8.505531418584287,34.02232516608305,0.8888941009675831
324,60,6.0,32.86621130021078,105.1091018344397,0.5330150006965036
325,51,5.1000000000000005,23.134774932279765,90.6663712777521,0.7684414441213195
326,53,5.300000000000001,31.588195807798265,29.984944298446393,0.17910287420364582
327,70,7.0,22.777700695838476,105.87797844179973,0.6640453175525796
328,33,3.3000000000000003,39.383805540165056,72.25245844054467,0.5559311517926733
329,42,4.2,7.880555706011469,33.47449332456702,1.0
330,52,5.2,22.353785601944164,77.78644932847448,0.6691901241938704
331,48,4.800000000000001,22.86557532499683,79.93953442171372,0.72834684605482
332,52,5.2,24.782947655310398,94.56164641785558,0.7337679220549523
333,36,3.6,27.68974151321229,31.85678928432627,0.3195807418538985
334,63,6.300000000000001,24.141387433601206,99.4613240465815,0.6539604153592172
335,43,4.3,21.1590842992543,43.522706479602256,0.4783552777270157
336,41,4.1000000000000005,21.115865910900133,61.93298237661394,0.7153675592301008
337,37,3.7,22.432600506517307,64.88120326748754,0.7816953873657959
338,54,5.4,19.193945011960558,64.13124599313042,0.6187449561824829
339,53,5.300000000000001,20.627551031662282,77.51470523415338,0.7090233862210028
340,58,5.800000000000001,30.700919579268227,112.93735689528746,0.6342467376300822
341,47,4.7,22.34268506053181,71.60274680309769,0.6818619578671117
342,44,4.4,25.15215727880191,73.86293988875475,0.6674191643611747
343,31,3.1,21.187424949355535,36.41891505946591,0.5544815919838381
344,48,4.800000000000001,21.187424949355535,51.409419093801404,0.5055024699859875
345,58,5.800000000000001,20.48261333138564,51.9820271969735,0.43756225522763925
346,52,5.2,10.175462596978086,45.01046225445015,0.8506599128403672
347,33,3.3000000000000003,22.97376564952297,49.50059449851524,0.6529264892791612
348,40,4.0,23.013288365414358,68.23230350492322,0.7412272251307912
349,63,6.300000000000001,20.383261012226896,93.77775880047955,0.7302736559586652
350,41,4.1000000000000005,18.958848816986418,18.652509486165542,0.2399614344477111
351,51,5.1000000000000005,29.79984421581314,75.83803191371936,0.4990026870050752
352,54,5.4,16.45652882324929,60.267450917043575,0.6781891356665907
353,33,3.3000000000000003,4.4369809827708675,24.362599415461947,1.0
354,40,4.0,17.632829949231315,45.933151575119034,0.6512447478279209
355,41,4.1000000000000005,29.554841538861513,47.08943001154337,0.3886072884871293
356,42,4.2,20.670790271166954,23.623219563291357,0.27210261498049687
357,38,3.8000000000000003,23.580686982382346,64.53481051476936,0.7202014464207929
358,50,5.0,20.376734770894988,74.74974994856458,0.7336774099384463
359,60,6.0,15.406150974241728,62.778516499175986,0.6791499123103315
360,60,6.0,24.072536134263878,112.40142654783925,0.7782134373719739
361,35,3.5,21.748540193523713,55.49020151986767,0.7289842513711277
362,60,6.0,24.072536134263878,112.40142654783925,0.7782134373719739
363,52,5.2,38.81314608516843,93.70378918599035,0.46427464084727255
364,40,4.0,15.448337534622235,13.439226068411969,0.21748660718819224
365,37,3.7,21.069347253400785,17.266563912407044,0.22148948608229468
366,44,4.4,21.790661216671825,31.314562334500227,0.3266053248383569
367,38,3.8000000000000003,22.413186440112238,72.01027510882196,0.8454876528909788
368,43,4.3,19.728560393731765,23.335512111695728,0.27507649688995794
369,57,5.7,18.793120709290346,67.85992073828635,0.6334897453431243
370,53,5.300000000000001,18.651841561312683,30.52083591780977,0.3087442206416597
371,40,4.0,18.11027454844268,16.69615413425642,0.23047903124820573
372,40,4.0,18.65978791446509,15.261861166714903,0.2044752764162433
373,32,3.2,19.024669609274454,16.915317391793355,0.27785169432632356
374,40,4.0,15.745897636810549,22.79897722182566,0.3619828120901554
375,39,3.9000000000000004,14.088529563576605,19.081071318513636,0.3472741684846497
376,35,3.5,20.746562122882274,27.19834336638532,0.3745659257428363
377,40,4.0,17.094219977143958,78.19831048562567,1.0
378,48,4.800000000000001,11.618542302959805,11.008144401526174,0.1973882228238209
379,47,4.7,21.74927059271409,26.750636053404225,0.26169267001167085
380,44,4.4,36.974278740363985,41.82917703048158,0.2571147150711852
381,41,4.1000000000000005,10.214331415285658,3150.424382671761,1.0
382,36,3.6,33.65378742032769,28.76239593933074,0.23740431731514386
383,34,3.4000000000000004,27.60042429093403,30.58208581221919,0.32589104524003487
384,40,4.0,17.203825436572018,11.479711677777694,0.16681917228382878
385,41,4.1000000000000005,34.9424010850028,71.45709833189575,0.4987797068197285
386,52,5.2,20.50920812308458,33.427308677693894,0.31343621622468526
387,50,5.0,30.116600594943314,46.02643154746661,0.3056548922403587
388,30,3.0,16.462359438957236,25.79769220325388,0.5223571242205033
389,50,5.0,19.112228816761228,33.75691568329445,0.35324938819997787
390,43,4.3,19.756402438624665,23.43586265235564,0.2758700949607861
391,45,4.5,28.176488582142028,27.77250380763752,0.21903607665008612
392,37,3.7,20.976749469058802,14.077916599840965,0.18138379017652725
393,45,4.5,22.861930907660884,28.420276588678856,0.27625037645398925
394,49,4.9,18.957418133230515,21.204588425020603,0.22827301666827607
395,34,3.4000000000000004,18.68548599445373,8.665391796966647,0.13639702210170798
396,40,4.0,15.448337534622235,13.428274648808816,0.21730938068115535
397,44,4.4,21.280991450460267,33.71035684422652,0.3600135245183093
398,40,4.0,14.891555300749612,16.422667063452817,0.27570436283821426
399,44,4.4,15.46986277267262,13.183030034901194,0.19367613234701297
400,40,4.0,32.770139325928035,17.052419782828636,0.13009114496910762
401,40,4.0,36.8136718908347,16.480574167120324,0.11191884238001942
402,42,4.2,19.115669362178217,51.34397464408907,0.6395149254792956
403,43,4.3,18.02305623127866,13.419289924884486,0.17315404550501923
404,43,4.3,19.728560393731765,23.335512111695728,0.27507649688995794
405,50,5.0,15.8756296828935,38.46203961266542,0.484541909592531
406,46,4.6000000000000005,15.8756296828935,35.32287976116957,0.48369022570968173
407,53,5.300000000000001,12.552673122791642,2260.456418775775,1.0
408,40,4.0,18.11027454844268,16.69615413425642,0.23047903124820573
409,40,4.0,24.467420208143025,12067.225777011961,1.0
410,40,4.0,22.863082199233894,29.19776965204983,0.3192676450796756
411,55,5.5,19.451511768106677,31.83435479946712,0.2975637358163759
412,44,4.4,25.18536491261749,23.29081070168002,0.21017627050191134
413,43,4.3,21.64553879129614,39.67174169136467,0.4262303899574031
414,41,4.1000000000000005,20.976749469058802,16.388483879716187,0.19055341229443723
415,56,5.6000000000000005,30.434960433635936,40.78048557107789,0.23927185915496624
416,41,4.1000000000000005,24.99030306628895,14.140251428066351,0.13800720233664823
417,54,5.4,22.34026878420851,18.343092279724097,0.1520513908539348
418,40,4.0,17.891008797739193,28.444044015666556,0.39746283087263506
419,42,4.2,10.712316422909252,20.502313024186485,0.45569071228677
420,43,4.3,25.33876410475218,31.679920950771496,0.2907570174482927
421,69,6.9,17.782440672617252,99.40652082200755,0.8101667489492388
422,42,4.2,23.98964740072671,27.80309145666767,0.27594335046201796
423,35,3.5,22.35371970995544,62.9156363798367,0.804156817825672
424,48,4.800000000000001,23.150072939286147,25.527056478137514,0.22972440649435974
425,33,3.3000000000000003,21.64553879129614,25.863954801645285,0.3620867161900439
426,39,3.9000000000000004,29.441305768971592,30.50255992104458,0.2656529323766284
427,44,4.4,44.89086400946654,11.25867940110036,0.05700025672122861
428,40,4.0,21.01098899332878,13.415751990692957,0.15962780232468599
429,45,4.5,17.782440672617252,62.24818524977247,0.7778982823660414
430,45,4.5,13.965428480164242,16.970004992348684,0.2700319740191444
431,32,3.2,57.95332464336484,19.8831007058071,0.107215056406192
432,40,4.0,36.8136718908347,16.480574167120324,0.11191884238001942
433,34,3.4000000000000004,22.17095322201647,13.440324955714939,0.17829800604853432
434,60,6.0,24.640398490423443,100.54770167856098,0.6801006195688428
435,47,4.7,15.875621340918565,18.651886230618434,0.24997361343067018
436,43,4.3,17.749149266968384,6385.334198510143,1.0
437,58,5.800000000000001,22.697222263264234,29.08116565450163,0.22090782828864342
438,56,5.6000000000000005,19.451511768106677,32.708227272735904,0.3002725412689054
439,44,4.4,19.451522607951656,34.32895087546486,0.4011014688736477
440,40,4.0,15.448337534622235,13.439226068411969,0.21748660718819224
441,44,4.4,44.89086400946654,11.25867940110036,0.05700025672122861
442,51,5.1000000000000005,35.02552983171192,676.9459306320224,1.0
443,84,8.4,35.02552983171192,897.6923524750571,1.0
444,50,5.0,18.202096568267578,42.92553502932244,0.4716548433673975
445,42,4.2,20.284191065289164,20.248460782963004,0.23767583709224638
446,34,3.4000000000000004,25.13795222743941,29.151186769541273,0.3410730668932906
447,32,3.2,63.42852463497897,23.924533706268832,0.11787152272947533
448,43,4.3,25.33876410475218,31.679920950771496,0.2907570174482927
449,46,4.6000000000000005,17.90167596505922,19.2787021208846,0.23411339856516275
450,44,4.4,22.368549909013847,74.00404481262063,0.7519084233082015
451,45,4.5,30.712933417504225,22.761796193604034,0.16469208144830608
452,59,5.9,41.98454917811958,92.24913635890373,0.3724095446198249
453,45,4.5,23.322002662739667,19.9664673183157,0.19024921665463307
454,43,4.3,14.014035861508573,21.821729102283754,0.3621241426532961
455,44,4.4,22.209666422065464,23.179409912678413,0.23719616527842435
456,43,4.3,13.940070526787483,43.09486927411079,0.7189391619380734
457,47,4.7,17.828327182823575,49.45112424440093,0.590157208176987
458,50,5.0,17.519667007192478,26.29279933214654,0.30015181591467877
459,46,4.6000000000000005,21.95086946134014,59.936731472893875,0.5935857919516919
460,51,5.1000000000000005,39.53619982523054,14.865295800014595,0.07372392630653662
461,34,3.4000000000000004,24.40845166582183,12.808124163922523,0.15433569461536414
462,33,3.3000000000000003,16.812625508743977,30.45409499970044,0.5489037765977276
463,40,4.0,22.29186763553999,60.00303174153607,0.6729251303945599
464,39,3.9000000000000004,34.9424010850028,67.70215385964214,0.49680405729554006
465,44,4.4,38.60788565232792,5.869908411515778,0.034554342227903725
466,57,5.7,10.795155555289876,41.646841630204335,0.6768279907106257
467,41,4.1000000000000005,7.185879529846498,17.408431060644784,0.5908753100638072
468,41,4.1000000000000005,57.95332464336484,23.04238735853555,0.09697622202482305
469,43,4.3,21.069347253400785,18.51601367810145,0.20437508769459847
470,53,5.300000000000001,19.688011647191143,62.68279786852679,0.6007180006798193
471,49,4.9,19.044451320879528,81.6445371971018,0.8749084007540004
472,58,5.800000000000001,22.697222263264234,29.08116565450163,0.22090782828864342
473,49,4.9,20.38050667238687,58.48831984807732,0.5856768920226325
474,34,3.4000000000000004,16.45940145414742,38.54900117301523,0.6888428812590961
475,43,4.3,13.52814485896982,44.53592646429113,0.7656032892145306
476,45,4.5,25.18536491261749,24.29591082833208,0.21437415395478518
477,57,5.7,25.116179047031846,43.14868334070844,0.30139713654545375
478,37,3.7,18.793120709290346,45.75382053764127,0.6580012779087132
479,47,4.7,20.554413663518243,21.31234702032383,0.22061159191644247
480,46,4.6000000000000005,23.534854997788326,7166.900448514927,1.0
481,42,4.2,24.24013141514624,38.49073332956702,0.3780697455640542
482,40,4.0,10.632467880986527,26.989154059055608,0.6345928894673378
483,47,4.7,14.238694005773537,29.436384851890356,0.4398620129237711
484,40,4.0,26.47721863443257,25.029272840269403,0.2363283808794764
485,40,4.0,23.695228669687115,37.958985873607304,0.4004918711986051
486,46,4.6000000000000005,14.447727329560134,26.991147454994557,0.40612897912881746
487,53,5.300000000000001,24.394172592519645,35.73050660148237,0.2763612905327601
488,47,4.7,18.80987715576067,33.67767150667536,0.3809414576906159
489,40,4.0,15.475922328181342,25.11546859575216,0.4057184454528018
490,57,5.7,20.91804743020926,67.95315774156433,0.5699196667902293
491,41,4.1000000000000005,11.339407793863987,10.66022594436947,0.22929372994150068
492,41,4.1000000000000005,19.462642735240312,27.419391738786455,0.34361502765223817
493,56,5.6000000000000005,17.71867809415621,54.91204238966975,0.5534115921735827
494,40,4.0,28.19555122779667,44.417036654407184,0.39383018526180213
495,53,5.300000000000001,16.256997729172532,26.159187458236186,0.3036043818828926
496,40,4.0,32.77258061412977,17.053286022632065,0.13008806220831756
497,40,4.0,14.891555300749612,16.422667063452817,0.27570436283821426
498,59,5.9,41.98454917811958,92.24913635890373,0.3724095446198249
499,41,4.1000000000000005,11.88165277543854,8.318918962358147,0.1707678774420769
500,41,4.1000000000000005,16.320902125772204,14.94897504253288,0.22340011879802854
501,43,4.3,19.756402438624665,23.43586265235564,0.2758700949607861
502,45,4.5,22.861930907660884,28.420276588678856,0.27625037645398925
503,41,4.1000000000000005,11.645411461255609,12.381652373763211,0.2593223282114388
504,51,5.1000000000000005,39.53619982523054,14.865295800014595,0.07372392630653662
505,48,4.800000000000001,23.150072939286147,25.527056478137514,0.22972440649435974
506,43,4.3,16.163596729637348,36.97481135665693,0.5319851443083083
507,34,3.4000000000000004,25.13795222743941,29.151186769541273,0.3410730668932906
508,38,3.8000000000000003,25.13795222743941,33.57504097617361,0.3514819751049012
509,31,3.1,15.142744121019303,30.64390472744925,0.6527965128539922
510,57,5.7,10.795155555289876,41.646841630204335,0.6768279907106257
511,47,4.7,17.749149266968384,6385.334198510143,1.0
512,40,4.0,16.153326269893242,22.30715182719255,0.3452408416458609
513,50,5.0,7.185879529846498,19.250238184120988,0.5357795967540303
514,43,4.3,18.436904211799742,29.73030306427298,0.37501002820259566
515,39,3.9000000000000004,23.26499832569791,12.706009521889449,0.14003659548344713
516,41,4.1000000000000005,11.88165277543854,8.318918962358147,0.1707678774420769
517,47,4.7,20.554413663518243,21.31234702032383,0.22061159191644247
518,40,4.0,22.863082199233894,29.19776965204983,0.3192676450796756
519,45,4.5,24.506905983723865,15.909831091963664,0.14426619267174998
520,50,5.0,7.185879529846498,19.250238184120988,0.5357795967540303
521,55,5.5,19.451511768106677,31.83435479946712,0.2975637358163759
522,46,4.6000000000000005,14.03488595066814,34.42292048091178,0.5331887704046973
523,48,4.800000000000001,11.618542302959805,11.008144401526174,0.1973882228238209
524,52,5.2,20.45619958392911,23.560771079758577,0.22149361110544635
525,36,3.6,14.098346924272855,18.510536155329962,0.36471053140635945
526,22,2.2,19.834381655494653,15.257029947403675,0.34964607079318916
527,37,3.7,9.846777374742452,34.808646760976444,0.9554133306560652
528,50,5.0,30.116600594943314,46.02643154746661,0.3056548922403587
529,43,4.3,18.02305623127866,13.419289924884486,0.17315404550501923
530,33,3.3000000000000003,21.156783408536118,10.24130565393495,0.14668704102182778
531,40,4.0,24.467420208143025,12067.225777011961,1.0
532,33,3.3000000000000003,15.723168785318414,10.53274976358995,0.20299612604701667
533,40,4.0,15.795596183231638,25.664034138161878,0.4061897037701942
534,46,4.6000000000000005,18.5720063746153,35.33002935605791,0.4135493499968987
535,43,4.3,18.31300309046736,14.34905811552601,0.1822197180298456
536,43,4.3,19.728560393731765,23.335512111695728,0.27507649688995794
537,44,4.4,11.922521183705404,12.25496206435397,0.23360987228071498
538,45,4.5,22.861930907660884,28.420276588678856,0.27625037645398925
539,40,4.0,15.745897636810549,22.79897722182566,0.3619828120901554
540,42,4.2,41.62638322290361,37.16042414549592,0.21255077548446977
541,42,4.2,18.83349646719888,30.63781577635123,0.38732680650632983
542,31,3.1,25.86431107561483,19.180279411454,0.2392171548212624
543,35,3.5,26.603069962908716,32.30241935187439,0.3469247227794384
544,46,4.6000000000000005,31.500981331669475,57.16731600737166,0.3945171504994586
545,41,4.1000000000000005,34.9424010850028,71.45709833189575,0.4987797068197285
546,42,4.2,19.521486817627412,14.34756623827076,0.174991138303238
547,43,4.3,18.31300309046736,14.34905811552601,0.1822197180298456
548,31,3.1,10.429980098891908,13685.072073918513,1.0
549,53,5.300000000000001,12.552673122791642,2260.456418775775,1.0
550,42,4.2,39.53619982523054,6.5099428546458755,0.03920423310320684
551,48,4.800000000000001,19.978982044145262,33.29499531639545,0.3471877266947681
552,48,4.800000000000001,21.64553879129614,47.53096999789308,0.45747465617300864
553,48,4.800000000000001,13.124353883938753,28.672115117739295,0.4551353437296237
554,34,3.4000000000000004,21.74927059271409,15.702860964891359,0.2123514211383653
555,45,4.5,20.97710862683077,21.968989257302244,0.23272976746135132
556,35,3.5,17.203825436572018,10.730810963972015,0.1782130376182892
557,46,4.6000000000000005,26.46698884082929,21.529987325196977,0.1768403672727767
558,43,4.3,25.850453408026095,77.52832479199974,0.697467185209437
559,42,4.2,23.29799923272557,33.63745814098736,0.3437599308419262
560,39,3.9000000000000004,17.094219977143958,76.0293649532782,1.0
561,46,4.6000000000000005,14.447727329560134,26.991147454994557,0.40612897912881746
562,40,4.0,16.29793616083244,27.72108420860648,0.42522384329904306
563,40,4.0,13.768634307001244,24.27589949703697,0.44078263239028836
564,40,4.0,22.20434758084064,26.256691438293625,0.2956255677260881
565,53,5.300000000000001,18.651841561312683,30.52083591780977,0.3087442206416597
566,64,6.4,35.02552983171192,889.9835950422159,1.0
567,31,3.1,35.02552983171192,669.2371731991813,1.0
568,45,4.5,25.18536491261749,24.29591082833208,0.21437415395478518
569,51,5.1000000000000005,20.97710862683077,26.673443624426024,0.24932354016091762
570,59,5.9,41.98454917811958,92.24913635890373,0.3724095446198249
571,40,4.0,18.00933649395585,36.81447607661771,0.5110470906156521
572,61,6.1000000000000005,39.53619982523054,15.6948663066291,0.06507779994282946
573,35,3.5,21.891809816718936,34.784388780309534,0.4539778518806666
574,40,4.0,23.201781982189384,62.30853361309003,0.6713765957817436
575,34,3.4000000000000004,21.44670459566575,57.33853877314386,0.7863341444613529
576,51,5.1000000000000005,20.148290533777452,68.12570698930982,0.6629833801639836
577,45,4.5,17.186166191365622,47.147626697257884,0.6096327860737328
578,36,3.6,23.777743247661693,44.33749904932093,0.5179621896773512
579,47,4.7,20.301600714611567,76.14797522532093,0.7980502170348812
580,52,5.2,29.712337744770917,86.21305292233606,0.5579982765648662
581,49,4.9,26.5571787496918,60.052628751154195,0.46148119256778886
582,42,4.2,23.896739913141577,62.99679235845813,0.6276687251207352
583,40,4.0,20.87907125552344,36.28613936031563,0.43447980655169627
584,46,4.6000000000000005,21.30137533691711,72.81753825117681,0.7431397911845846
585,36,3.6,18.62171346354627,59.18266987865985,0.8828205070404536
586,51,5.1000000000000005,20.82358132443866,62.46832096744518,0.5882124786766837
587,44,4.4,18.512322376759094,68.6810938238517,0.8431864564446683
588,33,3.3000000000000003,22.749023961519363,28.938296607741957,0.38547503422820073
589,43,4.3,13.447404139074767,19.006094521653498,0.32868960701020455
590,43,4.3,22.562051256273005,393.11771010696623,1.0
591,41,4.1000000000000005,20.820477969888017,74.37134185975542,0.8712264770936303
592,91,9.1,21.817587715471785,141.23804485840446,0.7113831498038606
593,47,4.7,33.84608587021854,99.95057211463687,0.6283172374752851
594,36,3.6,25.25881926739205,57.55209326074581,0.6329152761731607
595,42,4.2,19.902662222263654,48.447856770941954,0.5795809557667028
596,35,3.5,17.58031520179319,43.87756042574315,0.7130956238286271
597,56,5.6000000000000005,24.878988166730522,101.20416993416838,0.726403062753859
598,57,5.7,27.268564672406445,90.41703414207181,0.5817188311651847
599,43,4.3,40.170859432699984,8923.89459202366,1.0
600,43,4.3,21.670658261086135,40.65864853291156,0.4363272931028506
601,36,3.6,20.202541717582523,47.35593276572576,0.6511272666650996
602,47,4.7,25.156267059509936,88.58949736127096,0.7492697219827306
603,57,5.7,28.886512848466506,96.3761334058803,0.5853283042046592
604,34,3.4000000000000004,20.595988076754345,50.8113207136485,0.7256027745091128
605,37,3.7,22.453925489466062,40.43946774156374,0.48675613006847135
606,31,3.1,21.26037624815694,58.74034721413798,0.8912588789663342
607,43,4.3,21.670658261086135,40.65864853291156,0.4363272931028506
608,53,5.300000000000001,24.541675879040096,70.69278349459144,0.5434943034231396
609,40,4.0,17.20399606805212,39.87266870833395,0.579409989263739
610,30,3.0,23.82690188911473,41.2179124874643,0.5766299045687039
611,40,4.0,24.863065559848074,40.52111421191546,0.40744286051911793
612,36,3.6,24.257006670210735,61.239380473518466,0.7012793974003557
613,51,5.1000000000000005,20.205492445918534,71.93527250343385,0.6980753095022604
614,42,4.2,22.672598220708476,36.58999614485833,0.38424814656031325
615,46,4.6000000000000005,45.98281558545989,41.11944930375071,0.19439894239606453
616,32,3.2,19.342944178586237,40.76918796841766,0.6586572924216393
617,32,3.2,18.807363182684767,46.98842474139173,0.7807518039107053
618,40,4.0,21.803106456364336,57.10795046758654,0.6548143791101463
619,41,4.1000000000000005,12.80554815429139,28.224436533440294,0.5375801822500059
620,39,3.9000000000000004,19.84435703820908,45.24642424478882,0.5846320553452696
621,41,4.1000000000000005,21.319959845165133,66.50506632797214,0.7608245044865662
622,34,3.4000000000000004,21.670658261086135,31.22236517931721,0.42375494419761406
623,44,4.4,79.51741163340685,68.94074064566496,0.1970430101394227
624,49,4.9,21.77818703836228,79.93051888544795,0.7490224399402188
625,41,4.1000000000000005,11.563093840324752,13.350422433398448,0.28160288573947656
626,49,4.9,26.5571787496918,60.052628751154195,0.46148119256778886
627,51,5.1000000000000005,24.248906464844,77.8009784940219,0.6291044028923131
628,69,6.9,24.040215068829404,84.48117840997735,0.509298648529954
629,49,4.9,24.878988166730522,87.08950880886958,0.7143927649129531
630,50,5.0,19.707046301874637,75.56218038057759,0.7668544461012375
631,48,4.800000000000001,34.155182342735024,89.6581484656238,0.5468798480682496
632,73,7.300000000000001,27.430655005767,107.57133319850202,0.5372018664953463
633,32,3.2,21.142581648969465,43.38014664630607,0.6411845086870651
634,56,5.6000000000000005,23.479212073479935,66.58767706246033,0.5064333752377974
635,44,4.4,79.51741163340685,68.94074064566496,0.1970430101394227
636,35,3.5,27.442895495910204,40.27312084582375,0.4192927075666802
637,43,4.3,40.170859432699984,8923.89459202366,1.0
638,42,4.2,16.31223717839528,49.43953409803902,0.7216249686450581
639,52,5.2,22.749023961519363,47.32487747215591,0.40005839330993276
640,52,5.2,20.626445054958936,81.70823249676351,0.7617949478024713
641,40,4.0,34.84638837054283,107.73798327520056,0.7729494239801632
642,51,5.1000000000000005,15.904955371433863,21.58145382719543,0.2660590686583035
643,41,4.1000000000000005,34.82665844478396,57.8225476337736,0.4049501453273534
644,50,5.0,21.76332537462441,80.36873089311976,0.7385703196518676
645,41,4.1000000000000005,41.77134948803581,72.63064961839757,0.42408954479497846
646,41,4.1000000000000005,12.80554815429139,28.224436533440294,0.5375801822500059
647,53,5.300000000000001,24.541675879040096,70.69278349459144,0.5434943034231396
648,49,4.9,33.249256086273625,74.92481465052028,0.4598833267255777
649,42,4.2,23.31629221653929,66.07266804524329,0.6747036571561199
650,52,5.2,21.142581648969465,73.8209099713696,0.671456734865676
651,41,4.1000000000000005,17.349592344583176,32.419185548125355,0.4557524043981798
652,52,5.2,19.167497205113513,90.55333756485068,0.9085225468670035
653,64,6.4,18.863062368131416,41.25487984989366,0.34173003570387045
654,42,4.2,20.859947053873196,50.95090784358901,0.5815531795386504
655,44,4.4,37.124370662134595,26.90189956407155,0.16469149439291758
656,46,4.6000000000000005,18.2967406039103,54.69065204424724,0.6498027403302139
657,40,4.0,16.932758675898302,1159.483330644082,1.0
658,54,5.4,17.40152070210943,1185.1151108015206,1.0
659,57,5.7,27.268564672406445,90.41703414207181,0.5817188311651847
660,43,4.3,40.170859432699984,8923.89459202366,1.0
661,31,3.1,21.7732515467439,58.51903016433972,0.866986102838127
662,40,4.0,23.5718385368671,65.77471451028035,0.6975984754796131
663,47,4.7,18.326184728610407,60.14233727022676,0.69824909886516
664,49,4.9,14.111902825819609,57.76649917149633,0.8353998471418738
665,41,4.1000000000000005,19.02533300461741,29.836572764002586,0.38250120865178855
666,41,4.1000000000000005,18.15435219726013,6885.885496077313,1.0
667,50,5.0,33.99133720553137,53.83549866347231,0.3167601106008369
668,48,4.800000000000001,17.361080858416162,64.93514689238995,0.7792231205480026
669,47,4.7,20.202541717582523,62.33946465300106,0.656536987723365
670,53,5.300000000000001,34.155182342735024,97.96689465698061,0.5411863875038518
671,52,5.2,19.445040221585895,45.82952102002515,0.4532451116837604
672,41,4.1000000000000005,20.82358132443866,51.12667045760411,0.5988364551476609
673,45,4.5,21.056576221234177,41.36456060748526,0.4365441220292743
674,40,4.0,24.863065559848074,40.52111421191546,0.40744286051911793
675,37,3.7,17.826549819846825,35.86451968911166,0.5437459030180931
676,56,5.6000000000000005,23.713561155234892,68.09136774787413,0.5127518693849228
677,42,4.2,54.81036357348074,57.799847289903134,0.25108150183875777
678,41,4.1000000000000005,26.6347460538643,40.116287126206686,0.3673569950656608
679,44,4.4,37.124370662134595,26.90189956407155,0.16469149439291758
680,46,4.6000000000000005,16.43651536704824,60.83025849959311,0.8045482234971325
681,44,4.4,40.346901579192114,53.915040906912246,0.3037015956202691
682,31,3.1,17.574158326922902,31.53032843253722,0.5787516817993814
683,65,6.5,23.479212073479935,75.62746146140663,0.49554448567409576
684,50,5.0,16.33727566735415,56.189288762485475,0.6878660788562849
685,34,3.4000000000000004,32.145658166638455,6489.804098249858,1.0
686,40,4.0,21.683483203900963,60.62895319427143,0.6990222998785084
687,40,4.0,34.84638837054283,107.73798327520056,0.7729494239801632
688,51,5.1000000000000005,27.839527720047517,98.14245845003353,0.6912336838986899
689,52,5.2,25.301781050796432,96.35497100395722,0.7323516901416847
690,56,5.6000000000000005,23.479212073479935,66.58767706246033,0.5064333752377974
691,49,4.9,25.17797065489648,62.96350547559072,0.510354673581271
692,55,5.5,19.84435703820908,70.0685199929933,0.6419825486553886
693,44,4.4,37.124370662134595,26.90189956407155,0.16469149439291758
694,45,4.5,21.504174559094743,64.54206952001951,0.666971990770692
695,63,6.300000000000001,112.7691552393321,111.81489637745742,0.15738697530120102
696,53,5.300000000000001,22.562051256273005,410.8637104372747,1.0
697,55,5.5,21.227675660408078,95.78844164003905,0.8204421707211119
698,43,4.3,56.816490175900555,122.56100669514089,0.5016599865338763
699,61,6.1000000000000005,40.676482243397,146.9066172452456,0.5920632925755694
700,45,4.5,23.61952352879811,62.99867418092907,0.5927175184745217
701,43,4.3,16.68895642572141,40.35395316678482,0.5623263691240441
702,46,4.6000000000000005,16.47965512795604,21.60648978701661,0.28502192313535973
703,48,4.800000000000001,20.078439079232716,75.2721014882088,0.7810212610731873
704,42,4.2,16.066880678258727,40.58957593944415,0.6014972626618196
705,42,4.2,22.666623601685547,69.44513521520149,0.7294670919752622
